artist,total_streams,chart_appearances,avg_position,stream_score,appearance_score,position_score,dominance_score,rank
Bad Bunny,32742325043.97027,128771,81.56,100.0,100.0,68.58,90.57,1
Ed Sheeran,29119023398.866566,100748,93.7,88.93,78.22,63.05,77.95,2
Drake,31224485314.333263,79907,90.55,95.36,62.02,64.49,76.1,3
The Weeknd,28810531232.999996,83741,89.33,87.99,65.0,65.04,74.21,4
Justin Bieber,21833504354.01665,78171,77.84,66.68,60.67,70.28,65.96,5
Ariana Grande,20301695252.500027,63111,86.6,62.0,48.97,66.29,59.38,6
Post Malone,22287962208.799976,53803,91.36,68.07,41.74,64.12,58.99,7
J Balvin,14388948473.558596,87806,80.13,43.95,68.16,69.24,58.8,8
Dua Lipa,16614382988.999933,57861,88.24,50.74,44.89,65.54,53.43,9
Billie Eilish,17479689664.5,42601,99.15,53.39,33.03,60.56,49.43,10
Ozuna,10044307104.183111,72738,85.14,30.68,56.45,66.95,49.29,11
Imagine Dragons,11005701199.083332,52175,96.97,33.61,40.47,61.56,44.05,12
Maluma,9370374389.24997,51411,89.16,28.62,39.88,65.12,42.95,13
Travis Scott,12961373299.158365,38032,102.23,39.59,29.48,59.16,42.43,14
Khalid,10990232184.000011,40657,94.59,33.57,31.52,62.64,41.68,15
Daddy Yankee,7173702139.06315,54047,84.83,21.91,41.93,67.09,41.47,16
Harry Styles,13552630724.0,23640,92.56,41.39,18.29,63.57,41.11,17
XXXTENTACION,13125418322.249998,31962,112.05,40.09,24.76,54.68,39.87,18
Shawn Mendes,10163604138.5,35289,91.62,31.04,27.35,64.0,39.82,19
Taylor Swift,12831381986.166677,23977,97.05,39.19,18.56,61.52,39.7,20
Olivia Rodrigo,12796772990.5,18103,88.14,39.08,13.99,65.58,39.5,21
Juice WRLD,13183938432.333323,26662,108.23,40.27,20.64,56.42,39.23,22
Sam Smith,8483978795.833338,42449,97.54,25.91,32.91,61.3,38.63,23
Selena Gomez,7887479986.41666,38454,85.75,24.09,29.81,66.67,38.58,24
Rauw Alejandro,7947310538.714271,35995,83.65,24.27,27.9,67.63,38.37,25
Anuel AA,5846106119.632553,47372,84.51,17.85,36.74,67.24,38.33,26
Farruko,5390465542.258917,53727,92.19,16.46,41.68,63.74,38.21,27
Calvin Harris,5766325264.716689,42210,79.41,17.61,32.73,69.57,37.73,28
The Chainsmokers,7564498947.250003,37793,88.34,23.1,29.29,65.49,37.67,29
Lil Nas X,9037701111.333334,18558,71.16,27.6,14.35,73.33,37.34,30
Maroon 5,7620826000.833335,36827,89.63,23.27,28.54,64.9,37.34,31
Doja Cat,9988065998.500006,22545,88.4,30.5,17.44,65.47,37.07,32
Camila Cabello,7495148011.899981,31232,85.24,22.89,24.2,66.91,36.49,33
BTS,8899024220.999987,30373,96.48,27.18,23.53,61.78,36.47,34
Nicky Jam,4434735175.404551,48494,87.82,13.54,37.61,65.73,36.42,35
KAROL G,7523171222.900018,28773,84.34,22.98,22.28,67.32,36.07,36
Halsey,7533684818.250014,28530,92.95,23.01,22.1,63.39,34.85,37
Coldplay,6389455664.5,38328,105.21,19.51,29.71,57.8,34.06,38
Sia,5944974619.949996,33721,94.61,18.16,26.13,62.63,33.89,39
Sech,4190348416.1023707,35856,84.1,12.8,27.79,67.43,33.69,40
Cardi B,6335673074.980946,25672,87.55,19.35,19.87,65.85,33.46,41
Avicii,5340036861.166661,31651,89.27,16.31,24.52,65.07,33.4,42
David Guetta,4112097961.8190446,36366,87.59,12.56,28.19,65.84,33.23,43
Eminem,7857041686.566665,38983,126.92,24.0,30.22,47.9,33.04,44
Rihanna,5427745509.666652,30177,90.41,16.58,23.38,64.55,33.01,45
SZA,7390128066.5,14788,82.72,22.57,11.42,68.06,32.87,46
Myke Towers,4380797230.240811,34343,90.36,13.38,26.61,64.57,32.71,47
Lewis Capaldi,7609197340.5,16766,89.59,23.24,12.95,64.92,32.66,48
Bruno Mars,6203710219.266682,31944,103.28,18.95,24.75,58.68,32.61,49
Nicki Minaj,5097893001.245221,30444,91.4,15.57,23.58,64.1,32.53,50
Kendrick Lamar,7478048316.416669,20510,97.67,22.84,15.86,61.24,32.27,51
Kygo,3999111278.166665,34570,91.66,12.21,26.79,63.98,32.11,52
Jason Derulo,4410616639.583311,25761,83.5,13.47,19.94,67.7,31.68,53
DaBaby,6200940250.716675,17961,87.35,18.94,13.88,65.94,31.52,54
Manuel Turizo,4179855466.709525,25721,86.07,12.77,19.91,66.53,31.04,55
Marshmello,5026825155.833332,24468,93.04,15.35,18.94,63.35,30.83,56
Sebastian Yatra,3883821467.709516,29437,91.79,11.86,22.8,63.92,30.76,57
Charlie Puth,4712404231.666663,23022,89.15,14.39,17.81,65.12,30.64,58
21 Savage,6023443366.450004,16824,90.48,18.4,13.0,64.52,30.62,59
Fabio Asher,265674353.0,220,12.67,0.81,0.09,100.0,30.35,60
Tones And I,5298908015.5,8650,74.72,16.18,6.64,71.7,29.97,61
Adele,6478916982.0,20525,105.53,19.79,15.87,57.65,29.97,62
DJ Snake,2975361943.24523,23972,80.51,9.09,18.55,69.06,29.92,63
Future,5808723723.795231,20613,100.19,17.74,15.94,60.09,29.91,64
Glass Animals,3771037644.0,4889,55.64,11.52,3.72,80.4,29.84,65
Bebe Rexha,3798207895.166671,24019,89.09,11.6,18.59,65.15,29.76,66
Ellie Goulding,3073332713.83334,22601,82.95,9.39,17.49,67.95,29.39,67
The Kid LAROI,4212964713.333333,9187,71.1,12.87,7.06,73.35,29.27,68
Camilo,3631010746.0666623,20659,86.49,11.09,15.98,66.34,29.13,69
Rovalio,7150998.5,112,19.73,0.02,0.01,96.78,29.04,70
Wisin,2325386038.723484,28339,88.8,7.1,21.95,65.28,29.01,71
Roddy Ricch,4939774375.583334,11235,83.29,15.09,8.65,67.8,28.97,72
OneRepublic,4132554272.5,20104,93.11,12.62,15.55,63.32,28.71,73
Daft Punk,3238336696.2500057,18331,83.02,9.89,14.17,67.92,28.58,74
Miley Cyrus,4416173822.433337,12325,84.46,13.49,9.5,67.26,28.42,75
Feid,3348893571.7500057,17623,84.6,10.23,13.62,67.2,28.34,76
Zion & Lennox,2438337822.871432,25441,90.66,7.45,19.69,64.44,28.22,77
Robin Schulz,2065840129.0000021,22766,82.98,6.31,17.62,67.94,28.19,78
Jack Harlow,3923123021.5833335,8526,75.79,11.98,6.55,71.22,28.12,79
Twenty One Pilots,4292812839.0,13422,87.76,13.11,10.35,65.76,28.08,80
Zara Larsson,3448682237.833332,16944,86.59,10.53,13.09,66.29,28.03,81
Major Lazer,2009977002.9500105,19576,80.47,6.14,15.14,69.08,27.72,82
Jhayco,2455950678.780969,13234,73.69,7.5,10.21,72.17,27.71,83
Swae Lee,3817584164.733338,15737,90.37,11.66,12.15,64.57,27.68,84
Måneskin,3937774841.0,8699,79.52,12.03,6.68,69.52,27.67,85
Dj Win,58070286.33333331,103,31.25,0.18,0.0,91.53,27.53,86
Young Thug,4055556619.149996,16711,95.33,12.39,12.91,62.31,27.52,87
Kim Petras,356347951.0,546,34.76,1.09,0.35,89.93,27.52,88
Lil Uzi Vert,6674433140.083333,10873,109.2,20.38,8.37,55.98,27.46,89
Maldy,117076692.5,211,32.59,0.36,0.09,90.92,27.45,90
Clean Bandit,2340682574.6666703,18485,83.53,7.15,14.29,67.69,27.45,91
GoonRock,7260226.333333331,262,31.63,0.02,0.13,91.35,27.45,92
Shakira,2928607410.9284315,14297,81.83,8.94,11.03,68.46,27.42,93
Demi Lovato,3508053454.3333287,16275,91.14,10.71,12.57,64.22,27.32,94
MC Tairon,58093819.33333331,104,32.88,0.18,0.0,90.78,27.31,95
Lenny Tavárez,1410449865.2452412,26070,89.89,4.31,20.18,64.79,27.22,96
Lady Gaga,3822747316.5,16784,95.99,11.67,12.97,62.0,27.16,97
Ylvis,73575308.5,442,34.77,0.22,0.27,89.92,27.15,98
Phương Anh Đào,8218416.5,160,33.68,0.02,0.05,90.42,27.15,99
Anne-Marie,3371115366.583337,17787,93.79,10.3,13.75,63.01,27.15,100
Mary Lambert,20337391.5,389,34.53,0.06,0.22,90.03,27.1,101
Justin Quiles,2197544283.1595354,23007,92.98,6.71,17.8,63.38,27.04,102
MØ,1935064525.5833426,12953,73.61,5.91,9.99,72.21,27.02,103
Pharrell Williams,1306946814.2500029,17166,75.37,3.99,13.26,71.41,27.0,104
Kanye West,5466037349.308311,18303,115.26,16.69,14.15,53.22,26.89,105
Nolyrics Beats,47221835.400000006,115,35.83,0.14,0.01,89.44,26.89,106
ROSALÍA,3170947264.1999965,10131,81.26,9.68,7.8,68.72,26.83,107
Guy Mentesh,3980968.5,113,35.98,0.01,0.01,89.37,26.82,108
PNAU,1769719591.5000012,9907,68.45,5.4,7.62,74.56,26.81,109
Martin Garrix,2233972340.416668,18418,87.21,6.82,14.24,66.01,26.8,110
PUNYARB,16956862.333333336,108,36.2,0.05,0.01,89.27,26.8,111
Junior K,44408372.50000001,103,36.51,0.13,0.0,89.13,26.79,112
Trevor Guthrie,15300012.5,452,36.94,0.05,0.27,88.93,26.78,113
DJ Robin,57174784.666666664,106,36.82,0.17,0.0,88.99,26.77,114
Quavo,3254458764.7916718,15187,91.1,9.94,11.73,64.23,26.76,115
Claudia Leitte,44128542.499999985,473,38.14,0.13,0.29,88.39,26.66,116
Kate Bush,1254972261.0,1299,50.35,3.83,0.93,82.82,26.66,117
Tainy,2034161046.0833254,10219,72.75,6.21,7.86,72.6,26.62,118
Becky G,2333518595.8202376,15138,84.24,7.13,11.69,67.36,26.57,119
Katy Perry,2322316965.33333,17579,88.23,7.09,13.58,65.54,26.57,120
Ava Max,3855543542.6666665,12671,93.86,11.77,9.77,62.98,26.53,121
Tiësto,2672523571.499998,16328,89.86,8.16,12.61,64.8,26.49,122
ZAYN,3096341449.3333335,14365,90.42,9.46,11.09,64.54,26.47,123
Ty Dolla $ign,2807295174.683317,16553,91.68,8.57,12.79,63.97,26.46,124
Contiez,24309706.833333332,203,39.04,0.07,0.08,87.97,26.44,125
Paulo Londra,3291492421.8333316,15178,94.71,10.05,11.72,62.59,26.31,126
Piso 21,1919992921.5833333,16488,84.86,5.86,12.74,67.08,26.29,127
Kevin Lauren,17104938.666666668,114,40.58,0.05,0.01,87.27,26.2,128
NOBITA,152304490.0,150,41.92,0.46,0.04,86.66,26.19,129
Zedd,2112555559.6666574,17065,88.27,6.45,13.18,65.53,26.19,130
Shae Gill,127706769.0,120,42.0,0.39,0.02,86.63,26.15,131
MONSTAR,11605558.5,105,40.91,0.03,0.0,87.12,26.15,132
One Direction,2417430956.5,13108,84.88,7.38,10.11,67.07,26.11,133
Elton John,2214205591.833334,10599,78.86,6.76,8.16,69.82,26.1,134
Da LAB,44175138.83333333,523,42.34,0.13,0.33,86.47,26.09,135
Luis Fonsi,2294485327.5166674,11971,82.17,7.01,9.23,68.31,26.07,136
Treyy G,24021402.5,188,43.11,0.07,0.07,86.12,25.89,137
Kaifi Khalil,159998825.0,151,44.3,0.49,0.04,85.58,25.88,138
Sonoko Inoue,57318250.0,189,43.51,0.17,0.07,85.94,25.87,139
Alessia Cara,2889466812.0000043,11983,88.96,8.82,9.24,65.21,25.86,140
Chris Brown,3108201931.428579,16672,99.25,9.49,12.88,60.52,25.82,141
J. Cole,5880106438.65715,10973,114.38,17.96,8.45,53.62,25.81,142
Julieta Venegas,369630651.5000001,1213,48.62,1.13,0.86,83.61,25.79,143
Wham!,1410912818.0,2081,59.4,4.31,1.54,78.69,25.79,144
Nâu,3877310.3333333316,119,43.52,0.01,0.01,85.93,25.79,145
Jazzy,24261218.5,116,43.72,0.07,0.01,85.84,25.78,146
Abhijit Vaghani,17090038.25,107,43.67,0.05,0.01,85.86,25.78,147
Danny Ocean,2844873678.9999995,10410,86.7,8.69,8.01,66.24,25.75,148
Bakr,15722393.0,397,44.36,0.05,0.23,85.55,25.75,149
艾薇,19477800.0,157,44.07,0.06,0.04,85.68,25.74,150
Chencho Corleone,2040382483.7309566,9977,79.13,6.23,7.68,69.69,25.7,151
Ballinciaga,61747024.25,302,45.03,0.19,0.16,85.24,25.7,152
Hozier,3635596328.5,15862,103.5,11.1,12.25,58.58,25.69,153
Tilly Birds,105339602.5,623,46.24,0.32,0.41,84.69,25.66,154
SIRA,23271094.166666657,115,44.83,0.07,0.01,85.33,25.63,155
Grupo Frontera,1100105702.0,832,55.98,3.36,0.57,80.25,25.59,156
שחר סאול,6178769.166666665,183,45.19,0.02,0.06,85.17,25.58,157
Rita Ora,2286745581.9999976,12619,86.75,6.98,9.73,66.22,25.58,158
Edan 呂爵安,30587512.0,400,45.71,0.09,0.23,84.93,25.58,159
Pitbull,1006670498.8166667,18286,84.92,3.07,14.13,67.05,25.58,160
Alan Walker,2590733415.500004,17992,99.12,7.91,13.91,60.58,25.51,161
Pop Smoke,3608018518.933336,13929,101.7,11.02,10.75,59.4,25.45,162
Issy Beats,5639930.666666668,132,46.18,0.02,0.02,84.72,25.43,163
Jonas Blue,2105587881.4999988,15087,90.43,6.43,11.65,64.54,25.43,164
BLACKPINK,3680393118.0,13572,101.96,11.24,10.47,59.28,25.42,165
Dalex,934916012.2738037,17558,84.35,2.85,13.57,67.31,25.4,166
Miggy Dela Rosa,206742607.00000003,667,49.18,0.63,0.44,83.35,25.39,167
Q-Tip,10817190.349999998,336,47.37,0.03,0.18,84.18,25.32,168
fem.love,35793710.0,239,47.63,0.11,0.11,84.06,25.3,169
Gama WNTD,10552435.0,103,47.51,0.03,0.0,84.11,25.25,170
NewJeans,1139258660.0,1076,59.4,3.48,0.76,78.69,25.23,171
Justin Timberlake,1964813449.25,8883,80.12,6.0,6.83,69.24,25.22,172
Meghan Trainor,2080990943.0833344,13138,88.48,6.36,10.13,65.43,25.21,173
Buscabulla,194318724.0,445,50.07,0.59,0.27,82.94,25.2,174
Morvasu,13861040.0,126,47.98,0.04,0.02,83.9,25.19,175
Daoko,20596841.5,208,48.18,0.06,0.08,83.81,25.19,176
MILLI,43894575.04761905,398,48.78,0.13,0.23,83.53,25.18,177
张远,18366270.0,144,48.28,0.06,0.03,83.76,25.16,178
Foxes,11419856.5,193,48.25,0.03,0.07,83.77,25.16,179
Marília Mendonça,3837146558.7499995,4022,89.04,11.72,3.05,65.17,25.15,180
Emcee L (Da LAB),10466041.333333332,156,48.26,0.03,0.04,83.77,25.15,181
Shubh,290294994.0,246,51.12,0.89,0.11,82.47,25.13,182
Lauv,3347601149.666666,15221,104.07,10.22,11.75,58.32,25.11,183
Bastille,1961272173.5,10775,84.18,5.99,8.3,67.39,25.1,184
Lil Baby,4148883091.449991,9546,101.84,12.67,7.34,59.34,25.07,185
Duongg,7166846.250000004,236,49.05,0.02,0.11,83.41,25.06,186
SIDARTA,42578897.49999997,382,49.73,0.13,0.22,83.1,25.05,187
Raviv Kaner,19595154.5,249,49.39,0.06,0.12,83.26,25.04,188
GAYLE,1457209863.0,2186,65.48,4.45,1.62,75.92,25.04,189
Lorde,1363403108.1999998,8258,75.07,4.16,6.34,71.54,25.03,190
GANGGA,130007959.0,126,50.25,0.4,0.02,82.86,25.02,191
Adie,341400302.0,368,52.59,1.04,0.21,81.8,25.02,192
James Arthur,4163633558.5,13486,109.16,12.72,10.4,56.0,25.01,193
Anvita Dutt,54498768.5,101,49.7,0.17,0.0,83.11,25.0,194
TangBadVoice,16496464.5,147,49.57,0.05,0.04,83.17,24.98,195
Mariah Carey,2123500117.9999998,3545,74.22,6.48,2.68,71.93,24.98,196
andreas odbjerg,67391225.16666666,373,50.48,0.21,0.21,82.76,24.97,197
DESH,29615187.91666666,620,50.72,0.09,0.4,82.65,24.95,198
Cris Mj,1136262057.2173164,1816,62.69,3.47,1.33,77.19,24.94,199
Husayn,4564902.466666666,113,49.96,0.01,0.01,83.0,24.91,200
Iggy Azalea,724426181.3333333,8228,70.23,2.21,6.32,73.75,24.91,201
Boy Spyce,3709691.4404761903,114,50.0,0.01,0.01,82.98,24.9,202
Crayon,5110170.523809524,134,50.07,0.01,0.03,82.94,24.9,203
dhruv,713727406.0,1349,58.51,2.18,0.97,79.1,24.89,204
makko,41449890.0,135,50.52,0.13,0.03,82.74,24.88,205
Yasser Desai,66376867.00000001,248,50.96,0.2,0.12,82.54,24.88,206
WENARO,8943419.0,114,50.21,0.03,0.01,82.88,24.88,207
Lizzo,3407696908.5,5379,89.58,10.41,4.1,64.93,24.87,208
Bianca,88229458.49999997,137,51.06,0.27,0.03,82.49,24.86,209
Azahriah,47188901.41666668,758,51.74,0.14,0.51,82.18,24.86,210
Lost Frequencies,1450273331.4166663,9594,79.56,4.43,7.38,69.5,24.84,211
Seeb,1410758153.9999998,9560,79.3,4.31,7.35,69.62,24.81,212
The High,19886629.5,423,51.61,0.06,0.25,82.24,24.77,213
Sino Msolo,1918889.9166666665,121,51.25,0.01,0.02,82.41,24.73,214
Da-iCE,75171317.0,102,52.05,0.23,0.0,82.04,24.7,215
Borgeous,17439833.0,250,51.82,0.05,0.12,82.15,24.7,216
Quevedo,2038101750.6428566,3216,74.97,6.22,2.42,71.59,24.69,217
Tananai,165120527.1666666,165,53.16,0.5,0.05,81.54,24.68,218
Belters Only,26449734.5,140,52.2,0.08,0.03,81.97,24.63,219
SAINt JHN,1336403948.583333,4985,72.3,4.08,3.8,72.81,24.62,220
Anastasia,13700928.0,131,52.18,0.04,0.02,81.98,24.62,221
Jack Ü,256902091.15000004,4331,61.79,0.78,3.29,77.6,24.58,222
Imanbek,1498525169.083333,6004,75.73,4.58,4.59,71.24,24.58,223
Anitta,2594896006.2261925,8902,90.51,7.92,6.84,64.5,24.57,224
Christian Nodal,2457411905.5,13991,98.16,7.5,10.8,61.02,24.55,225
Yandel,1304813405.3809521,19939,98.06,3.98,15.42,61.06,24.54,226
Nunu,6075636.0,110,52.76,0.02,0.01,81.72,24.53,227
Myztro,3215126.942857142,140,52.96,0.01,0.03,81.63,24.5,228
Daya,1651419485.9166682,8374,81.82,5.04,6.43,68.47,24.49,229
Yuuri,488082003.0,649,58.32,1.49,0.43,79.18,24.48,230
Asake,52630947.5,588,54.43,0.16,0.38,80.96,24.47,231
Bizarrap,2404867786.683334,7993,88.13,7.34,6.13,65.59,24.45,232
Abdul Hannan,12316721.5,287,53.88,0.04,0.15,81.21,24.42,233
Liaze,72134432.5,129,54.22,0.22,0.02,81.05,24.41,234
Trevor Daniel,1885796167.0,3754,76.62,5.76,2.84,70.84,24.41,235
MC 張天賦,53204739.5,538,54.83,0.16,0.34,80.77,24.4,236
Arcangel,832922635.2017721,24991,103.55,2.54,19.34,58.56,24.39,237
Felix Jaehn,1224177307.333334,12443,85.81,3.74,9.59,66.65,24.37,238
Florence Welch,9186928.5,505,54.69,0.03,0.31,80.84,24.36,239
Thantri Sundari,56439430.0,180,54.51,0.17,0.06,80.92,24.36,240
The Fusion Project,23925945.0,100,54.12,0.07,0.0,81.1,24.36,241
Julie,12971742.0,121,54.26,0.04,0.02,81.03,24.33,242
Fabio Rovazzi,41133368.83333333,122,54.97,0.12,0.02,80.71,24.27,243
Skive,15702493.166666666,367,55.51,0.05,0.21,80.46,24.22,244
Jess Glynne,1399453059.4999993,12429,88.56,4.27,9.58,65.39,24.2,245
John Legend,2461633733.7333345,15353,103.07,7.52,11.85,58.78,24.2,246
9umba,893296.4809523808,104,55.15,0.0,0.0,80.63,24.19,247
Nau,4973320.250000006,176,55.38,0.01,0.06,80.52,24.18,248
Nico & Vinz,642955794.166667,4754,68.87,1.96,3.62,74.37,24.18,249
Budi Doremi,197278669.0,254,57.25,0.6,0.12,79.67,24.18,250
Kumaar,93580501.33333337,394,56.54,0.29,0.23,79.99,24.18,251
Mirrr,59658130.0,309,56.13,0.18,0.16,80.18,24.17,252
Giveon,1940116309.999999,6113,82.94,5.92,4.67,67.96,24.16,253
Wren Evans,10899909.166666668,104,55.45,0.03,0.0,80.49,24.16,254
Olli Halonen,14579001.0,103,55.59,0.04,0.0,80.43,24.15,255
Mike Posner,890777079.3333333,5197,72.07,2.72,3.96,72.91,24.15,256
Kesha,646947587.0,5065,69.77,1.98,3.86,73.96,24.14,257
MNEK,1237944472.1666665,6450,77.35,3.78,4.94,70.5,24.14,258
JID,446372213.82380944,3075,64.5,1.36,2.31,76.36,24.14,259
Masked Wolf,1449201771.6666667,2775,73.2,4.43,2.08,72.4,24.12,260
Güneş,179346227.70000014,352,57.82,0.55,0.2,79.41,24.1,261
Raul Ojamaa,433377.00000000006,108,55.94,0.0,0.01,80.27,24.08,262
Only Monday,30630466.0,142,56.38,0.09,0.03,80.07,24.07,263
Tribbs,32152523.0,155,56.41,0.1,0.04,80.05,24.07,264
5 Seconds of Summer,2809138187.5,9374,96.93,8.58,7.21,61.58,24.07,265
Natti Natasha,1438828644.3976185,14808,94.08,4.39,11.43,62.88,24.05,266
FLEMMING,111906726.0,219,57.33,0.34,0.09,79.63,24.05,267
Natalia Hulejova,2102640.000000001,114,56.25,0.01,0.01,80.13,24.05,268
francis,51516071.49054834,425,57.16,0.16,0.25,79.71,24.05,269
Romeo Santos,1264072063.900001,18715,99.22,3.86,14.47,60.53,24.04,270
Enrique Iglesias,1099444629.7833347,13969,89.68,3.36,10.78,64.88,24.04,271
shadowraze,73793655.5,595,57.78,0.22,0.38,79.43,24.03,272
Sigourney K,37132266.666666694,182,56.84,0.11,0.06,79.86,24.02,273
Amir Ve Ben,3653865.0,123,56.46,0.01,0.02,80.03,24.02,274
OMI,835994898.1666665,6900,75.48,2.55,5.28,71.36,24.01,275
Chance the Rapper,1444955327.250002,7644,82.27,4.41,5.86,68.26,24.0,276
Diplo,1154043859.9666643,14463,91.38,3.52,11.16,64.11,23.99,277
BOWKYLION,89251450.0,471,58.11,0.27,0.29,79.28,23.98,278
Fifth Harmony,1375352880.5,11170,87.83,4.2,8.6,65.73,23.98,279
Berechet,4108407.166666667,136,56.78,0.01,0.03,79.89,23.98,280
Arizona Zervas,1972187875.0,3259,79.78,6.02,2.46,69.4,23.97,281
Jhay Cortez,1292921548.2500021,3629,74.39,3.95,2.74,71.85,23.96,282
Megan Thee Stallion,2511731329.383334,7164,91.44,7.67,5.49,64.08,23.94,283
John Newman,437203468.00000006,5105,69.56,1.33,3.89,74.06,23.92,284
Lyodra,152940527.57999998,169,58.62,0.47,0.05,79.05,23.92,285
Terence Lam,70271244.0,1078,59.42,0.21,0.76,78.68,23.92,286
Migos,3324919255.9833336,9932,103.53,10.15,7.64,58.57,23.92,287
Maria Becerra,1627742127.8333335,7269,83.89,4.97,5.57,67.52,23.91,288
Disciples,454054146.0,3736,67.51,1.39,2.83,74.99,23.9,289
Arcane,437878774.6833333,3123,66.42,1.34,2.35,75.49,23.89,290
iann dior,1353901752.5833333,4518,76.89,4.13,3.43,70.71,23.89,291
MC Guime,21714403.0,141,57.7,0.07,0.03,79.47,23.88,292
LiL CaKe,79986552.99999997,181,58.31,0.24,0.06,79.19,23.87,293
Jerry Di,406115742.17142856,912,62.57,1.24,0.63,77.24,23.86,294
Leslie,54662947.428571425,144,58.11,0.17,0.03,79.28,23.86,295
Cheat Codes,1311365252.6666667,10901,88.15,4.0,8.39,65.58,23.79,296
Yael,4524654.0,163,58.28,0.01,0.05,79.2,23.78,297
Ruth Reginalds,1227028.0,109,58.32,0.0,0.01,79.18,23.76,298
G-Eazy,1769779018.592858,10818,92.37,5.4,8.33,63.66,23.76,299
Keung To,61676738.0,608,59.73,0.19,0.39,78.54,23.76,300
DJ Khaled,1532562832.6119046,8702,86.67,4.68,6.69,66.25,23.75,301
Dj Olliver,25360323.75,106,58.57,0.08,0.0,79.07,23.75,302
LXNER,12627780.0,183,58.73,0.04,0.06,79.0,23.73,303
Lukas Graham,2162742940.1111107,8193,91.63,6.6,6.29,63.99,23.72,304
Carlinhos Brown,5351912.0,302,59.09,0.02,0.16,78.83,23.71,305
Francesco Yates,457675615.5,4098,69.56,1.4,3.11,74.06,23.71,306
Trung Trần,9957326.833333334,178,58.89,0.03,0.06,78.92,23.71,307
Mr. Naisgai,260312255.25,1274,63.06,0.79,0.91,77.02,23.69,308
Ahmed Saad,11201274.83333333,331,59.44,0.03,0.18,78.67,23.67,309
T.I.,101845593.48333299,2597,64.12,0.31,1.94,76.54,23.67,310
Stanley,7232755.6333333375,219,59.24,0.02,0.09,78.76,23.66,311
Tove Lo,1502608187.3666673,10783,90.68,4.59,8.3,64.43,23.66,312
Ice Spice,338121926.5,549,62.86,1.03,0.35,77.11,23.65,313
D1MA,28378214.166666664,166,59.55,0.09,0.05,78.62,23.64,314
The Marías,152228201.5,424,61.05,0.46,0.25,77.94,23.64,315
James Hype,231817841.50000003,856,62.67,0.71,0.59,77.2,23.62,316
Big Cvyu,41006635.0,127,59.77,0.12,0.02,78.52,23.61,317
Jamie Miller,282667112.0,424,62.51,0.86,0.25,77.27,23.6,318
Nio Garcia,947338206.4833355,7833,81.21,2.89,6.01,68.74,23.58,319
Bobby Helms,844779289.5,1162,68.95,2.58,0.83,74.34,23.58,320
Robin Thicke,216452697.66666722,4806,69.71,0.66,3.66,73.99,23.56,321
Billy Ray Cyrus,956817943.3333333,3218,73.6,2.92,2.42,72.21,23.56,322
King,196041426.0,159,61.6,0.6,0.05,77.69,23.56,323
The Neighbourhood,3405165039.5,8613,104.81,10.4,6.62,57.98,23.54,324
Gera MX,335592781.0333333,1083,64.51,1.02,0.76,76.36,23.54,325
Văn Mai Hương,5568034.5,101,60.09,0.02,0.0,78.38,23.52,326
Gustah,84356188.5,135,60.88,0.26,0.03,78.02,23.52,327
Sam Martin,306590150.0,3832,69.23,0.94,2.9,74.21,23.51,328
Wonderframe,4597983.166666666,151,60.21,0.01,0.04,78.32,23.51,329
24kGoldn,1738598364.9166665,6112,85.87,5.31,4.67,66.62,23.51,330
Darell,1138567035.862228,13004,92.28,3.48,10.03,63.7,23.51,331
Antoon,173327461.6666667,503,62.39,0.53,0.31,77.33,23.5,332
陳卓賢 Ian,45481626.5,674,61.56,0.14,0.45,77.71,23.5,333
Hayley Williams,10527606.0,285,60.67,0.03,0.14,78.11,23.49,334
Tobias Rahim,96710489.83333328,446,61.7,0.29,0.27,77.64,23.49,335
MAGIC!,618907857.8333333,4033,72.59,1.89,3.06,72.68,23.48,336
Fuse ODG,406030621.5833335,3601,69.92,1.24,2.72,73.89,23.48,337
Mark Ronson,1000806464.2500001,9122,84.67,3.06,7.01,67.17,23.48,338
Evdeki Saat,99323091.0,183,61.5,0.3,0.06,77.73,23.46,339
Nina Chuba,131699608.25000001,205,61.8,0.4,0.08,77.6,23.46,340
Maria Mena,58569698.0,313,61.36,0.18,0.17,77.8,23.46,341
BigDaddy,5450686.0,178,60.65,0.02,0.06,78.12,23.46,342
Jorge & Mateus,2527960189.0,2940,88.0,7.72,2.21,65.65,23.45,343
Billkin,85212979.41666666,523,62.15,0.26,0.33,77.44,23.44,344
Lady Du,3102026.924999999,270,60.99,0.01,0.13,77.97,23.43,345
R. City,343982703.59999996,3117,68.91,1.05,2.34,74.35,23.43,346
Skrillex,708651771.5166646,8095,80.73,2.16,6.21,68.96,23.42,347
Mc Jacaré,188366567.0,171,62.69,0.57,0.06,77.19,23.4,348
Puerto,3325825.0,121,60.97,0.01,0.02,77.97,23.4,349
Kim Cesarion,31490656.5,226,61.41,0.1,0.1,77.77,23.4,350
Thịnh Suy,43282479.0,431,61.96,0.13,0.26,77.52,23.39,351
Nyla,399970791.4166668,3578,70.55,1.22,2.7,73.61,23.38,352
Los Legendarios,523424032.1166679,3302,71.29,1.6,2.49,73.27,23.37,353
Lipta,52191800.0,552,62.4,0.16,0.35,77.32,23.37,354
Alka Yagnik,78232498.09999996,211,62.09,0.24,0.09,77.46,23.36,355
Fetty Wap,1920656015.7500026,8982,93.52,5.87,6.9,63.13,23.36,356
Kyla,1119555464.1666656,6149,81.48,3.42,4.7,68.62,23.36,357
DJ Luian,537891975.5266963,14342,90.31,1.64,11.07,64.59,23.35,358
Matheus & Kauan,1804370697.5,2219,81.15,5.51,1.65,68.77,23.33,359
Pedro,67770247.08578642,528,62.81,0.21,0.33,77.14,23.33,360
L.A.B.,85858676.5,797,63.38,0.26,0.54,76.88,23.33,361
Mpura,2994457.0380952368,325,61.8,0.01,0.17,77.6,23.33,362
Young Stunna,7204451.623809522,333,61.98,0.02,0.18,77.51,23.32,363
Official HIGE DANdism,1032933026.0,2141,74.15,3.15,1.59,71.96,23.32,364
Brenda Lee,920889841.0,1264,71.93,2.81,0.9,72.98,23.29,365
Kalush Orchestra,13446573.999999998,190,61.97,0.04,0.07,77.52,23.29,366
"Beach, Please!",3223362.833333334,123,61.89,0.01,0.02,77.55,23.28,367
Emily,3754822.9166666665,149,61.92,0.01,0.04,77.54,23.28,368
NOSFE,1908659.15,114,61.82,0.01,0.01,77.59,23.28,369
Jonas Brothers,2571639480.5,7592,97.53,7.85,5.82,61.3,23.28,370
BLANCO,745188497.8333331,962,70.01,2.28,0.67,73.85,23.27,371
Ben&Ben,964384193.5476191,2053,74.0,2.94,1.52,72.03,23.24,372
Hailee Steinfeld,1464277116.5833323,10835,93.51,4.47,8.34,63.14,23.23,373
Dímelo Flow,537863601.87619,6904,78.61,1.64,5.29,69.93,23.22,374
A7S,899164365.333333,4790,78.35,2.75,3.64,70.05,23.21,375
Felo Le Tee,4468331.940476189,224,62.57,0.01,0.1,77.24,23.21,376
W/N,9371768.916666662,334,62.81,0.03,0.18,77.14,23.21,377
Davi Kneip,51676163.66666667,103,62.82,0.16,0.0,77.13,23.2,378
Txrbo,13723985.5,154,62.6,0.04,0.04,77.23,23.2,379
will.i.am,63719964.84999997,2064,66.35,0.19,1.53,75.52,23.19,380
Juicy J,526237048.91666657,6011,77.26,1.61,4.59,70.55,23.19,381
Flo Rida,1072268682.7500001,8725,86.78,3.27,6.7,66.2,23.18,382
Villano Antillano,124504954.0,362,64.09,0.38,0.2,76.55,23.18,383
F.HERO,32507279.583333332,518,63.56,0.1,0.32,76.79,23.17,384
Nouvo,2273291.833333332,129,62.67,0.01,0.02,77.2,23.17,385
Luis Figueroa,105964775.66666655,1220,65.49,0.32,0.87,75.91,23.16,386
Reece Madlisa,2480225.047619047,270,63.13,0.01,0.13,76.99,23.14,387
Mahalini,466816487.5,413,67.49,1.43,0.24,75.0,23.14,388
Pailita,400874607.3419192,1413,68.65,1.22,1.02,74.47,23.13,389
Melanie Thornton,59979113.0,120,63.45,0.18,0.02,76.84,23.13,390
Aurélie,34365776.5,106,63.17,0.1,0.0,76.97,23.13,391
Ashin Chen,26502644.5,533,63.94,0.08,0.34,76.62,23.12,392
CKay,1140330411.1666675,3589,79.07,3.48,2.71,69.72,23.12,393
Big Scythe,26176699.733333338,213,63.46,0.08,0.09,76.84,23.11,394
Domiziana,54308600.333333336,104,63.55,0.17,0.0,76.8,23.11,395
Luar La L,265323356.66666666,388,65.92,0.81,0.22,75.72,23.11,396
Tyga,2129406444.716664,11956,102.23,6.5,9.21,59.16,23.11,397
Andy Williams,845529344.0,1312,72.68,2.58,0.94,72.63,23.1,398
Wizkid,1200694326.7833335,7394,86.25,3.67,5.67,66.45,23.1,399
Troye Sivan,1794912705.999999,9211,94.67,5.48,7.08,62.61,23.1,400
2115,24539807.997619033,207,63.58,0.07,0.08,76.78,23.09,401
Mora,984900591.8333334,6077,82.21,3.01,4.65,68.29,23.09,402
B.O.C,13519658.016666664,264,63.64,0.04,0.13,76.76,23.08,403
瘦子E.SO,80259675.25,698,64.95,0.24,0.46,76.16,23.08,404
Beyond,47436207.66666668,1047,65.31,0.14,0.74,76.0,23.08,405
Omar Sheriff,26180725.6,205,63.74,0.08,0.08,76.71,23.07,406
WIU,212848859.99999994,195,65.38,0.65,0.07,75.96,23.07,407
K-ICM,12609926.0,180,63.61,0.04,0.06,76.77,23.06,408
Jaonaay,17791561.5,208,63.82,0.05,0.08,76.67,23.05,409
İkilem,99579456.0,175,64.47,0.3,0.06,76.38,23.05,410
Agam Buhbut,12728313.166666668,308,64.0,0.04,0.16,76.59,23.04,411
DISH//,184958310.0,316,65.59,0.56,0.17,75.87,23.04,412
Superfly,37387898.0,215,64.22,0.11,0.09,76.49,23.02,413
Sir Trill,5348873.382142856,386,64.23,0.02,0.22,76.49,23.02,414
Gusttavo Lima,2586566052.0,2012,90.04,7.9,1.49,64.72,23.02,415
Muslim - مُسلِم,18827904.666666668,386,64.57,0.06,0.22,76.33,22.99,416
Phoebe Ryan,301091970.5,1613,69.17,0.92,1.18,74.24,22.99,417
Ali Arnoos,4222481.0,166,64.08,0.01,0.05,76.56,22.99,418
Conrad Sewell,433946758.5,5387,76.95,1.32,4.11,70.69,22.97,419
Shekhar Ravjiani,38693567.833333306,202,64.67,0.12,0.08,76.29,22.96,420
Visca,1322083.3904761907,108,64.19,0.0,0.01,76.51,22.96,421
Libianca,252492702.33333334,377,66.84,0.77,0.22,75.3,22.96,422
Calin,111553238.6666667,2751,69.66,0.34,2.06,74.01,22.96,423
Bomba Estéreo,734493792.5,1410,72.99,2.24,1.02,72.49,22.95,424
6ix9ine,2135584154.833333,7401,95.73,6.52,5.67,62.12,22.95,425
Babblarna,68753119.0,204,65.01,0.21,0.08,76.13,22.95,426
Snow,741684417.6666666,2672,75.21,2.26,2.0,71.48,22.95,427
Hooja,62243669.5,173,64.98,0.19,0.06,76.15,22.94,428
Gunna,2316292094.9666696,7898,98.23,7.07,6.06,60.98,22.94,429
william,38474677.76666666,451,65.3,0.12,0.27,76.0,22.93,430
Lilly Wood and The Prick,334820971.5,4384,74.63,1.02,3.33,71.75,22.93,431
Lil Mosey,2119234482.4166665,3718,89.4,6.47,2.81,65.01,22.93,432
SKUTE BOBO,32966847.8452381,124,64.75,0.1,0.02,76.25,22.92,433
Mr. Probz,414999007.5,5335,77.15,1.27,4.07,70.6,22.91,434
Aarne,4121664.4999999995,149,64.58,0.01,0.04,76.33,22.91,435
Wolfine,585066740.5,1729,72.61,1.79,1.27,72.67,22.9,436
Zack Tabudlo,427890343.0,606,69.34,1.31,0.39,74.16,22.89,437
Powfu,929052724.5,3405,78.6,2.84,2.57,69.93,22.89,438
Joel Corry,1091636942.0833335,5586,83.76,3.33,4.26,67.58,22.88,439
beabadoobee,958537099.5,3448,79.01,2.93,2.6,69.75,22.88,440
Nkosazana Daughter,3203412.683333333,190,64.92,0.01,0.07,76.17,22.88,441
Willy William,876867291.3333335,4520,80.1,2.68,3.44,69.25,22.88,442
Young Jonn,15734557.166666666,226,65.08,0.05,0.1,76.1,22.88,443
Dakota,490669239.3333333,3353,74.65,1.5,2.53,71.74,22.88,444
Lim Young Woong,18012637.0,454,65.56,0.05,0.28,75.88,22.87,445
Milly,57455920.60000003,765,66.41,0.17,0.52,75.49,22.87,446
Janine Teñoso,89684274.0,241,65.81,0.27,0.11,75.77,22.87,447
Saif Amer,5882283.0,175,64.97,0.02,0.06,76.15,22.87,448
Analaga,97246469.5,110,65.75,0.3,0.01,75.79,22.86,449
Kris Winther,14452463.233333332,183,65.19,0.04,0.06,76.05,22.85,450
DNCE,1324251158.0,5980,86.8,4.04,4.57,66.2,22.85,451
Mambo Kingz,515407711.31002945,12021,89.85,1.57,9.26,64.8,22.85,452
Sisters On Wire,2858402.0,209,65.14,0.01,0.08,76.07,22.85,453
Beyoncé,2353716806.7738104,10690,103.99,7.19,8.23,58.36,22.85,454
Bahaa Sultan,5403013.0,105,65.09,0.02,0.0,76.1,22.84,455
ARTEM SHILOVETS,7319466.666666668,187,65.19,0.02,0.07,76.05,22.84,456
nkeeei,7319466.666666668,187,65.19,0.02,0.07,76.05,22.84,457
uniqe,7319466.666666668,187,65.19,0.02,0.07,76.05,22.84,458
Arctic Monkeys,2998027987.0,13121,114.05,9.16,10.12,53.77,22.83,459
Queen,4462151253.5,15584,131.38,13.63,12.03,45.87,22.82,460
Daryl Ong,37509665.0,122,65.59,0.11,0.02,75.87,22.81,461
Pogány Induló,7666902.633333333,160,65.43,0.02,0.05,75.94,22.81,462
zzoilo,395914827.5,1023,70.36,1.21,0.72,73.69,22.81,463
ROBI,90978987.66666654,537,66.82,0.28,0.34,75.31,22.81,464
WeiBird,53465075.833333336,485,66.43,0.16,0.3,75.48,22.8,465
Juhn,674789073.0833341,5378,80.36,2.06,4.1,69.13,22.79,466
Victor Leksell,401153373.8333336,1227,70.87,1.22,0.88,73.46,22.79,467
Montiego,25129607.5,100,65.64,0.08,0.0,75.84,22.78,468
Topic,975961227.4999995,5567,83.51,2.98,4.25,67.7,22.78,469
Zé Neto & Cristiano,2329996736.0,1968,89.44,7.12,1.45,64.99,22.78,470
benny blanco,1187532132.9166656,7033,87.98,3.63,5.39,65.66,22.77,471
Maty Noyes,449724097.5,3303,75.0,1.37,2.49,71.58,22.77,472
sangiovanni,396784161.0,369,69.56,1.21,0.21,74.06,22.77,473
Nicky Romero,19106522.5,690,66.69,0.06,0.46,75.37,22.77,474
DJ Nelson,363390899.4726205,3744,75.13,1.11,2.83,71.52,22.75,475
IVE,438434420.0,953,71.15,1.34,0.66,73.33,22.73,476
Zom Marie,31299124.333333332,316,66.56,0.09,0.17,75.43,22.72,477
Chris Rea,530150056.0,891,72.03,1.62,0.61,72.93,22.71,478
Crissin,96906287.50000003,1006,68.36,0.3,0.7,74.6,22.71,479
Vishal Dadlani,48014288.41666665,276,66.86,0.15,0.14,75.29,22.69,480
Klangkarussell,15526913.0,355,66.65,0.05,0.2,75.38,22.69,481
League of Legends,462702515.2452377,4046,77.04,1.41,3.07,70.65,22.68,482
Fran C,50893701.33333333,193,66.76,0.15,0.07,75.33,22.68,483
Duki,1527989038.242857,10492,97.53,4.67,8.08,61.3,22.68,484
Lvbel C5,370225733.9166666,856,70.78,1.13,0.59,73.5,22.68,485
Macklemore,1116696435.4833336,14138,100.11,3.41,10.91,60.13,22.68,486
Capital Bra,1661509683.1166651,6228,91.44,5.07,4.76,64.08,22.68,487
Parson James,335672990.16666657,4005,75.91,1.02,3.03,71.16,22.67,488
Mawar de Jongh,83116733.0,144,67.05,0.25,0.03,75.2,22.67,489
Bruno LC,22447324.333333317,215,66.68,0.07,0.09,75.37,22.67,490
Natan & Shander,97050450.00000003,1010,68.72,0.3,0.71,74.44,22.66,491
Emma Steinbakken,50836235.33333334,289,67.12,0.15,0.15,75.17,22.66,492
Jace Chan,13881058.5,317,66.87,0.04,0.17,75.28,22.65,493
Busta 929,7353872.414285716,440,67.08,0.02,0.26,75.19,22.64,494
Elley Duhé,1192732409.5,3766,83.38,3.64,2.85,67.76,22.64,495
Suni Hạ Linh,7833174.016666667,213,66.8,0.02,0.09,75.32,22.63,496
Pedro Capó,1014730400.9999998,4626,83.34,3.1,3.52,67.77,22.63,497
Райда,8378719.0,137,66.66,0.02,0.03,75.38,22.63,498
Ella Lee,7505530.25,200,66.8,0.02,0.08,75.32,22.63,499
nublu,21166165.083333317,2395,70.72,0.06,1.78,73.53,22.62,500
Marwan Pablo,40334840.0,1832,69.92,0.12,1.35,73.89,22.62,501
Oskar83,26916134.133333333,138,66.96,0.08,0.03,75.24,22.61,502
Julia Michaels,2204717502.5,10309,103.74,6.73,7.93,58.47,22.61,503
Ngơ,5810895.5,150,66.88,0.02,0.04,75.28,22.6,504
nân,5810895.5,150,66.88,0.02,0.04,75.28,22.6,505
Juicy Luicy,208793636.0,300,69.0,0.64,0.16,74.31,22.6,506
DJ 2F,71455790.33333334,166,67.49,0.22,0.05,75.0,22.6,507
BIA,186726745.16666672,1698,71.2,0.57,1.24,73.31,22.59,508
Marina Maximilian,5626250.5,184,67.03,0.02,0.07,75.21,22.59,509
Sage The Gemini,438466947.83333325,3250,76.13,1.34,2.45,71.06,22.59,510
Avraham Tal,9742780.333333332,226,67.13,0.03,0.1,75.17,22.59,511
Lynk Lee,14501173.166666668,191,67.09,0.04,0.07,75.18,22.59,512
Brray,271699488.6083332,1975,72.54,0.83,1.46,72.7,22.58,513
Henrique & Juliano,2905173206.0,3257,98.28,8.87,2.45,60.96,22.57,514
Desiigner,1417619823.0416665,4032,86.32,4.33,3.06,66.41,22.57,515
fellow fellow,30557912.0,310,67.75,0.09,0.16,74.88,22.55,516
Apache 207,1683137818.5,2797,86.76,5.14,2.1,66.21,22.55,517
Showtek,146231258.16666678,3371,74.12,0.45,2.54,71.98,22.54,518
A$AP Rocky,1459434321.71667,10911,98.91,4.46,8.4,60.67,22.51,519
Gus Dapperton,406406446.5,1554,73.51,1.24,1.13,72.26,22.51,520
MC $oho & KidNey,9544610.0,124,67.53,0.03,0.02,74.98,22.51,521
RAVA,21328995.36666666,666,68.52,0.06,0.44,74.53,22.51,522
Arthur Nery,517382761.5,893,73.39,1.58,0.62,72.31,22.51,523
Band Aid,614655383.0,980,74.37,1.88,0.68,71.86,22.51,524
Colin Hay,111022090.0,577,69.22,0.34,0.37,74.21,22.51,525
Guaynaa,679922721.5999998,3424,79.16,2.08,2.58,69.68,22.51,526
Mc Gabzin,81601109.33333336,144,68.22,0.25,0.03,74.67,22.51,527
Lookas,165872349.33333322,2437,72.93,0.51,1.82,72.52,22.51,528
Lazyloxy,24190708.714285716,434,68.27,0.07,0.26,74.65,22.5,529
INSTASAMKA,54202655.0,600,68.82,0.16,0.39,74.39,22.5,530
Patrickananda,50032700.0,280,68.23,0.15,0.14,74.66,22.5,531
DJ-MK,2804981.3333333326,200,67.79,0.01,0.08,74.86,22.49,532
M.s,2804981.3333333326,200,67.79,0.01,0.08,74.86,22.49,533
Feng Ze,14473989.0,270,67.94,0.04,0.13,74.8,22.49,534
Manuel,43906959.0,981,69.4,0.13,0.68,74.13,22.49,535
Tiago PZK,929923286.9166664,4759,83.8,2.84,3.62,67.56,22.49,536
Lil Wayne,1638273394.766669,9254,97.87,5.0,7.11,61.15,22.48,537
G.R.L.,148736898.0,1332,71.07,0.45,0.96,73.37,22.48,538
Harry Nach,327552656.3506488,1014,72.1,1.0,0.71,72.9,22.48,539
Tyler ICU,2190975.866666667,168,67.83,0.01,0.05,74.85,22.47,540
CJ,804028034.8333331,1997,78.08,2.45,1.47,70.17,22.47,541
Semicenk,140657309.33333334,230,69.27,0.43,0.1,74.19,22.46,542
Charli XCX,701359937.0333332,8050,87.61,2.14,6.18,65.83,22.46,543
Mart Hoogkamer,49048377.0,130,68.37,0.15,0.02,74.6,22.45,544
Tonino Baliardo,23752305.5,125,68.11,0.07,0.02,74.72,22.45,545
Tate McRae,1931250740.499999,4699,92.93,5.9,3.57,63.4,22.45,546
Gipsy Kings,23752305.5,125,68.11,0.07,0.02,74.72,22.45,547
Treintisiete,3617814.333333333,139,68.02,0.01,0.03,74.76,22.44,548
4EVE,24825200.333333332,133,68.23,0.08,0.03,74.66,22.44,549
DEKKO,99644058.66666667,591,69.73,0.3,0.38,73.98,22.43,550
Ezhel,915106921.0166664,2984,81.06,2.79,2.24,68.81,22.43,551
Kinny Zimmer,80170962.92507209,363,69.25,0.24,0.2,74.2,22.42,552
Hoàng Dũng,48774637.01666668,634,69.41,0.15,0.42,74.13,22.42,553
Bradley Cooper,1533164297.0,7836,94.94,4.68,6.01,62.48,22.42,554
FL EX,5188422.466666666,148,68.26,0.02,0.04,74.65,22.42,555
Chris Jedi,307393879.46428573,3809,77.24,0.94,2.88,70.55,22.4,556
Ryan Riback,478094969.0,2769,77.02,1.46,2.07,70.66,22.4,557
Tom Odell,1349032833.0,3912,86.84,4.12,2.96,66.18,22.39,558
Tagne,25068679.08333333,1343,70.69,0.08,0.97,73.54,22.39,559
Lil Pump,1601831687.4,5578,91.89,4.89,4.26,63.87,22.39,560
ROZES,479142626.8333334,3397,78.27,1.46,2.56,70.09,22.38,561
Polimá Westcoast,349117611.19848454,1479,73.84,1.07,1.07,72.11,22.38,562
Fresh,56741158.0,164,68.95,0.17,0.05,74.34,22.38,563
Cristian D,30933455.233333327,265,68.91,0.09,0.13,74.35,22.38,564
Ninho,2069393270.6845229,7448,99.44,6.32,5.71,60.43,22.37,565
Aimyon,604070678.0,2048,77.12,1.84,1.51,70.61,22.37,566
Logic,1624843597.04015,7417,95.48,4.96,5.69,62.24,22.36,567
Central Cee,1036654558.4583335,2225,81.43,3.17,1.65,68.64,22.35,568
LUSS,16149014.5,118,68.71,0.05,0.01,74.44,22.35,569
DJ Biel do Furduncinho,67736245.75000001,132,69.26,0.21,0.02,74.19,22.35,570
Arash,9851964.5,144,68.72,0.03,0.03,74.44,22.35,571
Totoy El Frio,102452846.3666667,1081,71.17,0.31,0.76,73.32,22.35,572
Starley,480085087.75,2787,77.47,1.47,2.09,70.45,22.35,573
VASSY,155966376.66666663,3562,75.94,0.48,2.69,71.15,22.34,574
Maiara & Maraisa,1506412566.666667,2007,85.38,4.6,1.48,66.84,22.34,575
Guilherme & Benuto,563989158.8333333,420,74.22,1.72,0.25,71.93,22.34,576
Lil Frakk,5848696.333333332,257,69.07,0.02,0.12,74.28,22.33,577
Route 94,41341070.5,678,70.1,0.13,0.45,73.81,22.33,578
SLAVA MARLOW,69591436.5,899,70.69,0.21,0.62,73.54,22.33,579
Rosa Linn,503488780.5,931,74.67,1.54,0.65,71.73,22.33,580
Luude,132338316.16666667,749,71.03,0.4,0.5,73.39,22.33,581
Dopamine,269081938.5,2429,75.12,0.82,1.81,71.52,22.33,582
Mufasa & Hypeman,269081938.5,2429,75.12,0.82,1.81,71.52,22.33,583
Arash Buana,39385948.5,124,69.16,0.12,0.02,74.24,22.33,584
告五人,93950254.0,785,70.8,0.29,0.53,73.49,22.32,585
Julian Casablancas,10770258.5,586,69.8,0.03,0.38,73.95,22.31,586
Miksu / Macloud,210929252.4166667,866,72.09,0.64,0.6,72.9,22.31,587
Daliwonga,4123622.5333333313,261,69.16,0.01,0.13,74.24,22.31,588
Eden Hason,100681905.83333334,2187,73.35,0.31,1.62,72.33,22.31,589
Ran Danker,12554081.5,185,69.15,0.04,0.07,74.24,22.31,590
Anson Lo 盧瀚霆,44877580.5,522,70.07,0.14,0.33,73.82,22.3,591
Gminxr,81420071.75,368,70.14,0.25,0.21,73.79,22.3,592
UZI,785704993.6615083,1765,78.87,2.4,1.29,69.81,22.29,593
GREY D,7448911.35,113,69.07,0.02,0.01,74.28,22.29,594
BRÍET,13809920.302631581,1179,71.04,0.04,0.84,73.38,22.28,595
Ben Fero,288035819.0,767,72.88,0.88,0.52,72.54,22.27,596
Nightcrawlers,269570602.8333334,2439,75.58,0.82,1.82,71.31,22.27,597
Molec,2289180.5,131,69.36,0.01,0.02,74.15,22.26,598
MEAU,64001171.0,161,69.92,0.19,0.05,73.89,22.26,599
PSY,71143244.0,625,70.82,0.22,0.41,73.48,22.26,600
KUUMAA,19381798.0,126,69.5,0.06,0.02,74.08,22.25,601
Surfaces,956941565.0,1626,80.53,2.92,1.19,69.05,22.24,602
quiizzzmeow,21692524.0,207,69.82,0.07,0.08,73.94,22.23,603
Takaya Kawasaki,97946070.0,149,70.4,0.3,0.04,73.67,22.23,604
Daniel Caesar,979035523.9999988,4763,86.14,2.99,3.62,66.5,22.23,605
William Singe,441062744.5,2391,77.32,1.35,1.78,70.52,22.23,606
Camille,21492037.0,223,69.92,0.06,0.1,73.89,22.22,607
Mr JazziQ,5320043.897619046,505,70.27,0.02,0.31,73.73,22.22,608
Matthew Koma,121006239.5,2008,73.86,0.37,1.48,72.1,22.22,609
Novelbright,167022123.0,343,71.57,0.51,0.19,73.14,22.2,610
Sfera Ebbasta,1317312783.459525,3386,87.02,4.02,2.55,66.1,22.2,611
EggPlantEgg,125100975.5,1172,72.67,0.38,0.83,72.64,22.19,612
NONT TANONT,53757138.0,382,70.69,0.16,0.22,73.54,22.19,613
KAVVO,10400588.583333334,165,69.94,0.03,0.05,73.88,22.19,614
Abdullah Al Farwan,21211579.5,604,70.75,0.06,0.39,73.51,22.19,615
Olivia O'Brien,479629572.75,2707,78.45,1.46,2.03,70.0,22.19,616
Nile Rodgers,97068820.96666683,3334,76.16,0.3,2.51,71.05,22.19,617
Wegz,82831584.0,3243,75.92,0.25,2.44,71.16,22.18,618
Reik,1240522237.7833328,12877,102.72,3.79,9.93,58.94,22.18,619
Mellow & Sleazy,7016155.767857151,391,70.39,0.02,0.23,73.68,22.18,620
Peso Pluma,547556281.8333333,436,75.31,1.67,0.26,71.44,22.18,621
Sean Paul,1150547359.41667,12247,100.85,3.51,9.44,59.79,22.17,622
El Guincho,278569239.3333336,1467,74.72,0.85,1.06,71.7,22.17,623
Ramón,33478741.5,150,70.27,0.1,0.04,73.73,22.17,624
El Chacal,127753608.25,1578,73.59,0.39,1.15,72.22,22.17,625
MEDUZA,1124050115.666667,6777,91.29,3.43,5.19,64.15,22.17,626
Musa Keys,4454915.647619048,195,70.11,0.01,0.07,73.81,22.17,627
Mau y Ricky,769800153.3833313,8261,90.69,2.35,6.34,64.42,22.17,628
BENEE,461587040.5,1883,77.19,1.41,1.39,70.58,22.16,629
Don Toliver,1521055878.1500015,6421,94.32,4.64,4.91,62.77,22.16,630
A36,85466002.39999998,433,71.39,0.26,0.26,73.22,22.15,631
Aloe Blacc,511348752.8333333,2631,78.89,1.56,1.97,69.8,22.15,632
Kaleb J,154969418.5,184,71.65,0.47,0.07,73.1,22.14,633
Tani Yuuki,128093557.66666667,177,71.46,0.39,0.06,73.19,22.13,634
Da Muziqal Chef,3109102.933333334,179,70.35,0.01,0.06,73.7,22.13,635
Yng Lvcas,224759555.5,207,72.36,0.69,0.08,72.78,22.13,636
gnash,480553322.8333333,2717,78.92,1.47,2.03,69.79,22.13,637
Trannos,59809077.66666668,984,72.21,0.18,0.69,72.85,22.13,638
Internet Money,483605141.8166666,3294,80.03,1.48,2.48,69.28,22.12,639
831,50187956.5,512,71.4,0.15,0.32,73.22,22.12,640
D Gerrard,26075913.5,299,70.94,0.08,0.15,73.43,22.11,641
Hans Philip,22395684.0,211,70.82,0.07,0.09,73.48,22.1,642
French Montana,1426205445.3666692,8519,97.47,4.36,6.54,61.33,22.1,643
Alesso,753500602.9166666,9433,93.07,2.3,7.25,63.34,22.1,644
Bazzi,2109953505.6666667,5900,99.24,6.44,4.51,60.52,22.09,645
Y2K,554723508.5,2384,79.41,1.69,1.78,69.57,22.08,646
MERO,608867627.0,1245,78.02,1.86,0.89,70.2,22.07,647
This Band,183538684.0,358,72.77,0.56,0.2,72.59,22.06,648
Toni Storaro,614392.5,110,70.74,0.0,0.01,73.52,22.06,649
Ion Miles,29625085.855555546,179,71.06,0.09,0.06,73.37,22.06,650
Ana Castela,261667777.30952388,196,73.28,0.8,0.07,72.36,22.05,651
Sefo,371059372.25,656,75.05,1.13,0.43,71.55,22.05,652
Lunay,764949665.752381,10196,94.87,2.34,7.85,62.52,22.05,653
Adam Levine,430852348.83333355,3755,80.87,1.32,2.84,68.9,22.05,654
Aleyna Tilki,83215185.0,310,71.88,0.25,0.16,73.0,22.05,655
Pablito Pesadilla,36661451.58333333,164,71.22,0.11,0.05,73.3,22.05,656
Yanns,45138750.0,111,71.3,0.14,0.01,73.26,22.04,657
FIFTY FIFTY,98793272.0,108,71.81,0.3,0.01,73.03,22.03,658
Manal,6418675.666666667,313,71.35,0.02,0.17,73.24,22.03,659
NICKTHEREAL,17216082.5,201,71.3,0.05,0.08,73.26,22.02,660
DJ Patrick Muniz,30561905.833333332,124,71.33,0.09,0.02,73.25,22.02,661
MC Du Black,106142819.5,208,72.15,0.32,0.08,72.88,22.02,662
Jonasu,52076221.0,106,71.58,0.16,0.0,73.14,22.01,663
Naughty Boy,95877078.66666661,1855,74.91,0.29,1.36,71.62,22.01,664
gameboy tetris,2852410.5000000005,544,71.92,0.01,0.35,72.98,22.0,665
Chillies,47051577.66666665,787,72.74,0.14,0.53,72.61,22.0,666
PLUUTO,434364.66666666686,136,71.21,0.0,0.03,73.3,22.0,667
Vulgo FK,55491742.983333334,155,71.79,0.17,0.04,73.04,21.99,668
Beathoven,20886790.166666664,121,71.45,0.06,0.02,73.2,21.99,669
Galantis,1650067096.999999,9240,101.59,5.04,7.1,59.45,21.98,670
Aseel Hameem,17876877.833333332,659,72.4,0.05,0.43,72.76,21.98,671
Jay Wheeler,505759076.8559539,6020,85.9,1.54,4.6,66.61,21.98,672
Samra,1005954419.2000008,3381,85.89,3.07,2.55,66.61,21.98,673
Hendrik Sal-Saller,711011.5,109,71.39,0.0,0.01,73.22,21.97,674
Jowell & Randy,637846589.8333334,4677,84.86,1.95,3.56,67.08,21.97,675
Rudimental,508262714.03333324,5918,85.79,1.55,4.52,66.66,21.97,676
Dean Lewis,2161148593.0,6208,101.15,6.6,4.75,59.65,21.96,677
Lizzy McAlpine,191786405.0,226,73.34,0.59,0.1,72.33,21.96,678
Shane Codd,42247256.0,131,71.89,0.13,0.02,72.99,21.96,679
New Hope Club,26212886.0,132,71.7,0.08,0.02,73.08,21.96,680
КОСМОНАВТОВ НЕТ,16743979.0,102,71.68,0.05,0.0,73.09,21.95,681
DA PUMP,13096893.0,101,71.62,0.04,0.0,73.12,21.95,682
Vito Bambino,44101980.33333331,246,72.2,0.13,0.11,72.85,21.94,683
Rafa Pabön,408051542.95238256,7387,87.63,1.25,5.66,65.82,21.94,684
thasup,743686299.641666,1574,80.78,2.27,1.15,68.94,21.94,685
Zuma,3314608.047619049,340,72.04,0.01,0.19,72.93,21.94,686
Ami Faku,5643822.333333328,268,72.04,0.02,0.13,72.93,21.93,687
Alejo,92786557.16666654,588,73.29,0.28,0.38,72.36,21.93,688
THE TOYS,74036735.66666667,873,73.72,0.23,0.6,72.16,21.92,689
Kris Kross Amsterdam,540563957.666667,4086,83.43,1.65,3.1,67.73,21.91,690
Sezairi,108255771.6,209,72.95,0.33,0.08,72.51,21.91,691
Mc Daddy,4324321.233333333,137,71.99,0.01,0.03,72.95,21.9,692
M.J,2410853.233333333,160,72.04,0.01,0.05,72.93,21.9,693
Bipolar Sunshine,455231428.5,3707,82.1,1.39,2.8,68.34,21.9,694
MJ,4861500.833333336,213,72.13,0.01,0.09,72.89,21.9,695
Joji,2507694177.6333327,4723,102.15,7.66,3.59,59.2,21.9,696
PP Krit,23790627.833333332,197,72.25,0.07,0.08,72.83,21.9,697
Amigdala,89592416.0,156,72.83,0.27,0.04,72.57,21.89,698
Mata,486273096.8444446,2083,79.68,1.48,1.54,69.44,21.89,699
Ado,366817427.0,615,76.11,1.12,0.4,71.07,21.89,700
Metro Boomin,2048596827.7499983,6967,102.02,6.26,5.34,59.25,21.88,701
Boza,812610037.3000001,3887,85.77,2.48,2.94,66.67,21.88,702
L7or,3570214.0,159,72.18,0.01,0.05,72.86,21.88,703
Joey Montana,423851261.0000001,3175,81.13,1.29,2.39,68.78,21.87,704
Haze,284823886.8333334,2030,77.94,0.87,1.5,70.24,21.87,705
bbno$,680264503.7666667,3179,83.49,2.08,2.39,67.7,21.86,706
Hafdís Huld,26881216.0,2509,76.52,0.08,1.87,70.88,21.86,707
FRENSHIP,327684088.0,2237,78.72,1.0,1.66,69.88,21.86,708
Regi,30416301.06666666,468,73.08,0.09,0.29,72.45,21.86,709
BYOR,138454599.0,589,74.26,0.42,0.38,71.91,21.85,710
Elodie,221914136.1666667,424,74.75,0.68,0.25,71.69,21.85,711
Ryan Castro,750631413.4000001,2165,82.47,2.29,1.6,68.17,21.85,712
cakal,417255304.83333325,963,77.5,1.27,0.67,70.44,21.84,713
Interplanetary Criminal,83614078.0,291,73.36,0.25,0.15,72.32,21.84,714
Eliza Rose,83614078.0,291,73.36,0.25,0.15,72.32,21.84,715
Viktor Sheen,165381814.91666675,4045,80.51,0.5,3.07,69.06,21.84,716
Louis Tomlinson,410227083.00000083,2909,80.8,1.25,2.18,68.93,21.83,717
SERIOUS BACON,55440167.5,405,73.51,0.17,0.24,72.26,21.82,718
Stevan Pasaribu,50020468.5,142,72.94,0.15,0.03,72.52,21.82,719
COLLAR,6556637.0,103,72.54,0.02,0.0,72.7,21.82,720
Skip Marley,250678228.5,1332,76.8,0.76,0.96,70.76,21.82,721
Michael Bublé,2167659882.5,6937,103.57,6.62,5.31,58.55,21.81,722
Netta,23198583.0,288,73.12,0.07,0.15,72.43,21.8,723
Pamungkas,662631513.5,1146,80.31,2.02,0.81,69.16,21.8,724
Echosmith,379113945.5,2592,80.26,1.16,1.94,69.18,21.8,725
flexxy2115,13153694.888095235,165,72.82,0.04,0.05,72.57,21.8,726
Wiley,30566824.333333325,419,73.5,0.09,0.25,72.26,21.79,727
LADIPOE,2958668.3571428563,164,72.9,0.01,0.05,72.53,21.78,728
Rvfv,272561136.2500001,668,76.13,0.83,0.44,71.06,21.78,729
zxcursed,7200799.0,119,72.85,0.02,0.01,72.56,21.78,730
En,27019637.0,300,73.39,0.08,0.16,72.31,21.77,731
CIVO,61849514.5,128,73.41,0.19,0.02,72.3,21.77,732
Balbi El Chamako,28807836.0887446,200,73.27,0.09,0.08,72.37,21.77,733
TINI,1132446040.2500002,6091,93.23,3.46,4.66,63.26,21.76,734
Jawsh 685,752724343.9999999,2804,84.25,2.3,2.1,67.36,21.76,735
Simiz,1647670.4166666667,151,72.97,0.0,0.04,72.5,21.76,736
Nenny,13451850.0,156,73.11,0.04,0.04,72.44,21.76,737
Diyar Pala,50793184.0,104,73.31,0.15,0.0,72.35,21.76,738
Mouh Milano,5665198.0,208,73.14,0.02,0.08,72.42,21.76,739
Takagi & Ketra,127400711.91666669,466,74.72,0.39,0.28,71.7,21.75,740
Benedixhion,14657895.0,145,73.26,0.04,0.03,72.37,21.74,741
Mike 曾比特,10299881.0,226,73.37,0.03,0.1,72.32,21.74,742
Mav-d,6386967.5,100,73.09,0.02,0.0,72.45,21.74,743
Hurts,49302687.66666663,1867,76.57,0.15,1.37,70.86,21.73,744
wacci,82765906.0,179,73.96,0.25,0.06,72.05,21.73,745
Pablo Mas,69524133.16666666,178,73.87,0.21,0.06,72.09,21.73,746
Panic! At The Disco,2096640123.6666646,5493,101.02,6.4,4.19,59.71,21.73,747
Marcara,880985.5,121,73.16,0.0,0.02,72.42,21.73,748
Chris Holsten,74525425.5,458,74.38,0.23,0.28,71.86,21.73,749
Svala,1073036.5,117,73.12,0.0,0.01,72.43,21.73,750
Magixx,4187303.7261904753,191,73.33,0.01,0.07,72.34,21.73,751
GAMEBOY,5999407.166666663,259,73.53,0.02,0.12,72.25,21.72,752
Kotim,90580280.70000002,138,74.09,0.28,0.03,71.99,21.72,753
Ronnie Ferrari,36473969.0,119,73.63,0.11,0.01,72.2,21.71,754
Reynmen,271565522.6666667,611,76.54,0.83,0.4,70.87,21.71,755
Mattafix,21294505.5,163,73.55,0.06,0.05,72.24,21.71,756
IAmChino,83250609.65,1484,76.36,0.25,1.08,70.96,21.71,757
LILA,3056323.333333332,147,73.44,0.01,0.04,72.29,21.7,758
Alex Sensation,206187371.10000002,1406,77.4,0.63,1.01,70.48,21.7,759
Normani,1335960476.75,5368,94.27,4.08,4.09,62.79,21.7,760
STEREO,7586054.5,130,73.42,0.02,0.02,72.3,21.7,761
Luan Santana,1042751890.8333334,1480,85.04,3.18,1.07,67.0,21.69,762
Babalwa M,2652824.583333334,115,73.43,0.01,0.01,72.29,21.69,763
NAV,885988994.5666667,4168,88.3,2.71,3.16,65.51,21.69,764
Itzo Hazarta,2920777.8333333335,411,74.04,0.01,0.24,72.01,21.68,765
Christian Daniel,62575585.66666666,887,75.41,0.19,0.61,71.39,21.68,766
Szczepan,10433461.833333334,145,73.72,0.03,0.03,72.16,21.67,767
Rack,59201877.66666661,1692,76.83,0.18,1.24,70.74,21.67,768
WANYAi,50223018.0,449,74.55,0.15,0.27,71.78,21.67,769
Wyguś,10433461.833333334,145,73.72,0.03,0.03,72.16,21.67,770
SNIK,109387973.33333336,3300,80.08,0.33,2.49,69.26,21.66,771
Wesley Safadão,1506431417.8333333,2310,90.85,4.6,1.72,64.35,21.66,772
Nickoog Clk,107058235.43888888,384,75.1,0.33,0.22,71.53,21.66,773
Mc Rennan,54664525.166666664,185,74.3,0.17,0.07,71.9,21.66,774
LF SYSTEM,148118162.0,249,75.24,0.45,0.12,71.47,21.66,775
Stromae,222538891.7,2081,78.99,0.68,1.54,69.76,21.66,776
DJ Kas,3478378.6666666665,177,73.86,0.01,0.06,72.1,21.65,777
Funk Wav,278642699.1333331,3024,81.17,0.85,2.27,68.76,21.65,778
Chase Anthony,1004945.1666666667,108,73.81,0.0,0.01,72.12,21.64,779
PEDRO SAMPAIO,681758675.5666671,965,81.3,2.08,0.67,68.7,21.64,780
Luísa Sonza,750236609.1818184,1082,82.12,2.29,0.76,68.33,21.64,781
Koby Funk,8603941.666666668,103,73.93,0.03,0.0,72.06,21.63,782
LISA,985746565.5,2264,86.39,3.01,1.68,66.38,21.62,783
Talal Qureshi,1584496.8333333337,118,73.97,0.0,0.01,72.05,21.62,784
Ezra Williams,10859570.999999996,111,74.02,0.03,0.01,72.02,21.62,785
Offset,1963941696.3642848,7683,104.52,6.0,5.89,58.11,21.6,786
Audy,47284854.5,174,74.68,0.14,0.06,71.72,21.59,787
İkiye On Kala,68757258.0,141,74.87,0.21,0.03,71.64,21.59,788
ITHAN NY,29626511.100000005,138,74.46,0.09,0.03,71.82,21.59,789
MC Rogerinho,297862480.6666666,213,76.99,0.91,0.09,70.67,21.59,790
Dj Gabriel do Borel,75432998.16666667,143,74.87,0.23,0.03,71.64,21.59,791
Madumane,2676706.5071428567,255,74.46,0.01,0.12,71.82,21.59,792
Because,66274269.0,184,74.89,0.2,0.07,71.63,21.59,793
Display,5605499.233333335,159,74.42,0.02,0.05,71.84,21.58,794
Domingues,20218535.0,231,74.58,0.06,0.1,71.77,21.58,795
Verdine White,128955778.08333346,2327,79.25,0.39,1.73,69.64,21.57,796
HENSY,9216197.5,175,74.53,0.03,0.06,71.79,21.57,797
Björgvin Halldórsson,3232366.166666667,376,74.76,0.01,0.21,71.69,21.57,798
ZT (3x3),29785361.111111093,578,75.35,0.09,0.37,71.42,21.57,799
E1 (3x3),30257227.111111097,579,75.41,0.09,0.37,71.39,21.56,800
American Authors,166135335.0,1955,79.05,0.51,1.44,69.73,21.56,801
Lamin,30566183.16666666,326,75.13,0.09,0.18,71.52,21.55,802
V $ X V PRiNCE,8037328.333333332,328,74.9,0.02,0.18,71.62,21.55,803
Marc Seguí,190677230.33333382,1212,78.04,0.58,0.86,70.19,21.55,804
Noa Kirel,33217894.666666668,830,76.03,0.1,0.57,71.11,21.54,805
Malu,92123918.0,188,75.51,0.28,0.07,71.34,21.54,806
Oliver Tree,616083637.1666667,1456,82.34,1.88,1.05,68.23,21.54,807
Amtilb,1413090.0000000002,139,74.58,0.0,0.03,71.77,21.54,808
Luciano,1132142870.45,3658,90.71,3.46,2.77,64.41,21.54,809
Sin Laurent,15745725.5,381,75.24,0.05,0.22,71.47,21.53,810
2 Chainz,677074631.6083335,4108,87.48,2.07,3.11,65.89,21.53,811
Wohnout,12421897.0,305,75.09,0.04,0.16,71.54,21.53,812
Anneth,58782915.0,133,75.2,0.18,0.03,71.49,21.53,813
Riton,326915981.25,3075,82.57,1.0,2.31,68.12,21.53,814
Leon Somov & Jazzu,217950.0,106,74.56,0.0,0.0,71.78,21.53,815
Gilli,395958780.7333337,4079,84.88,1.21,3.09,67.07,21.53,816
Grey,822858839.3333371,6596,93.0,2.51,5.05,63.37,21.53,817
L'morphine,9875215.5,290,75.09,0.03,0.15,71.54,21.52,818
Riff Raff,18528500.5,413,75.36,0.06,0.24,71.41,21.52,819
Pol Granch,189110190.16666716,1212,78.24,0.58,0.86,70.1,21.52,820
Young Leosia,85511413.01190476,386,76.0,0.26,0.22,71.12,21.51,821
Nomfundo Moh,2771383.1666666665,102,74.73,0.01,0.0,71.7,21.51,822
Gustavo Mioto,593426007.5,580,80.86,1.81,0.37,68.9,21.51,823
Ziva Magnolya,132038424.58,234,76.18,0.4,0.1,71.04,21.5,824
Lil Tecca,1874938958.8333333,3230,96.92,5.73,2.43,61.58,21.5,825
Gurinder Gill,251230123.0833334,672,78.03,0.77,0.44,70.19,21.5,826
Ilsey,133556247.5,2073,79.33,0.41,1.53,69.6,21.5,827
EDIS,224874158.5,670,77.79,0.69,0.44,70.3,21.5,828
KESI,186428386.51666662,2015,79.79,0.57,1.49,69.39,21.49,829
Dennis Lloyd,875517543.5,3397,88.29,2.67,2.56,65.52,21.49,830
Light,144923811.81666684,4183,83.12,0.44,3.17,67.87,21.49,831
t-low,193477474.0,539,77.38,0.59,0.34,70.49,21.49,832
Delia,5022423.5,293,75.23,0.01,0.15,71.47,21.49,833
Wiz Khalifa,1019428716.8333333,9899,100.73,3.11,7.62,59.84,21.48,834
THE ROOP,4919293.5,148,75.04,0.01,0.04,71.56,21.48,835
Jasmine Thompson,386045465.00000006,4979,86.7,1.18,3.79,66.24,21.48,836
Mody Amin,1290345.5000000005,116,74.94,0.0,0.01,71.6,21.48,837
Ved Sharma,47877556.5,117,75.43,0.15,0.01,71.38,21.48,838
Flow La Movie,248640571.29999998,1297,79.32,0.76,0.93,69.61,21.47,839
Yüzyüzeyken Konuşuruz,426845345.0,1379,81.0,1.3,0.99,68.84,21.47,840
ALLMO$T,70631032.00000003,183,75.8,0.22,0.06,71.21,21.47,841
ACRAZE,411859287.5,1582,81.31,1.26,1.15,68.7,21.46,842
Baviera,48615084.400000006,131,75.6,0.15,0.02,71.3,21.46,843
Sarettii,46918593.0,152,75.62,0.14,0.04,71.29,21.46,844
Danny Vera,81666595.5,233,76.02,0.25,0.1,71.11,21.46,845
Getsunova,8226550.333333334,160,75.28,0.02,0.05,71.45,21.46,846
Martin Brygmann,17223897.5,187,75.4,0.05,0.07,71.39,21.46,847
Cherish,411859287.5,1582,81.31,1.26,1.15,68.7,21.46,848
بدر العزي,6686130.0,201,75.35,0.02,0.08,71.42,21.46,849
Jaani,24729867.333333325,112,75.29,0.07,0.01,71.44,21.46,850
Wiatr,14341069.83333333,119,75.27,0.04,0.01,71.45,21.45,851
Oge,17983671.500000015,460,75.93,0.05,0.28,71.15,21.45,852
DJ Ivis,202571171.5,250,77.28,0.62,0.12,70.54,21.45,853
Zé Felipe,758980811.3333333,857,83.29,2.32,0.59,67.8,21.45,854
Blessd,270427102.50000006,1946,80.76,0.83,1.43,68.95,21.45,855
Hugo & Guilherme,667819549.5,494,81.8,2.04,0.31,68.48,21.45,856
Dylan,4698804.0,121,75.21,0.01,0.02,71.48,21.45,857
Fukaj,10745819.261976913,151,75.42,0.03,0.04,71.38,21.44,858
Tamta,7075037.5,379,75.78,0.02,0.22,71.22,21.44,859
Aya Nakamura,901984262.0000002,3511,89.11,2.75,2.65,65.14,21.44,860
Nine Chen,11767331.666666666,211,75.53,0.04,0.09,71.33,21.44,861
Dermot Kennedy,688110901.1666667,3816,87.82,2.1,2.89,65.73,21.43,862
Jung Kook,304427522.3333335,1089,79.78,0.93,0.77,69.4,21.42,863
Shilpa Rao,51393094.5833333,285,76.19,0.16,0.14,71.03,21.42,864
Jer 柳應廷,25037908.5,485,76.27,0.08,0.3,71.0,21.42,865
KHEA,571374785.1476185,7124,92.44,1.74,5.46,63.62,21.42,866
Dante Klein,211486821.5,1654,79.98,0.65,1.21,69.31,21.42,867
Dikla,1573537.5,117,75.4,0.0,0.01,71.39,21.42,868
Little Mix,1498249439.5,8344,102.8,4.58,6.41,58.9,21.42,869
Orsovai Reni,2632614.5,126,75.44,0.01,0.02,71.38,21.42,870
shy martin,382692910.0,2740,83.29,1.17,2.05,67.8,21.42,871
BEGE,197812796.42857143,518,77.93,0.6,0.32,70.24,21.41,872
Yoko Ono,198649942.0,947,78.7,0.61,0.66,69.89,21.41,873
Tuğçe Kandemir,91633271.66666672,317,76.69,0.28,0.17,70.81,21.41,874
Passenger,992687250.5,9649,100.6,3.03,7.42,59.9,21.41,875
Chino & Nacho,193545956.1666667,3764,83.46,0.59,2.85,67.72,21.41,876
Descemer Bueno,304348810.33333284,5297,87.06,0.93,4.04,66.08,21.41,877
Khtek,2047893.666666667,263,75.74,0.01,0.13,71.24,21.41,878
Milky Chance,482595383.0,2673,84.24,1.47,2.0,67.36,21.4,879
Kent Jones,454558248.25,1294,81.66,1.39,0.93,68.54,21.4,880
mgng,29603526.499999985,173,75.96,0.09,0.06,71.14,21.4,881
Rapposaurus Rex,4471136.399999999,138,75.72,0.01,0.03,71.25,21.39,882
LamboLaz,4471136.399999999,138,75.72,0.01,0.03,71.25,21.39,883
SuperJonny,4471136.399999999,138,75.72,0.01,0.03,71.25,21.39,884
Pink Sweat$,474594062.5,1254,81.93,1.45,0.9,68.42,21.38,885
villemdrillem,2587833.666666667,447,76.33,0.01,0.27,70.97,21.38,886
dj nevykele,2354695.5,106,75.78,0.01,0.0,71.22,21.37,887
MASNY BEN,31092418.499999993,184,76.2,0.09,0.07,71.03,21.37,888
Gucci Mane,1664786693.9416683,6802,102.15,5.08,5.21,59.2,21.36,889
La Pantera,65475952.64285719,488,77.1,0.2,0.3,70.62,21.36,890
Kuqe 2115,23550796.285714272,282,76.32,0.07,0.14,70.97,21.36,891
Skerdi,1033624.5,122,75.86,0.0,0.02,71.18,21.36,892
Crowd Lu,82155138.0,904,77.9,0.25,0.62,70.25,21.36,893
GOMBAO 33,14859195.41666667,116,75.99,0.04,0.01,71.12,21.36,894
Bossikan,20782145.833333325,613,76.85,0.06,0.4,70.73,21.36,895
Dept,41948146.0,181,76.31,0.13,0.06,70.98,21.36,896
Pinguini Tattici Nucleari,465349969.5,711,80.98,1.42,0.47,68.85,21.36,897
Elettra Lamborghini,128943426.1,222,77.25,0.39,0.09,70.55,21.35,898
YNY Sebi,14854464.683333335,605,76.88,0.04,0.39,70.72,21.35,899
Snova,36515459.99999998,648,77.19,0.11,0.43,70.58,21.35,900
ATB,208810133.99999967,1674,80.47,0.64,1.22,69.08,21.35,901
Niack,327002913.3333334,212,79.01,1.0,0.09,69.75,21.35,902
YOASOBI,913594969.0,2205,87.71,2.79,1.64,65.78,21.34,903
Arman Aydin,39444528.21666666,235,76.57,0.12,0.1,70.86,21.34,904
Arem Ozguc,39444528.21666666,235,76.57,0.12,0.1,70.86,21.34,905
I Belong to the Zoo,200078873.71428573,427,78.34,0.61,0.25,70.05,21.33,906
flumpool,17054684.0,148,76.26,0.05,0.04,71.0,21.33,907
Specktors,13434544.500000002,191,76.32,0.04,0.07,70.97,21.33,908
$hirak,53152973.53333334,472,77.25,0.16,0.29,70.55,21.32,909
Pitsa,432993.0,169,76.2,0.0,0.05,71.03,21.32,910
Varun Dhawan,17921444.666666664,110,76.29,0.05,0.01,70.99,21.32,911
Coi Leray,302912073.5,451,79.43,0.92,0.27,69.56,21.32,912
Mc Anjim,55814036.66666669,101,76.7,0.17,0.0,70.8,21.31,913
Rose Villain,47582390.25,163,76.75,0.14,0.05,70.78,21.31,914
Zeynep Bastık,234893842.66666666,680,79.28,0.72,0.45,69.62,21.31,915
AUTTA,8898038.714285715,121,76.31,0.03,0.02,70.98,21.31,916
Kaho Hung,20949337.5,405,76.87,0.06,0.24,70.72,21.31,917
Payal Dev,64450730.16666667,328,77.23,0.2,0.18,70.56,21.3,918
Timeflies,407367275.0,1727,82.64,1.24,1.26,68.09,21.3,919
TAY,5261290.5,139,76.39,0.02,0.03,70.94,21.3,920
Calum Scott,1121113464.6666672,5340,95.16,3.42,4.07,62.38,21.3,921
Arbise González,15311234.00000002,1132,78.18,0.05,0.8,70.13,21.3,922
Mohammed Bin Grman,3767587.0,119,76.36,0.01,0.01,70.96,21.29,923
John Ryan,86421299.5,1672,79.76,0.26,1.22,69.41,21.29,924
Irama,471884139.83333343,690,81.55,1.44,0.46,68.59,21.29,925
Silk Sonic,659308405.9333323,3358,87.77,2.01,2.53,65.75,21.29,926
Sarcastic Sounds,11518341.999999996,126,76.5,0.03,0.02,70.89,21.29,927
Big Baby Tape,118938078.5,1647,79.99,0.36,1.2,69.3,21.29,928
Mrs. GREEN APPLE,408846071.0,1446,82.36,1.25,1.05,68.22,21.28,929
Shinda Kahlon,87572511.74999996,376,77.7,0.27,0.21,70.35,21.28,930
Kamelen,31512525.333333325,263,77.06,0.1,0.13,70.64,21.27,931
Ayse Hatun Onal,15893855.5,144,76.73,0.05,0.03,70.79,21.27,932
Polo G,2822645598.6666684,5320,110.67,8.62,4.06,55.31,21.26,933
Nego do Borel,369283566.1666667,1691,82.56,1.13,1.24,68.13,21.26,934
StaySolidRocky,610185788.5,1279,84.02,1.86,0.92,67.46,21.26,935
KALUSH,25712011.833333336,620,77.64,0.08,0.4,70.37,21.26,936
Disclosure,921262514.8333333,6908,96.36,2.81,5.29,61.84,21.26,937
Jere Klein,90996834.45238094,212,77.64,0.28,0.09,70.37,21.25,938
Anji,31048136.0,155,76.99,0.09,0.04,70.67,21.25,939
DBN Gogo,2168689.280952381,197,76.84,0.01,0.08,70.74,21.25,940
Emily Warren,379778137.6666666,2688,84.42,1.16,2.01,67.28,21.25,941
Donnie,57418428.8452381,264,77.52,0.17,0.13,70.43,21.24,942
José Feliciano,562864097.85,1051,83.34,1.72,0.74,67.77,21.24,943
Mithoon,106727685.41666663,413,78.29,0.33,0.24,70.08,21.23,944
TOQUEL,69316794.41666675,2278,81.07,0.21,1.69,68.81,21.23,945
Darkoo,42187748.44444452,670,78.13,0.13,0.44,70.15,21.23,946
Montez,198423834.5,380,79.07,0.61,0.22,69.72,21.23,947
Juseph,60626479.81428576,498,78.0,0.18,0.31,70.21,21.23,948
Maggie Fu,3229545.0,101,76.89,0.01,0.0,70.71,21.22,949
Burak King,34602900.6,246,77.38,0.11,0.11,70.49,21.22,950
ObieDaz,10052616.08333334,331,77.32,0.03,0.18,70.52,21.22,951
Macklemore & Ryan Lewis,393034318.5833322,10850,98.73,1.2,8.35,60.76,21.21,952
Odeya,11887465.333333332,185,77.16,0.04,0.07,70.59,21.21,953
Inkonnu,36275947.0,1295,79.28,0.11,0.93,69.62,21.21,954
Bich Phuong,29234202.0,535,77.95,0.09,0.34,70.23,21.21,955
King Gnu,512377467.0,1350,83.59,1.56,0.97,67.66,21.21,956
Sheppard,289938302.0,2006,82.72,0.88,1.48,68.06,21.21,957
Shiva,442670346.9238097,918,82.33,1.35,0.64,68.23,21.2,958
Tuğba Yurt,23261243.0,119,77.26,0.07,0.01,70.55,21.2,959
Steve Lacy,1584058262.6666667,1961,94.34,4.84,1.45,62.76,21.2,960
Capital Cities,189882614.0,3257,84.12,0.58,2.45,67.42,21.19,961
Big Sean,1653522602.875001,7287,104.16,5.05,5.59,58.28,21.18,962
Nemazalány,2608355.666666667,139,77.22,0.01,0.03,70.56,21.18,963
Ivandro,27290574.16666667,437,77.98,0.08,0.26,70.22,21.18,964
Cledos,33826163.5,607,78.27,0.1,0.39,70.09,21.18,965
Rácz Gergõ,2647247.0,128,77.3,0.01,0.02,70.53,21.17,966
Hanan Ben Ari,49201209.0,1080,79.36,0.15,0.76,69.59,21.17,967
Santiago Saez,27646885.50000001,338,77.86,0.08,0.18,70.27,21.17,968
Lê Hiếu,2274891.166666667,206,77.46,0.01,0.08,70.45,21.16,969
Ekhoe,7460149.566666665,163,77.42,0.02,0.05,70.47,21.16,970
Mc Danny,256025025.49999997,361,80.03,0.78,0.2,69.28,21.16,971
Charly Black,154921399.0,2611,82.94,0.47,1.95,67.96,21.16,972
De Mthuda,4673694.733333334,325,77.69,0.01,0.17,70.35,21.16,973
THE SCOTTS,239902491.33333316,1478,81.82,0.73,1.07,68.47,21.15,974
Irina Kairatovna,4344900.0,282,77.7,0.01,0.14,70.35,21.15,975
LOLO,16226919.666666664,189,77.62,0.05,0.07,70.38,21.15,976
Snor,16861741.833333336,717,78.59,0.05,0.48,69.94,21.15,977
D3MO,803238.5,167,77.47,0.0,0.05,70.45,21.15,978
Brytiago,452139497.0587301,9864,98.06,1.38,7.59,61.06,21.15,979
Sha Sha,2237572.083333332,221,77.64,0.01,0.09,70.37,21.14,980
URBOYTJ,45162437.66666667,500,78.52,0.14,0.31,69.97,21.14,981
Fiersa Besari,387267459.5,970,82.39,1.18,0.68,68.21,21.14,982
Low G,8554791.166666668,150,77.64,0.03,0.04,70.37,21.14,983
Nicki Nicole,640545568.7833327,3994,89.8,1.96,3.03,64.83,21.14,984
Herra Hnetusmjör,17960864.802631583,1903,80.65,0.05,1.4,69.0,21.14,985
Omer Adam,74704724.66666666,2054,81.49,0.23,1.52,68.62,21.13,986
Nissy,23381130.0,136,77.78,0.07,0.03,70.31,21.13,987
高爾宣 OSN,105380488.8,1149,80.26,0.32,0.82,69.18,21.13,988
Stars Music Chile,92647780.03333339,459,78.94,0.28,0.28,69.78,21.13,989
Roi 6/12,10600055.333333334,140,77.72,0.03,0.03,70.34,21.12,990
Zion,335111159.66764104,9228,96.13,1.02,7.09,61.94,21.12,991
Eden Muñoz,278270246.0,446,80.7,0.85,0.27,68.98,21.12,992
BloodPop®,432118714.0,2554,85.61,1.32,1.91,66.74,21.12,993
kizaru,137712237.0,1829,81.72,0.42,1.34,68.51,21.12,994
Ayaz Erdoğan,49648791.0,123,78.09,0.15,0.02,70.17,21.12,995
Aron Can,19239237.502631575,1906,80.81,0.06,1.4,68.93,21.12,996
Duit,17460902.5,140,77.77,0.05,0.03,70.31,21.12,997
Victoria Nadine,18252015.5,102,77.83,0.06,0.0,70.29,21.11,998
B. Swanson Quartet,291782457.5,1168,82.07,0.89,0.83,68.35,21.11,999
Stebin Ben,47733412.933333345,141,78.16,0.15,0.03,70.14,21.11,1000
Timati,7670778.333333334,294,78.04,0.02,0.15,70.19,21.11,1001
Attan,1607415.0,121,77.69,0.0,0.02,70.35,21.11,1002
Afroto,19934619.833333336,751,78.91,0.06,0.51,69.79,21.11,1003
Double Zuksh,3642008.000000001,300,78.09,0.01,0.16,70.17,21.1,1004
Hussain Al Ghazal,1182773.5,100,77.73,0.0,0.0,70.33,21.1,1005
Lele Pons,377888347.0,1620,83.66,1.15,1.18,67.63,21.1,1006
SALVA,4995605.166666667,134,77.81,0.01,0.03,70.3,21.1,1007
Marama,241841838.3333333,3651,85.94,0.74,2.76,66.59,21.1,1008
blackbear,2133267447.7500007,4807,104.78,6.51,3.66,58.0,21.1,1009
SIMONA,2810807.666666667,362,78.23,0.01,0.2,70.1,21.09,1010
Skofka,10194269.333333332,278,78.2,0.03,0.14,70.12,21.09,1011
Shehta Karika,843064.9999999997,101,77.78,0.0,0.0,70.31,21.09,1012
Billen Ted,122375706.99999988,933,80.31,0.37,0.65,69.16,21.09,1013
Zoka,843064.9999999997,101,77.78,0.0,0.0,70.31,21.09,1014
PinkPantheress,508453258.0,918,83.76,1.55,0.64,67.58,21.09,1015
HA SUNG WOON,39078048.0,216,78.43,0.12,0.09,70.01,21.08,1016
Tiara Andini,241004585.57999998,373,80.47,0.74,0.21,69.08,21.08,1017
Sobel,180185374.5833334,932,80.94,0.55,0.65,68.87,21.08,1018
sanah,424922352.83333325,1342,83.76,1.3,0.97,67.58,21.08,1019
OG-ANIC,7924266.5,209,78.12,0.02,0.08,70.15,21.08,1020
Gente De Zona,456296512.33333296,9571,98.1,1.39,7.36,61.04,21.08,1021
Changg,7056486.0,188,78.15,0.02,0.07,70.14,21.07,1022
AKA,5685515.5,114,78.01,0.02,0.01,70.2,21.07,1023
Kamferdrops,44907805.5,109,78.39,0.14,0.01,70.03,21.07,1024
Abel de Jong,31349604.56666666,197,78.39,0.1,0.08,70.03,21.07,1025
Kodak Black,2272855414.883336,4622,105.95,6.94,3.51,57.46,21.07,1026
Molotof,8013630.333333333,740,79.07,0.02,0.5,69.72,21.07,1027
Regard,1598300605.1666658,4725,100.09,4.88,3.59,60.13,21.07,1028
Basim,15073094.4,145,78.23,0.05,0.03,70.1,21.06,1029
remember.,13228185.0,106,78.16,0.04,0.0,70.14,21.06,1030
Emilia,250896759.2333331,1613,82.85,0.77,1.18,68.0,21.06,1031
John Lennon,199557494.0,974,81.32,0.61,0.68,68.69,21.06,1032
Zynakal,5322969.555555556,113,78.19,0.02,0.01,70.12,21.05,1033
Kontrafakt,19145328.43333335,1003,79.83,0.06,0.7,69.37,21.05,1034
MC Kevinho,811518974.8269233,2934,90.16,2.48,2.2,64.66,21.05,1035
220 KID,140570043.83333352,1024,80.92,0.43,0.72,68.88,21.05,1036
Abidoza,1676496.4,123,78.1,0.0,0.02,70.16,21.05,1037
Huginn,5699718.333333332,623,79.12,0.02,0.41,69.7,21.04,1038
P!nk,1115538602.0,6314,98.71,3.41,4.83,60.76,21.04,1039
Isah,26155219.0,230,78.61,0.08,0.1,69.93,21.04,1040
DJ Maphorisa,12516904.923809523,1073,79.94,0.04,0.76,69.32,21.04,1041
Jessie J,365535626.66666657,5800,91.13,1.12,4.43,64.22,21.04,1042
RAF Camora,1177641611.7999992,7714,101.67,3.6,5.92,59.41,21.04,1043
STEFAN,1487502.0,124,78.27,0.0,0.02,70.09,21.03,1044
AP Dhillon,352489143.41666657,904,82.75,1.08,0.62,68.04,21.03,1045
EL IMA,38293025.14285719,442,79.19,0.12,0.27,69.67,21.03,1046
Abhir Hathi,38293025.14285719,442,79.19,0.12,0.27,69.67,21.03,1047
Shaka Loveless,12682217.833333334,158,78.47,0.04,0.05,69.99,21.03,1048
Frank Ocean,845327480.3333338,3139,90.98,2.58,2.36,64.29,21.03,1049
7ari,16261635.0,472,79.0,0.05,0.29,69.75,21.03,1050
Florida Georgia Line,1228255858.75,5840,99.0,3.75,4.46,60.63,21.03,1051
Klingande,125131840.0,1100,81.04,0.38,0.78,68.82,21.03,1052
Shablo,74570846.41666669,245,79.16,0.23,0.11,69.68,21.03,1053
Brysa,17453726.5,152,78.49,0.05,0.04,69.98,21.03,1054
Cornelia Jakobs,24403259.0,113,78.54,0.07,0.01,69.96,21.02,1055
MC Rick,86709988.6060606,180,79.17,0.26,0.06,69.67,21.02,1056
Marwan Moussa,33342785.000000007,1461,80.91,0.1,1.06,68.88,21.02,1057
Kid Ink,448987571.3166665,5296,91.25,1.37,4.04,64.17,21.01,1058
Emilee,452129807.1666667,1953,85.56,1.38,1.44,66.76,21.01,1059
Surf Mesa,452129807.1666667,1953,85.56,1.38,1.44,66.76,21.01,1060
Janna,13916345.833333332,203,78.66,0.04,0.08,69.91,21.01,1061
Lil Dicky,430704820.33333313,1303,84.32,1.31,0.93,67.33,21.0,1062
Ásgeir,1311161.0,220,78.65,0.0,0.09,69.91,21.0,1063
Shekel,3540390.9,141,78.52,0.01,0.03,69.97,21.0,1064
Wanz,54165183.5,1181,80.8,0.16,0.84,68.93,21.0,1065
Batuflex,218764965.08333334,705,81.48,0.67,0.47,68.62,21.0,1066
Matthaios,76555993.75,242,79.4,0.23,0.11,69.57,21.0,1067
AWOLNATION,147063793.0,1780,82.67,0.45,1.31,68.08,21.0,1068
Anderson .Paak,701296167.0999988,3670,90.84,2.14,2.77,64.35,20.99,1069
Evaluna Montaner,255729720.5,1950,83.95,0.78,1.44,67.5,20.99,1070
Nikhil D'Souza,8702689.583333332,115,78.63,0.03,0.01,69.92,20.99,1071
Juanka,204661283.48571458,2032,83.66,0.62,1.5,67.63,20.99,1072
Intense,107382830.83333334,192,79.64,0.33,0.07,69.46,20.99,1073
Ice Paris,8719509.0,108,78.72,0.03,0.01,69.88,20.98,1074
Aditya Rikhari,19075445.0,123,78.82,0.06,0.02,69.83,20.98,1075
Marco Borsato,60088463.72619047,518,79.86,0.18,0.32,69.36,20.98,1076
Ñengo Flow,702234384.7345259,8698,99.48,2.14,6.68,60.41,20.98,1077
De La Ghetto,545825417.739179,13617,106.52,1.67,10.51,57.2,20.98,1078
Roc Boyz,30162084.0,188,79.06,0.09,0.07,69.73,20.98,1079
Fabe,14892533.166666672,197,78.9,0.04,0.08,69.8,20.98,1080
Arcade Fire,3910066.0,111,78.73,0.01,0.01,69.88,20.97,1081
JóiPé,9403605.749999996,1266,80.73,0.03,0.91,68.96,20.97,1082
Manele Mentolate,9422512.333333328,445,79.45,0.03,0.27,69.55,20.96,1083
MC Zaquin,156064723.5,265,80.48,0.48,0.13,69.08,20.96,1084
Anna Zak,11633533.333333332,215,79.06,0.03,0.09,69.73,20.96,1085
Metejoor,20016866.5,262,79.29,0.06,0.13,69.62,20.95,1086
CNCO,1151629730.1666665,8662,103.73,3.52,6.65,58.48,20.95,1087
Deys,6842155.733333332,104,78.9,0.02,0.0,69.8,20.95,1088
Jimin,358259072.5,892,83.41,1.09,0.62,67.74,20.94,1089
Portugal. The Man,947496395.6666666,2782,92.02,2.89,2.08,63.82,20.93,1090
LIT killah,496452624.2023805,3458,89.11,1.52,2.61,65.14,20.93,1091
Nacho,477787418.75000036,6610,94.31,1.46,5.06,62.77,20.93,1092
KOJO,4967741.25,226,79.24,0.01,0.1,69.64,20.93,1093
Jack & Jack,411533882.0,2283,86.47,1.26,1.7,66.35,20.92,1094
RH,41634199.5,396,79.95,0.13,0.23,69.32,20.92,1095
Vicky Chen,36887076.60000001,494,80.05,0.11,0.31,69.27,20.92,1096
Ayra Starr,11062500.58333333,360,79.61,0.03,0.2,69.47,20.91,1097
Indigo,30172094.083333332,299,79.69,0.09,0.15,69.44,20.91,1098
Maiyarap,18215525.964285716,252,79.53,0.05,0.12,69.51,20.91,1099
Bejo,38661948.31932778,450,80.07,0.12,0.27,69.26,20.91,1100
BEHM,100042002.5,926,81.42,0.3,0.64,68.65,20.91,1101
Ishay Ribo,38043621.33333333,1185,81.35,0.12,0.84,68.68,20.9,1102
Galena,8646738.333333334,1020,80.83,0.03,0.72,68.92,20.9,1103
Teto,354630005.2333334,594,83.28,1.08,0.38,67.8,20.89,1104
Milo j,108283917.5,293,80.55,0.33,0.15,69.05,20.89,1105
Justin Wellington,98413392.5,395,80.66,0.3,0.23,69.0,20.89,1106
Small Jam,98413392.5,395,80.66,0.3,0.23,69.0,20.89,1107
Kungs,623962615.5,3484,90.6,1.91,2.63,64.46,20.89,1108
ABREU,56490423.16666667,598,80.58,0.17,0.39,69.03,20.89,1109
VALMAR,13567292.0,430,79.94,0.04,0.26,69.32,20.89,1110
Mara Sattei,103637953.1666667,309,80.53,0.32,0.16,69.05,20.89,1111
Tanishk Bagchi,300159111.50000006,1543,84.45,0.92,1.12,67.27,20.88,1112
Sofi,3089802.666666667,174,79.52,0.01,0.06,69.52,20.88,1113
ROOFTOP,10184840.0,140,79.52,0.03,0.03,69.52,20.88,1114
LilCagula,3900044.3666666667,163,79.55,0.01,0.05,69.5,20.87,1115
Cookin' On 3 Burners,387162587.0,2656,87.21,1.18,1.99,66.01,20.87,1116
JP Cooper,776954235.6666666,4696,94.19,2.37,3.57,62.83,20.87,1117
BLOODY VINYL,29167362.584523816,213,79.94,0.09,0.09,69.32,20.86,1118
Pop Pongkool,20824483.5,255,79.93,0.06,0.12,69.33,20.86,1119
Cris Cab,13382092.833333334,197,79.77,0.04,0.08,69.4,20.86,1120
El Sawareekh,2387916.0,176,79.62,0.01,0.06,69.47,20.86,1121
Game of Thrones,19339839.75,217,79.82,0.06,0.09,69.38,20.86,1122
ThxSoMch,319003926.0,560,83.2,0.97,0.36,67.84,20.85,1123
Ali Loka,2411670.0,127,79.65,0.01,0.02,69.46,20.85,1124
Clever,71915948.33333331,510,80.96,0.22,0.32,68.86,20.84,1125
Laddi,1951770.0,129,79.69,0.01,0.02,69.44,20.84,1126
Locura Mix,19325314.500000004,150,79.91,0.06,0.04,69.34,20.84,1127
Mads Langer,40357161.77777777,302,80.3,0.12,0.16,69.16,20.84,1128
Mas Musiq,3415284.3000000017,216,79.87,0.01,0.09,69.36,20.84,1129
Jaymes Young,797465350.3333333,1916,89.8,2.43,1.41,64.83,20.84,1130
Slait,29313476.917857148,214,80.05,0.09,0.09,69.27,20.84,1131
Davido,21120583.440476183,366,80.3,0.06,0.21,69.16,20.83,1132
Favst,64011497.49999997,386,80.75,0.19,0.22,68.95,20.83,1133
Gulddreng,99395547.5,456,81.22,0.3,0.28,68.74,20.83,1134
BRANYA,5758632.0,129,79.77,0.02,0.02,69.4,20.83,1135
Josef Bratan,29665848.833333336,157,80.06,0.09,0.04,69.27,20.83,1136
The Juans,71445920.0,166,80.42,0.22,0.05,69.1,20.83,1137
Solda,25332246.199999996,512,80.65,0.08,0.32,69.0,20.83,1138
Grandmaster Caz,54987496.800000004,1369,82.48,0.17,0.99,68.17,20.82,1139
MILES,21252729.084523816,159,80.05,0.06,0.05,69.27,20.82,1140
fiedlerski,2985422.0833333344,137,79.9,0.01,0.03,69.34,20.82,1141
The Limba,13262736.666666666,438,80.46,0.04,0.26,69.09,20.82,1142
Grandmaster Melle Mel,54987496.800000004,1369,82.48,0.17,0.99,68.17,20.82,1143
Umm Kulthum,1705559.0,205,79.95,0.0,0.08,69.32,20.82,1144
Mathieu Koss,38010483.5,146,80.19,0.12,0.04,69.21,20.82,1145
ElGrandeToto,104735295.06666665,3284,86.14,0.32,2.47,66.5,20.82,1146
Kool Moe Dee,54987496.800000004,1369,82.48,0.17,0.99,68.17,20.82,1147
Gigi D'Agostino,692584490.3333334,3671,92.02,2.11,2.78,63.82,20.82,1148
Kaleb Di Masi,102790778.39642861,762,81.88,0.31,0.51,68.44,20.81,1149
Morgan Wallen,3054619688.5,1802,110.05,9.33,1.32,55.59,20.81,1150
Ingratax,444449054.0,1078,85.47,1.36,0.76,66.8,20.81,1151
Devi Sri Prasad,70152132.08333331,149,80.52,0.21,0.04,69.06,20.81,1152
Geegun,2200613.333333333,148,79.98,0.01,0.04,69.31,20.81,1153
Up Dharma Down,133338587.0,428,81.64,0.41,0.25,68.55,20.8,1154
Bonez MC,1188381466.6166654,7013,102.33,3.63,5.37,59.11,20.8,1155
DJ Antoine,7097703.666666666,131,79.99,0.02,0.02,69.3,20.8,1156
Silentó,318793691.5,1648,85.41,0.97,1.2,66.83,20.8,1157
Jasmine Sandlas,31287885.416666664,150,80.23,0.09,0.04,69.19,20.8,1158
Paloma Mami,300384866.4333333,1181,84.42,0.92,0.84,67.28,20.8,1159
Phuong Ly,9393821.0,196,80.24,0.03,0.07,69.19,20.79,1160
DJ SMASH,5895191.5,113,80.04,0.02,0.01,69.28,20.79,1161
boipepperoni,553018.0,199,80.15,0.0,0.08,69.23,20.79,1162
Fergie,112981801.5,1287,83.0,0.34,0.92,67.93,20.79,1163
Axwell /\ Ingrosso,1211633927.9999993,6058,101.0,3.7,4.63,59.72,20.79,1164
Wellboy,5935324.0,132,80.05,0.02,0.02,69.27,20.79,1165
Shakin' Stevens,384815809.0,716,84.46,1.17,0.48,67.26,20.79,1166
Cazzu,308314834.11904794,6615,93.85,0.94,5.06,62.98,20.79,1167
DOROFEEVA,8348952.0,152,80.2,0.02,0.04,69.21,20.78,1168
Peled,1756532.9166666665,117,80.13,0.0,0.01,69.24,20.78,1169
MONGOL800,52206556.0,263,80.84,0.16,0.13,68.91,20.78,1170
Ahmed Al Maslawi,3763651.0,128,80.12,0.01,0.02,69.24,20.78,1171
Andro,5483373.083333334,251,80.43,0.02,0.12,69.1,20.77,1172
Klaudia Szafrańska,5514154.25,101,80.16,0.02,0.0,69.22,20.77,1173
Thalia,240536183.54999998,2307,86.07,0.73,1.72,66.53,20.77,1174
NAYEON,133560711.0,244,81.56,0.41,0.11,68.58,20.77,1175
Jorkan,2269027.750000001,189,80.33,0.01,0.07,69.15,20.77,1176
Hennedub,9902172.333333334,125,80.3,0.03,0.02,69.16,20.77,1177
Beltito,32972422.00000001,650,81.47,0.1,0.43,68.63,20.76,1178
Makar,29527294.0,153,80.55,0.09,0.04,69.05,20.76,1179
MORGENSHTERN,129008907.46666662,2471,85.41,0.39,1.84,66.83,20.76,1180
Jeon,57561464.80952374,512,81.46,0.18,0.32,68.63,20.76,1181
Rombai,280820930.16666675,4234,89.79,0.86,3.21,64.83,20.76,1182
Greekazo,64480392.25,457,81.42,0.2,0.28,68.65,20.76,1183
raissa anggiani,117255361.5,182,81.4,0.36,0.06,68.66,20.76,1184
Hoang Thuy Linh,35686716.5,745,81.61,0.11,0.5,68.56,20.76,1185
Big Shaq,261384251.0,809,83.81,0.8,0.55,67.56,20.75,1186
Fujii Kaze,430662258.0,669,85.05,1.31,0.44,66.99,20.75,1187
Trill Pem,33885270.46666667,280,80.89,0.1,0.14,68.89,20.75,1188
Phoebe Killdeer,13064521.5,173,80.53,0.04,0.06,69.05,20.75,1189
MC Rita,52773944.5,233,81.06,0.16,0.1,68.81,20.74,1190
Draganov,27564437.833333343,1096,82.26,0.08,0.77,68.27,20.74,1191
Kiesza,184516249.00000006,1436,84.31,0.56,1.04,67.33,20.74,1192
Sakiler,57877626.0,106,80.88,0.18,0.0,68.9,20.74,1193
[Alexandros],73427016.5,376,81.43,0.22,0.21,68.64,20.74,1194
Dj Yo 1,200354635.66666648,1111,83.89,0.61,0.79,67.52,20.74,1195
Davina Michelle,167676944.49999994,742,82.93,0.51,0.5,67.96,20.74,1196
AX'EL,200354635.66666648,1111,83.89,0.61,0.79,67.52,20.74,1197
Nateki,2386106.5,185,80.63,0.01,0.07,69.01,20.73,1198
Murda,291061811.9,1183,84.9,0.89,0.84,67.06,20.73,1199
PLAYAMANE,2386106.5,185,80.63,0.01,0.07,69.01,20.73,1200
Quarterhead,118933972.33333324,1116,83.23,0.36,0.79,67.82,20.73,1201
Larissa Lambert,41796458.0,110,80.93,0.13,0.01,68.87,20.72,1202
Samthing Soweto,2391832.833333333,170,80.68,0.01,0.05,68.99,20.72,1203
Branco,156476837.74999997,1900,84.99,0.48,1.4,67.02,20.72,1204
Parampara Tandon,92835682.93333334,455,81.94,0.28,0.28,68.41,20.72,1205
Joel Adams,467043671.0,1722,87.47,1.43,1.26,65.89,20.72,1206
Norma Jean Martine,118941085.33333324,1117,83.32,0.36,0.79,67.78,20.72,1207
The Parkinson,25790459.5,343,81.13,0.08,0.19,68.78,20.72,1208
Juan Magán,449562631.8833338,7697,97.55,1.37,5.9,61.29,20.71,1209
Męskie Granie Orkiestra 2018,7972865.25,150,80.72,0.02,0.04,68.97,20.71,1210
Kali Uchis,1228268106.7500002,2408,95.49,3.75,1.79,62.23,20.71,1211
Ruger,18766652.0,286,81.04,0.06,0.14,68.82,20.71,1212
Sqwore,18387160.5,209,81.0,0.06,0.08,68.84,20.7,1213
Leaderbrain,9146273.666666668,255,80.98,0.03,0.12,68.85,20.7,1214
La T y La M,65690973.0,172,81.4,0.2,0.06,68.66,20.7,1215
Donkeyboy,24356012.5,205,81.01,0.07,0.08,68.84,20.7,1216
SODA LUV,52525697.63333332,936,82.62,0.16,0.65,68.1,20.69,1217
Arijit Singh,1189961796.1858974,4442,98.74,3.63,3.37,60.75,20.69,1218
Daria Zawiałow,61165285.083333336,414,81.8,0.19,0.24,68.48,20.69,1219
El BAI,20457638.542712845,166,81.07,0.06,0.05,68.81,20.68,1220
Ana Mena,367572736.83333313,1063,85.72,1.12,0.75,66.69,20.68,1221
Yei Gonzalez,27554542.416666657,266,81.3,0.08,0.13,68.7,20.68,1222
Gavin D,21818197.58333333,267,81.27,0.07,0.13,68.72,20.68,1223
Shashaa Tirupati,30718457.000000007,139,81.12,0.09,0.03,68.79,20.68,1224
Afrojack,236265852.83333328,4029,89.57,0.72,3.05,64.93,20.68,1225
Jaykae,16114616.033333335,109,80.94,0.05,0.01,68.87,20.68,1226
Naps,442944634.10227257,2273,88.54,1.35,1.69,65.4,20.67,1227
Goodboys,781049104.1666671,4763,95.8,2.38,3.62,62.09,20.67,1228
Xand Avião,344305438.8333334,392,84.43,1.05,0.23,67.28,20.67,1229
Eric Nally,55449146.800000004,1391,83.55,0.17,1.0,67.68,20.67,1230
Murda Beatz,281048941.8333332,1327,85.47,0.86,0.95,66.8,20.67,1231
Mabel,1270617896.9166656,4577,99.95,3.88,3.48,60.2,20.66,1232
DJ PH DA SERRA,56772866.95238097,109,81.49,0.17,0.01,68.62,20.66,1233
Dj Lv Mdp,56772866.95238097,109,81.49,0.17,0.01,68.62,20.66,1234
Ghali,452925941.4000001,1230,86.93,1.38,0.88,66.14,20.66,1235
Albin Lee Meldau,47823187.0,183,81.55,0.15,0.06,68.59,20.66,1236
Ink Waruntorn,84565713.5,643,82.64,0.26,0.42,68.09,20.66,1237
Jessica Darrow,257306385.0,237,83.47,0.79,0.11,67.71,20.66,1238
Standly,305844121.26666665,1133,85.41,0.93,0.8,66.83,20.66,1239
Bilal Wahib,130446444.48333329,467,82.74,0.4,0.29,68.05,20.66,1240
Brädi,11502168.458333334,223,81.32,0.03,0.1,68.69,20.65,1241
Lexa,159287530.25,311,82.8,0.49,0.16,68.02,20.65,1242
Norges Nye Megahit,13458641.333333332,136,81.23,0.04,0.03,68.74,20.65,1243
Omar Montes,243453705.03333324,850,84.45,0.74,0.58,67.27,20.65,1244
Hanna Ferm,46778622.666666664,178,81.57,0.14,0.06,68.58,20.65,1245
Moira Dela Torre,566821637.7142856,1671,88.82,1.73,1.22,65.27,20.64,1246
M.G.L.,4709663.5,129,81.2,0.01,0.02,68.75,20.64,1247
Dan Caplen,244400178.2,2470,87.29,0.75,1.84,65.97,20.64,1248
Rhenzy Feliz,74289876.14285728,577,82.64,0.23,0.37,68.09,20.63,1249
Jamie Scott,68419939.25,1065,83.4,0.21,0.75,67.75,20.63,1250
Mambo Kings,19018804.00000002,1848,84.3,0.06,1.36,67.34,20.63,1251
Romy Dya,68419939.25,1065,83.4,0.21,0.75,67.75,20.63,1252
Neima Ezza,66716335.50833334,233,81.98,0.2,0.1,68.39,20.63,1253
Blind Channel,32682849.5,256,81.76,0.1,0.12,68.49,20.62,1254
Rvssian,341158014.8666668,3746,90.48,1.04,2.83,64.52,20.62,1255
Faul & Wad,43589638.0,1455,83.92,0.13,1.05,67.51,20.62,1256
MC GP,42429102.3,119,81.62,0.13,0.01,68.56,20.62,1257
Mehdi Mozayine,4576981.5,247,81.51,0.01,0.11,68.61,20.62,1258
Niall Horan,1549895108.0,5179,103.78,4.73,3.95,58.45,20.61,1259
Barloe Team,15742174.833333332,257,81.7,0.05,0.12,68.52,20.61,1260
Tokio Hotel,19144200.0,111,81.5,0.06,0.01,68.61,20.61,1261
13 Organisé,28450039.897222213,568,82.37,0.09,0.36,68.22,20.61,1262
The Harlem Community Choir,76351089.5,627,82.88,0.23,0.41,67.98,20.61,1263
The Plastic Ono Band,76351089.5,627,82.88,0.23,0.41,67.98,20.61,1264
Sky Rompiendo,172877374.78333345,2975,87.77,0.53,2.23,65.75,20.61,1265
Liam Payne,955171222.1666665,5889,99.79,2.92,4.5,60.27,20.6,1266
ALEE,7860619.0,155,81.54,0.02,0.04,68.59,20.6,1267
PK Delas,60571756.5,151,81.98,0.18,0.04,68.39,20.6,1268
Boef,478319401.0166664,2577,89.85,1.46,1.93,64.8,20.6,1269
Osquel,33088343.60000001,657,82.63,0.1,0.43,68.1,20.6,1270
Mc Paiva ZS,82731678.59545453,148,82.22,0.25,0.04,68.28,20.6,1271
Marcynho Sensação,341115276.6666666,427,85.0,1.04,0.25,67.02,20.6,1272
Towy,33088343.60000001,657,82.63,0.1,0.43,68.1,20.6,1273
Neo Beats,187761495.8857143,584,83.97,0.57,0.38,67.49,20.59,1274
Soso Maness,124257709.93257579,878,83.91,0.38,0.6,67.51,20.59,1275
Cher Lloyd,5742077.0,209,81.67,0.02,0.08,68.53,20.59,1276
TOPIC42,31781188.0,134,81.83,0.1,0.03,68.46,20.59,1277
Kareen Lomax,18838437.333333336,142,81.73,0.06,0.03,68.51,20.59,1278
Riky Rick,983368.7047619042,113,81.51,0.0,0.01,68.61,20.59,1279
Paul McCartney,679942044.6666685,3764,93.9,2.08,2.85,62.96,20.58,1280
Eden Ben Zaken,24679427.666666664,835,82.97,0.07,0.57,67.94,20.58,1281
Jax Jones,757268845.8333337,7072,100.21,2.31,5.42,60.08,20.57,1282
ibe,32451560.25,418,82.46,0.1,0.25,68.17,20.57,1283
ANIKV,8608057.833333332,245,81.89,0.03,0.11,68.43,20.57,1284
MIN,26124628.5,574,82.62,0.08,0.37,68.1,20.57,1285
OT,5565641.666666666,155,81.73,0.02,0.04,68.51,20.57,1286
GIULIA BE,248404927.5,552,84.66,0.76,0.35,67.17,20.56,1287
Burai,1879382.8333333335,117,81.7,0.01,0.01,68.52,20.56,1288
Zouhair Bahaoui,6554716.399999999,430,82.3,0.02,0.26,68.25,20.56,1289
Disiz,23682226.192307692,113,81.92,0.07,0.01,68.42,20.56,1290
Dj GBR,50358039.9111111,125,82.19,0.15,0.02,68.3,20.56,1291
rizza,9160183.0,147,81.84,0.03,0.04,68.46,20.56,1292
Dynoro,705001808.8333334,3672,94.15,2.15,2.78,62.84,20.55,1293
Justin Jesso,252826157.2631579,1790,86.86,0.77,1.31,66.17,20.55,1294
Rochy RD,156915201.63333327,1499,85.59,0.48,1.09,66.75,20.54,1295
HVZX,10637814.166666666,125,81.95,0.03,0.02,68.41,20.54,1296
Mozzik,139354360.66666666,593,83.87,0.42,0.38,67.53,20.54,1297
RONDÉ,39727254.0,103,82.16,0.12,0.0,68.31,20.54,1298
Jasleen Royal,70627259.16666666,191,82.72,0.22,0.07,68.06,20.53,1299
Rakhim,17886908.666666664,255,82.33,0.05,0.12,68.23,20.53,1300
Marina Sena,84903113.4,120,82.73,0.26,0.02,68.05,20.53,1301
Mad Clip,90912719.23333324,3527,88.55,0.28,2.66,65.4,20.53,1302
RAYE,742658353.166667,5244,97.29,2.27,4.0,61.41,20.53,1303
SHAED,230802598.0,1315,86.12,0.7,0.94,66.51,20.52,1304
Bryson Tiller,1429679958.6666665,3400,100.39,4.37,2.56,60.0,20.52,1305
MC Bruninho,129667404.0,237,83.36,0.4,0.11,67.76,20.52,1306
Kristīne Pāže,889510.0,171,82.08,0.0,0.06,68.35,20.52,1307
Kelly Clarkson,637360058.1666666,1727,90.44,1.95,1.26,64.54,20.52,1308
be vis,47508527.33333333,268,82.65,0.14,0.13,68.09,20.52,1309
James Carter,8660804.5,234,82.3,0.03,0.1,68.25,20.52,1310
Hawk,48230693.39642856,2347,86.33,0.15,1.75,66.41,20.51,1311
Garry Sandhu,39412930.58333333,229,82.58,0.12,0.1,68.12,20.51,1312
YOUNGOHM,30654982.316666666,483,82.96,0.09,0.3,67.95,20.51,1313
Tommy Körberg,30013457.5,122,82.39,0.09,0.02,68.21,20.51,1314
Carlos Vives,579150589.8916678,8406,101.37,1.77,6.46,59.55,20.51,1315
Amenazzy,127474780.63333318,3364,88.78,0.39,2.54,65.29,20.51,1316
Sachet Tandon,168840386.50256407,723,84.57,0.52,0.48,67.21,20.51,1317
Einár,346859437.4166666,1469,87.5,1.06,1.06,65.88,20.51,1318
Digital Farm Animals,293723639.5000007,3543,90.54,0.9,2.68,64.49,20.51,1319
Prince Royce,455837638.36666703,7752,99.24,1.39,5.95,60.52,20.5,1320
Kwan Gor,8024597.0,357,82.59,0.02,0.2,68.12,20.5,1321
kouz1,24104133.166666668,939,83.76,0.07,0.65,67.58,20.5,1322
Beste Zangers,90271372.5,421,83.51,0.28,0.25,67.7,20.5,1323
Muti,46636502.91666666,216,82.72,0.14,0.09,68.06,20.5,1324
DJ Conds,47495092.5,101,82.56,0.14,0.0,68.13,20.49,1325
John Ewbank,15949208.583333336,153,82.42,0.05,0.04,68.19,20.49,1326
El Taiger,47495092.5,101,82.56,0.14,0.0,68.13,20.49,1327
Njelic,1933816.583333333,166,82.29,0.01,0.05,68.25,20.49,1328
MC Einstein,17815783.0,144,82.48,0.05,0.03,68.17,20.48,1329
Paul Woolford,19033225.333333336,143,82.54,0.06,0.03,68.14,20.48,1330
Diane Guerrero,128296504.14285728,687,84.39,0.39,0.46,67.29,20.48,1331
Mahen,111357677.0,191,83.42,0.34,0.07,67.74,20.48,1332
Britney Spears,410695243.5,2518,90.02,1.25,1.88,64.73,20.48,1333
Sentino,49285609.5,191,82.87,0.15,0.07,67.99,20.48,1334
Houari,26410763.38968253,532,83.22,0.08,0.34,67.83,20.48,1335
My Marianne,5162822.166666666,110,82.36,0.02,0.01,68.22,20.48,1336
Lee Mujin,2657497.5,114,82.39,0.01,0.01,68.21,20.47,1337
Vance Joy,1704851086.3333335,9104,112.94,5.21,7.0,54.28,20.47,1338
Mike G,17986675.216666672,500,83.17,0.05,0.31,67.85,20.47,1339
Diego & Victor Hugo,716334227.0,762,89.85,2.19,0.51,64.8,20.47,1340
Ryokuoushoku Shakai,83682647.0,193,83.2,0.25,0.07,67.84,20.47,1341
Amitabh Bhattacharya,161675885.35,267,84.11,0.49,0.13,67.42,20.46,1342
QLER,14447396.0,105,82.54,0.04,0.0,68.14,20.46,1343
Shirin David,336070469.5,760,86.5,1.03,0.51,66.33,20.46,1344
Leo Santana,332963785.8333334,425,85.91,1.02,0.25,66.6,20.46,1345
Damso,1060745438.3333337,4650,99.61,3.24,3.54,60.35,20.46,1346
BeMelo,27321872.66666668,193,82.78,0.08,0.07,68.03,20.46,1347
George Ezra,1364698680.0,5687,104.14,4.17,4.34,58.29,20.46,1348
Bar Tzabary,5477737.0,101,82.56,0.02,0.0,68.13,20.45,1349
Big2,26405521.66190476,128,82.73,0.08,0.02,68.05,20.45,1350
Buni,38980004.63492069,741,83.92,0.12,0.5,67.51,20.45,1351
Jr Crown,14324989.583333336,118,82.6,0.04,0.01,68.11,20.45,1352
Loredana,448776941.9999998,1360,88.72,1.37,0.98,65.32,20.44,1353
Rag'n'Bone Man,767204415.0,3579,95.34,2.34,2.7,62.3,20.44,1354
SB Maffija,46053295.71832611,690,84.01,0.14,0.46,67.47,20.44,1355
back number,434298049.0,1235,88.48,1.33,0.88,65.43,20.43,1356
Mahmood,385880698.0500001,1012,87.61,1.18,0.71,65.83,20.43,1357
Dzeko,188328069.0,1803,87.2,0.57,1.32,66.01,20.43,1358
Manan Bhardwaj,61489076.666666694,129,83.26,0.19,0.02,67.81,20.43,1359
Zach Bryan,256501179.0,154,85.02,0.78,0.04,67.01,20.43,1360
Saske,40918463.633333325,1428,85.24,0.12,1.03,66.91,20.43,1361
UNDERGRUNN,30184237.0,143,83.05,0.09,0.03,67.91,20.42,1362
Etta,30061944.0,482,83.66,0.09,0.3,67.63,20.42,1363
Alico,89685293.66666673,584,84.29,0.27,0.38,67.34,20.42,1364
Króli,9700458.416666662,1377,84.96,0.03,0.99,67.03,20.42,1365
NiziU,195569717.0,371,84.88,0.6,0.21,67.07,20.42,1366
Majid Jordan,165480381.0,2107,87.57,0.5,1.56,65.84,20.42,1367
Don Bigg,8017045.607142855,400,83.32,0.02,0.23,67.78,20.41,1368
Myra Granberg,129998623.5,434,84.52,0.4,0.26,67.24,20.41,1369
Preme,189034163.66666663,1813,87.41,0.58,1.33,65.92,20.41,1370
Macaroni Empitsu,185992161.0,387,84.95,0.57,0.22,67.04,20.41,1371
Trueno,601904593.016668,3237,93.51,1.84,2.44,63.14,20.41,1372
Black Eyed Peas,1034002942.4166684,5140,100.63,3.16,3.92,59.89,20.41,1373
João Bosco e Gabriel,107717215.5,135,83.8,0.33,0.03,67.56,20.41,1374
White 2115,396087860.7825393,2369,90.17,1.21,1.76,64.66,20.41,1375
Kristin Amparo,18432758.0,106,82.95,0.06,0.0,67.95,20.41,1376
Bugzy Malone,56325212.18253975,690,84.32,0.17,0.46,67.33,20.4,1377
NODE,100525340.50000004,971,85.22,0.31,0.68,66.92,20.4,1378
CADE,241954054.5000007,2191,88.62,0.74,1.63,65.37,20.4,1379
Maninder Buttar,114948666.16666667,354,84.26,0.35,0.2,67.35,20.4,1380
southstar,81174281.0,216,83.8,0.25,0.09,67.56,20.4,1381
Pihlaja,17961905.5,269,83.24,0.05,0.13,67.82,20.4,1382
Ella Henderson,452619896.5000001,4218,93.97,1.38,3.2,62.93,20.39,1383
X Ambassadors,521228333.8333333,4827,95.72,1.59,3.67,62.13,20.38,1384
23,81721847.33333333,365,84.19,0.25,0.21,67.39,20.38,1385
Wes,63445024.5,273,83.86,0.19,0.13,67.54,20.38,1386
Burhan G,30175522.916666657,342,83.65,0.09,0.19,67.63,20.38,1387
Emeli Sandé,22673901.833333354,293,83.5,0.07,0.15,67.7,20.38,1388
Sachet-Parampara,116660412.09999993,508,84.8,0.36,0.32,67.11,20.37,1389
BESS,33117560.833333336,341,83.77,0.1,0.19,67.58,20.37,1390
Király Viktor,1585868.9999999995,162,83.18,0.0,0.05,67.85,20.37,1391
Encanto - Cast,126503183.7142858,753,85.31,0.39,0.51,66.87,20.37,1392
Ali Gatie,1171033703.3333333,3049,98.66,3.58,2.29,60.79,20.36,1393
Laleilmanino,35598152.49999999,182,83.61,0.11,0.06,67.65,20.36,1394
BE'O,6307165.999999997,299,83.52,0.02,0.15,67.69,20.36,1395
MACE,65082357.9166667,257,83.96,0.2,0.12,67.49,20.36,1396
Elams,29005084.34444445,580,84.28,0.09,0.37,67.34,20.35,1397
Sheck Wes,870789754.4999999,1434,93.28,2.66,1.04,63.24,20.35,1398
Artz,24339618.84999999,197,83.59,0.07,0.08,67.66,20.35,1399
Skylar Grey,428367236.75,2744,91.55,1.31,2.05,64.03,20.35,1400
El Alfa,517871172.3636726,7540,100.57,1.58,5.78,59.92,20.34,1401
ZICO,36277834.0,255,83.89,0.11,0.12,67.52,20.34,1402
Dizzy,21613725.250000004,124,83.53,0.07,0.02,67.69,20.34,1403
Paulo Pires,61734771.66666667,125,83.86,0.19,0.02,67.54,20.34,1404
Lazza,611318322.9583333,1427,91.0,1.87,1.03,64.28,20.34,1405
Birnir,10945854.116666669,1345,85.48,0.03,0.97,66.8,20.34,1406
Mc Topre,41274293.75,165,83.76,0.13,0.05,67.58,20.34,1407
Bluay,5126728.0,120,83.32,0.01,0.02,67.78,20.34,1408
Matheus Fernandes,354051385.0,290,86.79,1.08,0.15,66.2,20.34,1409
Stormy,18604948.749999993,1284,85.48,0.06,0.92,66.8,20.34,1410
Cassper Nyovest,1722035.9904761903,120,83.4,0.0,0.02,67.75,20.33,1411
Felipe Amorim,347217173.8333333,221,86.69,1.06,0.09,66.25,20.33,1412
Benjamin,18381901.5,182,83.7,0.06,0.06,67.61,20.33,1413
Abdullah Al Mukhles,7817187.0,334,83.79,0.02,0.18,67.57,20.33,1414
Sammy & Falsetto,33860796.99999995,687,84.69,0.1,0.46,67.16,20.33,1415
MC Kekel,218637851.83333334,731,86.37,0.67,0.49,66.39,20.33,1416
Leo Ieiri,48457798.0,231,83.99,0.15,0.1,67.48,20.33,1417
Masaki Suda,243841960.5,697,86.5,0.74,0.46,66.33,20.33,1418
Lil Durk,908838427.4999993,2337,95.27,2.78,1.74,62.33,20.33,1419
Maggie Lindemann,233378700.00000072,2020,88.68,0.71,1.49,65.34,20.33,1420
Mimi Webb,141715410.0,491,85.32,0.43,0.3,66.87,20.32,1421
Ozzy Osbourne,135571409.99999997,750,85.75,0.41,0.51,66.67,20.32,1422
Oki,128382664.26190473,883,85.88,0.39,0.61,66.61,20.32,1423
Ufo361,850816068.8833343,3293,96.45,2.6,2.48,61.79,20.32,1424
Chico Beatz,9943065.333333334,293,83.84,0.03,0.15,67.55,20.32,1425
Caroliina,23660321.166666664,260,83.91,0.07,0.12,67.51,20.32,1426
Niska,793757917.2166667,3812,96.84,2.42,2.88,61.62,20.32,1427
Даня Милохин,8002735.5,120,83.57,0.02,0.02,67.67,20.31,1428
Bella Poarch,388187136.5,973,88.42,1.18,0.68,65.46,20.31,1429
KYLE,537982446.5,1860,91.28,1.64,1.37,64.15,20.31,1430
FLY LO,28280301.749999996,813,85.06,0.09,0.55,66.99,20.3,1431
Hindia,273974268.5,544,86.84,0.84,0.35,66.18,20.3,1432
Salmo,644062614.4636359,1613,91.89,1.97,1.18,63.87,20.3,1433
Kabza De Small,17039896.790476173,1358,85.92,0.05,0.98,66.6,20.29,1434
Saucy Dog,182834050.0,381,85.81,0.56,0.22,66.65,20.29,1435
ADAAM,72224877.35,434,84.89,0.22,0.26,67.07,20.29,1436
Asees Kaur,187928001.68333358,841,86.58,0.57,0.58,66.3,20.29,1437
DVRST,27701829.666666668,581,84.69,0.08,0.37,67.16,20.29,1438
Mc Pedrinho,232610874.7118435,551,86.48,0.71,0.35,66.34,20.29,1439
OLEK,24966448.50000001,205,84.08,0.08,0.08,67.44,20.29,1440
Mariah Angeliq,321987437.97857165,1871,89.58,0.98,1.38,64.93,20.29,1441
Major League Djz,1350834.2666666666,124,83.72,0.0,0.02,67.6,20.29,1442
Chih Siou,16325602.0,154,83.91,0.05,0.04,67.51,20.29,1443
Rizky Febian,348680444.0,1188,88.7,1.06,0.85,65.33,20.28,1444
Jessie Reyez,394119350.666667,2789,91.84,1.2,2.09,63.9,20.28,1445
Palmy,27381275.72222222,284,84.27,0.08,0.14,67.35,20.28,1446
eason and the duo band,3547484.0,208,83.95,0.01,0.08,67.5,20.28,1447
Chivas,123947895.33333336,405,85.36,0.38,0.24,66.85,20.28,1448
Jake Reese,10932973.333333332,213,84.01,0.03,0.09,67.47,20.28,1449
Galee Galee,21722088.979437225,165,84.07,0.07,0.05,67.44,20.28,1450
PL Quest,23074253.500000015,148,84.05,0.07,0.04,67.45,20.28,1451
Dutty Dior,13575472.416666666,122,83.94,0.04,0.02,67.5,20.27,1452
Irmak Arıcı,37587885.0,140,84.16,0.11,0.03,67.4,20.27,1453
Doctor Victor,585964.8333333331,135,83.84,0.0,0.03,67.55,20.27,1454
Elina Born,1869217.0,204,84.0,0.01,0.08,67.47,20.27,1455
Fish Leong,28642684.5,398,84.56,0.09,0.23,67.22,20.27,1456
Lothepus,7085472.666666664,102,83.83,0.02,0.0,67.55,20.27,1457
Kongsted,19726308.066666666,182,84.14,0.06,0.06,67.41,20.27,1458
Jonita Gandhi,100123157.66666666,261,84.96,0.31,0.13,67.03,20.27,1459
Ali Saber,4902851.0,235,84.14,0.01,0.1,67.41,20.26,1460
Kubilay Karça,43034673.5,107,84.26,0.13,0.01,67.35,20.26,1461
Jason Agel,34132906.333333306,1423,86.4,0.1,1.03,66.38,20.26,1462
Master KG,120848743.06666669,996,86.49,0.37,0.7,66.34,20.26,1463
Saad Lamjarred,11319422.333333336,830,85.17,0.03,0.57,66.94,20.26,1464
Drew Love,90581246.5,536,85.51,0.28,0.34,66.78,20.25,1465
Stephanie Beatriz,239149661.14285737,924,87.48,0.73,0.64,65.89,20.25,1466
d4vd,308699701.0,452,87.28,0.94,0.27,65.98,20.25,1467
ClubDub,3039931.666666667,496,84.71,0.01,0.31,67.15,20.24,1468
Ritt Momney,533488068.0,974,90.29,1.63,0.68,64.6,20.24,1469
Mc Don Juan,542073256.6301143,1276,90.8,1.65,0.91,64.37,20.24,1470
Z TRIP,3826239.266666667,174,84.16,0.01,0.06,67.4,20.24,1471
Emma Heesters,56155817.333333306,347,84.9,0.17,0.19,67.06,20.24,1472
Burry Soprano,49669843.14285714,216,84.69,0.15,0.09,67.16,20.24,1473
Ky-Mani Marley,81004109.16666666,1909,87.85,0.25,1.41,65.72,20.24,1474
Hver gang vi møtes,47496490.166666664,480,85.13,0.14,0.3,66.96,20.23,1475
MC Gury,54728726.5,125,84.66,0.17,0.02,67.17,20.23,1476
Benny Jamz,92753533.76666671,1419,87.16,0.28,1.03,66.03,20.23,1477
AHTI,7708217.0,108,84.15,0.02,0.01,67.4,20.23,1478
Faisal Abdulkareem,4588101.0,143,84.18,0.01,0.03,67.39,20.23,1479
The Ronettes,452189708.0,778,89.28,1.38,0.53,65.06,20.23,1480
Boohle,5508873.249999998,266,84.45,0.02,0.13,67.27,20.23,1481
Adassa,78027332.14285728,613,85.68,0.24,0.4,66.71,20.23,1482
Nobeat,28280325.5,136,84.47,0.09,0.03,67.26,20.22,1483
MINO,2540344.0000000005,103,84.19,0.01,0.0,67.39,20.22,1484
Janieck Devy,161135786.0,2396,89.52,0.49,1.78,64.96,20.22,1485
Felipe Araújo,519715296.8333333,619,89.7,1.59,0.4,64.87,20.22,1486
Umair,8196243.250000001,179,84.34,0.02,0.06,67.32,20.22,1487
Mayorkun,5326339.0,145,84.3,0.02,0.03,67.34,20.22,1488
Callejero Fino,129008108.01071432,536,86.03,0.39,0.34,66.55,20.22,1489
Kofs,36936606.336111076,677,85.57,0.11,0.45,66.76,20.21,1490
Amanda Reifer,52992155.000000015,210,84.93,0.16,0.09,67.05,20.21,1491
Baghdad,16360218.925000006,674,85.43,0.05,0.45,66.82,20.2,1492
Rebecca,36336803.949999996,121,84.7,0.11,0.02,67.15,20.2,1493
Famke Louise,56807350.00000001,240,85.08,0.17,0.11,66.98,20.2,1494
The Rudeboyz,30689226.166666653,475,85.28,0.09,0.29,66.89,20.19,1495
Ana Guerra,74379432.25,204,85.25,0.23,0.08,66.9,20.19,1496
Cosculluela,377374152.69134295,7994,101.2,1.15,6.14,59.63,20.19,1497
Nik Tendo,86663999.84999996,4177,92.11,0.26,3.17,63.77,20.19,1498
George Henrique & Rodrigo,306202651.5,313,87.5,0.93,0.17,65.88,20.19,1499
Rema,359763404.64285713,1178,89.47,1.1,0.84,64.98,20.19,1500
Deorro,268661321.5000002,3394,92.46,0.82,2.56,63.61,20.18,1501
Amuly,8994656.33333334,715,85.6,0.03,0.48,66.74,20.18,1502
Benson Boone,356873842.0,952,89.14,1.09,0.66,65.13,20.17,1503
Ronnie Flex,397819714.90952325,2832,92.74,1.21,2.12,63.49,20.17,1504
Stephane Legar,5415618.833333332,265,84.89,0.02,0.13,67.07,20.17,1505
Nelli Matula,30591824.416666668,377,85.28,0.09,0.22,66.89,20.17,1506
MC Nandinho,10398921.333333328,119,84.64,0.03,0.01,67.18,20.17,1507
Nego Bam,10398921.333333328,119,84.64,0.03,0.01,67.18,20.17,1508
Ahmed Mekky,1958130.9999999998,104,84.6,0.01,0.0,67.2,20.16,1509
Plutonio,55996295.33333333,829,86.37,0.17,0.57,66.39,20.16,1510
Neha Kakkar,185624512.85000008,1472,88.58,0.57,1.07,65.38,20.16,1511
Gazapizm,169132222.83333334,575,86.89,0.52,0.37,66.15,20.16,1512
Nik Makino,34145672.46666666,122,84.9,0.1,0.02,67.06,20.16,1513
Luck Ra,73673777.08333333,335,85.73,0.22,0.18,66.68,20.15,1514
Nathan Evans,158629637.3333332,1146,87.87,0.48,0.81,65.71,20.15,1515
JS o Mão de Ouro,106392706.83333337,254,85.86,0.32,0.12,66.62,20.15,1516
Ekipa,47636878.0,198,85.26,0.14,0.08,66.9,20.15,1517
Gobs,35656896.333333336,379,85.46,0.11,0.22,66.81,20.15,1518
Billy Hlapeto,922703.8333333334,209,84.89,0.0,0.08,67.07,20.15,1519
Eric Chou,289939449.5,4645,94.99,0.88,3.53,62.46,20.15,1520
Soner Sarıkabadayı,32180714.0,205,85.13,0.1,0.08,66.96,20.15,1521
Salastkbron,73007250.16666666,250,85.58,0.22,0.12,66.75,20.15,1522
Elena Tsagrinou,14830490.066666666,160,84.96,0.04,0.05,67.03,20.14,1523
Daviles de Novelda,135412375.16666666,275,86.28,0.41,0.14,66.43,20.14,1524
Dzharakhov,9324682.333333334,175,84.96,0.03,0.06,67.03,20.14,1525
NF,1262697386.5,3035,101.02,3.86,2.28,59.71,20.14,1526
Swedish House Mafia,282266027.8333334,2342,91.13,0.86,1.74,64.22,20.13,1527
Naomi Scott,58917662.5,288,85.66,0.18,0.15,66.72,20.13,1528
Aka 7even,106612371.5,118,85.77,0.32,0.01,66.67,20.13,1529
Magnus Haven,99884315.0,212,85.87,0.3,0.09,66.62,20.13,1530
Rusherking,180487867.91666672,1469,88.76,0.55,1.06,65.3,20.13,1531
Felipe Original,77930826.1666667,198,85.72,0.24,0.08,66.69,20.13,1532
Isac Elliot,38760574.16666667,520,85.86,0.12,0.33,66.62,20.13,1533
理想混蛋,31287132.0,314,85.5,0.09,0.17,66.79,20.12,1534
VARINZ,3863556.6,176,85.09,0.01,0.06,66.98,20.12,1535
Idina Menzel,224650437.60000002,1062,88.59,0.69,0.75,65.38,20.12,1536
AJR,619434064.7,1842,93.4,1.89,1.35,63.19,20.12,1537
Eliad,15313619.833333334,423,85.59,0.05,0.25,66.75,20.12,1538
Canbay & Wolker,88766973.39999999,224,85.99,0.27,0.1,66.56,20.11,1539
B-Case,57435569.33333332,1013,87.02,0.17,0.71,66.1,20.11,1540
FAST BOY,11019428.5,246,85.32,0.03,0.11,66.87,20.11,1541
MC Braz,43784533.66666667,152,85.41,0.13,0.04,66.83,20.11,1542
Dove Cameron,506553501.5,899,90.89,1.55,0.62,64.33,20.11,1543
Halva Priset,40310719.5,333,85.71,0.12,0.18,66.69,20.11,1544
kai,298142546.4166667,2388,91.55,0.91,1.78,64.03,20.11,1545
AAA,37427495.0,461,85.89,0.11,0.28,66.61,20.11,1546
Doli & Penn,9530303.083333338,580,85.95,0.03,0.37,66.58,20.1,1547
Gambi,261925689.1,604,88.24,0.8,0.39,65.54,20.1,1548
Cian Ducrot,43417462.0,191,85.58,0.13,0.07,66.75,20.1,1549
Micro TDH,318673949.83333325,2739,92.41,0.97,2.05,63.64,20.1,1550
Pajel,95600388.16666666,260,86.14,0.29,0.12,66.5,20.1,1551
Oğuzhan Koç,115608192.5,504,86.7,0.35,0.31,66.24,20.1,1552
Brisia Jodie,89460191.08,342,86.27,0.27,0.19,66.44,20.1,1553
skrilla,28485409.5,151,85.42,0.09,0.04,66.82,20.09,1554
5MIINUST,11683405.533333337,1762,88.13,0.04,1.29,65.59,20.08,1555
Marion Jola,64128435.58,305,86.15,0.2,0.16,66.49,20.08,1556
Sơn Tùng M-TP,73879018.5,1049,87.48,0.22,0.74,65.89,20.08,1557
Emman,55088996.0,115,85.69,0.17,0.01,66.7,20.08,1558
DEAD BLONDE,24618732.5,210,85.58,0.07,0.09,66.75,20.08,1559
Harrdy Sandhu,113207021.99999999,275,86.54,0.35,0.14,66.31,20.08,1560
Migrantes,183569715.83333346,1112,88.57,0.56,0.79,65.39,20.08,1561
El Joker,2103567.0,100,85.2,0.01,0.0,66.93,20.08,1562
Arrhult,28340927.333333332,151,85.58,0.09,0.04,66.75,20.07,1563
Beton.Hofi,8583750.249999996,251,85.63,0.03,0.12,66.73,20.07,1564
Kaan Boşnak,191016273.0,534,87.71,0.58,0.34,65.78,20.07,1565
Alec Benjamin,960733541.0,4275,100.95,2.93,3.24,59.74,20.07,1566
Hippie Sabotage,171236045.5,2376,90.64,0.52,1.77,64.44,20.07,1567
Lagique,130139773.0,816,87.65,0.4,0.56,65.81,20.07,1568
Anıl Piyancı,113703294.16862032,727,87.33,0.35,0.49,65.95,20.07,1569
Bad Gyal,233868528.8333334,503,88.03,0.71,0.31,65.63,20.07,1570
Ne-Yo,315779373.08333325,4281,95.19,0.96,3.25,62.37,20.07,1571
NobodyListen,2427015.666666666,134,85.38,0.01,0.03,66.84,20.07,1572
Wet Bed Gang,82725110.75,1395,88.2,0.25,1.01,65.56,20.07,1573
Jul,1080163596.0523086,4707,102.76,3.3,3.58,58.92,20.07,1574
Bagua Records,89995470.41666666,173,86.28,0.27,0.06,66.43,20.06,1575
sakanaction,39740673.5,272,85.96,0.12,0.13,66.58,20.06,1576
Three Man Down,133854031.33333334,1035,88.12,0.41,0.73,65.59,20.06,1577
Alberto,50496246.41666665,343,86.15,0.15,0.19,66.49,20.06,1578
Ra:tio,2830628.0,532,86.2,0.01,0.34,66.47,20.05,1579
Lil Kleine,510333286.56666666,2955,94.83,1.56,2.22,62.53,20.05,1580
Cisilia,14657517.7,145,85.56,0.04,0.03,66.76,20.05,1581
Fred De Palma,267953947.5,660,88.76,0.82,0.44,65.3,20.05,1582
Denise Julia,48733958.0,108,85.89,0.15,0.01,66.61,20.05,1583
Lalo Ebratt,352691488.009524,4916,96.81,1.08,3.74,61.63,20.04,1584
Naim Daniel,20866614.666666664,295,85.96,0.06,0.15,66.58,20.04,1585
Tessa,65343191.44444443,641,86.96,0.2,0.42,66.12,20.04,1586
AYLIVA,102866897.5,217,86.57,0.31,0.09,66.3,20.04,1587
Aymos,2508335.3,164,85.6,0.01,0.05,66.74,20.04,1588
Cali Y El Dandee,408907696.50000066,6672,100.37,1.25,5.11,60.01,20.04,1589
Peter Pann,3012470.3333333326,306,85.92,0.01,0.16,66.6,20.03,1590
Tymek,124383729.31666663,1130,88.44,0.38,0.8,65.45,20.03,1591
Artigeardit,59528790.83333331,630,86.96,0.18,0.41,66.12,20.03,1592
Vũ.,64868957.333333336,1290,88.16,0.2,0.92,65.58,20.03,1593
Sapranov,6382576.09642857,589,86.46,0.02,0.38,66.35,20.03,1594
Gazo,431008967.0738094,1815,92.31,1.32,1.33,63.68,20.03,1595
Badshah,176405176.2333334,1072,88.84,0.54,0.76,65.27,20.03,1596
Mc Frog,78588558.41666666,190,86.46,0.24,0.07,66.35,20.02,1597
Knust,50720348.833333336,152,86.14,0.15,0.04,66.5,20.02,1598
Madrigal,228282638.0,437,88.25,0.7,0.26,65.53,20.02,1599
Aitana,880228936.9166669,3077,98.56,2.69,2.31,60.83,20.02,1600
Jessica Shy,7580931.0,649,86.64,0.02,0.43,66.27,20.02,1601
Nonsens,8533916.166666666,127,85.76,0.03,0.02,66.67,20.02,1602
El Papi,72310755.0,387,86.72,0.22,0.22,66.23,20.02,1603
Yisa Yu,22713371.5,246,86.16,0.07,0.11,66.49,20.01,1604
Dzsúdló,18214761.5,526,86.57,0.05,0.33,66.3,20.01,1605
İdo Tatlıses,33907322.0,151,86.09,0.1,0.04,66.52,20.01,1606
T. Danny,25439575.7,886,87.26,0.08,0.61,65.99,20.01,1607
Sin Boy,17683437.0,1266,87.83,0.05,0.91,65.73,20.01,1608
Kiiara,747183353.1666665,4326,99.62,2.28,3.28,60.35,20.0,1609
Tion Wayne,207213770.77777794,1734,90.44,0.63,1.27,64.54,20.0,1610
December Avenue,455714235.71428573,1219,91.76,1.39,0.87,63.93,20.0,1611
Roope Salminen & Koirat,29995802.833333332,344,86.42,0.09,0.19,66.37,20.0,1612
Heijan,60534331.91666666,258,86.61,0.18,0.12,66.28,19.99,1613
dazy,265571220.5,936,89.61,0.81,0.65,64.91,19.99,1614
WALK THE MOON,680923260.3333334,3640,97.98,2.08,2.75,61.1,19.99,1615
Nicky Youre,265571220.5,936,89.61,0.81,0.65,64.91,19.99,1616
Dawid Podsiadło,255240098.08333337,1713,90.96,0.78,1.25,64.3,19.98,1617
Danelle Sandoval,182959566.0,1326,89.64,0.56,0.95,64.9,19.98,1618
Random,151611265.0,202,87.45,0.46,0.08,65.9,19.98,1619
Trinidad Cardona,183786177.25,498,88.3,0.56,0.31,65.51,19.97,1620
Carly Rae Jepsen,327140393.5,2228,92.49,1.0,1.65,63.6,19.97,1621
Reckol,159234251.2666667,525,88.14,0.49,0.33,65.58,19.97,1622
Rei,125742731.11904755,882,88.47,0.38,0.61,65.43,19.96,1623
Snakehips,261833492.16666657,2679,92.77,0.8,2.0,63.47,19.96,1624
Lana Del Rey,920704647.8333333,6232,104.78,2.81,4.77,58.0,19.96,1625
Lil Tjay,1480111678.3333318,4150,106.16,4.52,3.15,57.37,19.96,1626
Vishal-Shekhar,88199354.45000005,709,87.84,0.27,0.47,65.72,19.96,1627
Lune,85550073.83333334,226,87.08,0.26,0.1,66.07,19.96,1628
Smolasty,46788429.83333333,398,87.01,0.14,0.23,66.1,19.96,1629
BLOOM VASE,79997440.0,186,86.9,0.24,0.07,66.15,19.96,1630
IV Of Spades,196446154.0,457,88.48,0.6,0.28,65.43,19.95,1631
Moha K,49448335.0,217,86.8,0.15,0.09,66.2,19.95,1632
Chimbala,208067103.72222203,1299,90.04,0.63,0.93,64.72,19.95,1633
NORDO,5219294.333333334,194,86.34,0.02,0.07,66.41,19.95,1634
Evelina,92177275.2,912,88.37,0.28,0.63,65.48,19.95,1635
Oat Pramote,10464028.5,217,86.43,0.03,0.09,66.36,19.95,1636
Fabri Fibra,180957581.62619048,699,88.79,0.55,0.47,65.29,19.95,1637
Wan Thanakrit,11490856.5,117,86.24,0.03,0.01,66.45,19.95,1638
Thành Đồng,2759729.3333333335,194,86.4,0.01,0.07,66.38,19.94,1639
KIDD,29706882.733333323,305,86.81,0.09,0.16,66.19,19.94,1640
Lotto Boyzz,29940127.500000015,116,86.52,0.09,0.01,66.32,19.94,1641
Brando,469944700.5,2396,94.26,1.43,1.78,62.79,19.94,1642
Jabbar,26542159.0,191,86.56,0.08,0.07,66.3,19.94,1643
BlocBoy JB,552888107.1666669,1766,93.95,1.69,1.29,62.93,19.94,1644
Vishal Mishra,164058135.6666667,415,88.28,0.5,0.24,65.52,19.93,1645
DripReport,295077065.0,873,90.21,0.9,0.6,64.64,19.93,1646
Vilen,91169265.0,158,87.23,0.28,0.05,66.0,19.93,1647
Joey Christ,2367880.9499999993,412,86.83,0.01,0.24,66.18,19.93,1648
Omah Lay,39665098.83333334,544,87.4,0.12,0.35,65.92,19.93,1649
Simone & Simaria,503406030.0,914,92.26,1.54,0.63,63.71,19.92,1650
Mari Fernandez,442605209.3333334,394,90.8,1.35,0.23,64.37,19.92,1651
Armin van Buuren,242294575.0000001,2342,92.32,0.74,1.74,63.68,19.92,1652
Los Mier,12722826.0,183,86.61,0.04,0.06,66.28,19.92,1653
Nelson Freitas,6406683.5,222,86.59,0.02,0.09,66.29,19.92,1654
Floni,11778450.333333334,1095,88.18,0.04,0.77,65.57,19.92,1655
Music Hero,57926058.0,131,87.03,0.18,0.02,66.09,19.91,1656
Killa Fonic,11928047.1,595,87.35,0.04,0.38,65.94,19.91,1657
Blunted Vato,30724779.58333332,382,87.14,0.09,0.22,66.04,19.91,1658
Newkid,161136571.52380952,641,88.77,0.49,0.42,65.3,19.91,1659
Willow Sage Hart,143033085.0,936,89.12,0.44,0.65,65.14,19.91,1660
LOAM,48580854.5,204,87.04,0.15,0.08,66.09,19.91,1661
estraden,89207675.5,453,87.85,0.27,0.27,65.72,19.9,1662
kohver,573524.5000000001,212,86.69,0.0,0.09,66.25,19.9,1663
Drax Project,49506587.66666667,581,87.75,0.15,0.37,65.76,19.9,1664
B Praak,215373403.36666662,675,89.4,0.66,0.45,65.01,19.9,1665
Gummi Tóta,745595.8333333333,157,86.57,0.0,0.04,66.3,19.9,1666
SHUNE,78061405.83333333,252,87.48,0.24,0.12,65.89,19.9,1667
Stina Talling,14712468.833333336,122,86.65,0.04,0.02,66.26,19.9,1668
Kiko el Crazy,16364362.276515152,229,86.86,0.05,0.1,66.17,19.9,1669
Kenny Man,119151968.33333333,1254,89.56,0.36,0.9,64.94,19.9,1670
Calema,28236546.75,610,87.67,0.09,0.4,65.8,19.9,1671
Jona Mix,30297549.0,140,86.81,0.09,0.03,66.19,19.9,1672
Beéle,228389145.1333327,3659,94.64,0.7,2.77,62.62,19.9,1673
ArrDee,137812407.11111116,1001,89.31,0.42,0.7,65.05,19.89,1674
HVME,662916228.5,2771,97.01,2.02,2.08,61.54,19.89,1675
Pyhimys,80428339.25,1075,88.97,0.24,0.76,65.21,19.89,1676
Jamule,352578485.6666666,1143,91.52,1.08,0.81,64.04,19.89,1677
Hanin Dhiya,63390104.5,236,87.36,0.19,0.11,65.94,19.89,1678
Jozels,496677.99999999994,191,86.73,0.0,0.07,66.23,19.89,1679
Skiibii,3849122.0833333326,165,86.82,0.01,0.05,66.19,19.88,1680
CHARLIE BEATS,2273503.0,105,86.66,0.01,0.0,66.26,19.88,1681
Casper,35383297.0,193,87.12,0.11,0.07,66.05,19.88,1682
Fedez,295635041.25000006,1434,91.62,0.9,1.04,64.0,19.87,1683
Güliz Ayla,4467788.0,124,86.81,0.01,0.02,66.19,19.87,1684
DJ Cassula,19050925.249999996,112,86.93,0.06,0.01,66.14,19.87,1685
Emrah Karaduman,26124198.5,286,87.27,0.08,0.14,65.98,19.87,1686
Dree Low,189798894.95833337,940,89.84,0.58,0.65,64.81,19.87,1687
Aste,37072875.0,419,87.55,0.11,0.25,65.85,19.87,1688
Machine Gun Kelly,921632014.4166673,3880,101.4,2.81,2.94,59.54,19.87,1689
Yonnyboii,9302387.805555556,178,87.0,0.03,0.06,66.1,19.86,1690
Kendo Kaponi,87294400.9642856,1939,90.71,0.27,1.43,64.41,19.86,1691
Simge,84770740.0,423,88.11,0.26,0.25,65.6,19.86,1692
Flume,518569137.7,4473,98.88,1.58,3.4,60.69,19.86,1693
Dame 5,46169598.0,552,88.0,0.14,0.35,65.65,19.86,1694
Jairo Vera,70841988.3911977,321,87.82,0.22,0.17,65.73,19.86,1695
ŠKWOR,9687093.0,205,87.15,0.03,0.08,66.04,19.85,1696
Vaidas Baumila,3025539.5,213,87.1,0.01,0.09,66.06,19.85,1697
Burak Yeter,189997393.5,1366,90.7,0.58,0.98,64.42,19.85,1698
Bausa,553255417.7333335,1675,94.51,1.69,1.22,62.68,19.85,1699
Julinho Ksd,45442618.36666667,750,88.47,0.14,0.51,65.43,19.84,1700
Gleb,25380157.533333357,1396,89.38,0.08,1.01,65.02,19.84,1701
Young Stunners,3031509.3333333335,284,87.29,0.01,0.14,65.97,19.84,1702
Sodré,73871268.5,165,87.72,0.22,0.05,65.78,19.84,1703
The Cratez,75637043.45,432,88.16,0.23,0.26,65.58,19.84,1704
Conan Gray,1869599255.0,3433,109.3,5.71,2.59,55.94,19.84,1705
Zen-G,23527933.5,118,87.16,0.07,0.01,66.03,19.84,1706
CHAAMA,1738989.5,140,87.06,0.0,0.03,66.08,19.83,1707
Molly Sandén,282363506.21428573,1147,91.31,0.86,0.81,64.14,19.83,1708
BIG Naughty,3562852.166666667,179,87.19,0.01,0.06,66.02,19.83,1709
Kaliffa,54059600.00000001,171,87.57,0.16,0.06,65.84,19.83,1710
Menor MC,51610277.222222224,157,87.58,0.16,0.04,65.84,19.83,1711
Marc E. Bassy,226637640.16666666,1541,91.5,0.69,1.12,64.05,19.83,1712
DJ Matt D,51610277.222222224,157,87.58,0.16,0.04,65.84,19.83,1713
Raad And Methaq,4360532.0,181,87.25,0.01,0.06,65.99,19.82,1714
Maximillian,80380644.5,198,87.95,0.24,0.08,65.67,19.82,1715
The Walters,924244302.0,1249,97.24,2.82,0.89,61.43,19.82,1716
Eyjólfur Kristjánsson,950359.5,101,87.06,0.0,0.0,66.08,19.82,1717
Beach Weather,187304523.0,551,89.48,0.57,0.35,64.97,19.82,1718
Big Zulu,2353345.7333333334,142,87.21,0.01,0.03,66.01,19.82,1719
STIG,20960025.066666666,291,87.58,0.06,0.15,65.84,19.82,1720
Cedric Gervais,51105589.49999997,2022,90.81,0.16,1.49,64.37,19.82,1721
DrefGold,118123188.41666663,426,88.75,0.36,0.25,65.31,19.81,1722
João Gustavo e Murilo,126235752.0,163,88.4,0.38,0.05,65.47,19.81,1723
L-Gante,289488619.91071445,2226,93.32,0.88,1.65,63.22,19.81,1724
Stephen Sanchez,623452366.5,769,93.83,1.9,0.52,62.99,19.81,1725
Mocci,9268664.0,357,87.72,0.03,0.2,65.78,19.81,1726
Medina,101110118.0,515,88.81,0.31,0.32,65.28,19.8,1727
Latto,109802754.83333334,195,88.32,0.33,0.07,65.5,19.8,1728
Bresh,71597538.16666666,239,88.13,0.22,0.11,65.59,19.8,1729
Mike Perry,423031221.5833332,3818,97.39,1.29,2.89,61.37,19.79,1730
Osher Cohen,19584853.333333332,528,88.24,0.06,0.33,65.54,19.79,1731
Ersay Üner,36881227.0,147,87.73,0.11,0.04,65.77,19.79,1732
Ziynet Sali,63757577.833333336,255,88.08,0.19,0.12,65.61,19.79,1733
Abo El Anwar,11439921.48333333,767,88.53,0.03,0.52,65.41,19.79,1734
Zinoleesky,18208905.5,424,88.03,0.05,0.25,65.63,19.78,1735
Ofenbach,433141017.25,3370,96.83,1.32,2.54,61.62,19.78,1736
DJ Yuri Martins,50426166.94999993,260,88.05,0.15,0.12,65.63,19.78,1737
ADF Samski,12969510.499999998,106,87.48,0.04,0.0,65.89,19.78,1738
MC Kevin o Chris,594604272.7999998,956,94.22,1.82,0.67,62.81,19.77,1739
Ren Ran,70121995.0,753,89.2,0.21,0.51,65.1,19.77,1740
Janusz Walczuk,23438942.225468982,424,88.21,0.07,0.25,65.55,19.77,1741
GDRN,2707827.9166666656,498,88.15,0.01,0.31,65.58,19.77,1742
Sophia,2042136.2,162,87.55,0.01,0.05,65.85,19.77,1743
Luíza & Maurílio,170512912.5,190,89.11,0.52,0.07,65.14,19.77,1744
Chris Hart,8958377.0,111,87.59,0.03,0.01,65.84,19.77,1745
Aksel Kankaanranta,11948610.0,209,87.84,0.04,0.08,65.72,19.76,1746
Kehlani,671512410.4166667,3521,99.32,2.05,2.66,60.49,19.76,1747
Peach Tree Rascals,137819489.0,195,88.87,0.42,0.07,65.25,19.76,1748
Hadise,70178916.0,262,88.38,0.21,0.13,65.47,19.76,1749
Jiggz,20003205.333333336,130,87.82,0.06,0.02,65.73,19.75,1750
Hov1,483437384.5,1734,94.69,1.48,1.27,62.6,19.75,1751
DJ RD,64844737.83333335,174,88.28,0.2,0.06,65.52,19.75,1752
Ypo,7246137.533333332,726,88.76,0.02,0.49,65.3,19.75,1753
Grupo Marca Registrada,307295516.25,312,90.71,0.94,0.16,64.41,19.75,1754
Sexmane,30713177.499999985,451,88.45,0.09,0.27,65.44,19.75,1755
Joakim Lundell,42301746.0,216,88.14,0.13,0.09,65.58,19.75,1756
en,11236389.0,107,87.76,0.03,0.01,65.76,19.74,1757
Jnr Choi,93476130.83333333,437,89.1,0.28,0.26,65.15,19.74,1758
Fero47,155731305.5,321,89.45,0.47,0.17,64.99,19.74,1759
Truc Nhan,8640172.0,222,87.97,0.03,0.09,65.66,19.74,1760
SCH,489738432.8150796,2676,96.47,1.5,2.0,61.79,19.74,1761
Sam Tompkins,93476130.83333333,437,89.1,0.28,0.26,65.15,19.74,1762
MEYOU,37505726.0,355,88.44,0.11,0.2,65.45,19.74,1763
Azis,1617300.5,228,87.9,0.0,0.1,65.69,19.74,1764
@atutowy,44801259.93095238,399,88.58,0.14,0.23,65.38,19.74,1765
Ingó Veðurguð,2955265.333333333,339,88.08,0.01,0.19,65.61,19.74,1766
Darin,102480233.5,369,89.1,0.31,0.21,65.15,19.73,1767
Lyanno,273165852.65000004,5998,100.24,0.83,4.58,60.07,19.73,1768
Feride Hilal Akın,40909598.80000001,170,88.18,0.12,0.05,65.57,19.73,1769
Jimbo J,4069496.066666667,150,87.84,0.01,0.04,65.72,19.73,1770
Pabllo Vittar,412961088.6666668,702,92.5,1.26,0.47,63.6,19.72,1771
Ape Drums,30498682.666666668,333,88.47,0.09,0.18,65.43,19.72,1772
Mauro Castillo,77612568.00000024,701,89.51,0.24,0.47,64.96,19.72,1773
Pommelien Thijs,29761469.5,241,88.35,0.09,0.11,65.49,19.72,1774
Trapical,31963370.133333337,1125,89.87,0.1,0.8,64.8,19.72,1775
Carolina Gaitán - La Gaita,77612568.00000024,701,89.51,0.24,0.47,64.96,19.72,1776
Lauren Spencer Smith,386498836.0,730,92.35,1.18,0.49,63.66,19.72,1777
Maejor,49024658.39999993,295,88.6,0.15,0.15,65.37,19.72,1778
Mc Pepeu,54239837.5,147,88.45,0.16,0.04,65.44,19.71,1779
Tory Lanez,1129750659.816668,5098,106.5,3.45,3.88,57.21,19.71,1780
ROSÉ,249958629.0,901,91.51,0.76,0.62,64.05,19.71,1781
Koky,5173369.797619048,313,88.32,0.02,0.17,65.5,19.71,1782
Tuomas Kauhanen,7598455.3,130,87.99,0.02,0.02,65.65,19.71,1783
HY,52873748.0,424,89.01,0.16,0.25,65.19,19.7,1784
Shade,174836592.5,368,89.96,0.53,0.21,64.75,19.7,1785
Nevada,83923918.99999997,896,90.05,0.26,0.62,64.71,19.7,1786
RICTA,28156985.847619038,911,89.61,0.09,0.63,64.91,19.7,1787
Snelle,386723608.3333334,1424,93.66,1.18,1.03,63.07,19.7,1788
Vercetti CG,1395884.3142857142,101,87.92,0.0,0.0,65.68,19.7,1789
Patron,191226172.08333334,720,90.72,0.58,0.48,64.41,19.7,1790
Gestört aber GeiL,39913806.66666666,289,88.64,0.12,0.15,65.36,19.7,1791
Lusia Chebotina,9337165.0,132,88.11,0.03,0.02,65.6,19.7,1792
Iuly Neamtu,5794561.000000003,316,88.4,0.02,0.17,65.47,19.7,1793
Lauana Prado,237143486.5,261,90.35,0.72,0.13,64.58,19.7,1794
Ingi Bauer,3713104.433333332,536,88.76,0.01,0.34,65.3,19.7,1795
Travie McCoy,69937371.5,1037,90.21,0.21,0.73,64.64,19.7,1796
Daniil,2191010.416666666,267,88.37,0.01,0.13,65.48,19.69,1797
Israel & Rodolffo,722503617.5,552,95.27,2.21,0.35,62.33,19.69,1798
Dalmata,131481743.34285718,1236,91.12,0.4,0.88,64.23,19.69,1799
Capo Plaza,696249624.6761912,2312,98.02,2.13,1.72,61.08,19.69,1800
LMEN PRALA,7151182.166666665,250,88.32,0.02,0.12,65.5,19.69,1801
MACHETE,90189170.83333336,343,89.22,0.27,0.19,65.09,19.69,1802
FM95BLÖ,730072.1666666667,117,88.04,0.0,0.01,65.63,19.69,1803
Owen,37345378.5,180,88.5,0.11,0.06,65.42,19.69,1804
Slade,66388758.0,219,88.81,0.2,0.09,65.28,19.69,1805
Mons,8859366.5,444,88.69,0.03,0.27,65.33,19.69,1806
Lucas,15461240.0,149,88.36,0.05,0.04,65.48,19.68,1807
Summer Cem,481617932.3714287,2216,96.03,1.47,1.64,61.99,19.68,1808
Ricky Hsiao,5720252.5,156,88.23,0.02,0.04,65.54,19.68,1809
Mc's Zaac & Jerry Smith,27690782.0,131,88.39,0.08,0.02,65.47,19.68,1810
Gson,7168948.375,237,88.42,0.02,0.11,65.46,19.68,1811
ClockClock,44146384.0,187,88.66,0.13,0.07,65.35,19.68,1812
Medi,5733071.666666666,714,89.21,0.02,0.48,65.1,19.68,1813
Emel,8915086.5,112,88.29,0.03,0.01,65.52,19.67,1814
Alexander Robov,630505.75,136,88.29,0.0,0.03,65.52,19.67,1815
Wizzard,61256693.0,104,88.77,0.19,0.0,65.3,19.67,1816
Derya Uluğ,83843499.0,274,89.25,0.26,0.14,65.08,19.67,1817
1.Cuz,56158977.08333331,462,89.26,0.17,0.28,65.07,19.67,1818
Lege-Cy,16626853.5,650,89.28,0.05,0.43,65.06,19.67,1819
Dj Serpinha,52967111.0,109,88.65,0.16,0.01,65.35,19.67,1820
TWICE,1014333971.0,4577,104.85,3.1,3.48,57.96,19.67,1821
Emmsjé Gauti,6461738.802631579,978,89.7,0.02,0.68,64.87,19.67,1822
L5VAV,2115486.333333333,228,88.52,0.01,0.1,65.41,19.66,1823
大籽,11959009.0,147,88.44,0.04,0.04,65.45,19.66,1824
Butrint Imeri,10802958.833333336,111,88.38,0.03,0.01,65.47,19.66,1825
Dhvani Bhanushali,79711041.31923081,763,90.13,0.24,0.52,64.68,19.66,1826
JENNIE,162833886.0,633,90.67,0.5,0.41,64.43,19.65,1827
Morray,53773918.99999999,178,88.93,0.16,0.06,65.22,19.65,1828
Minelli,34783718.0,506,89.31,0.11,0.32,65.05,19.65,1829
DG e Batidão Stronda,51741393.5,111,88.81,0.16,0.01,65.28,19.65,1830
3enba,8742419.499999996,565,89.21,0.03,0.36,65.1,19.65,1831
Rkomi,426265464.0190477,1279,94.17,1.3,0.92,62.83,19.65,1832
Maren Morris,620175631.1666713,3764,100.12,1.89,2.85,60.12,19.65,1833
hooligan.,7742123.0,110,88.43,0.02,0.01,65.45,19.65,1834
Samey,12098894.749999989,767,89.56,0.04,0.52,64.94,19.65,1835
Oxlade,107598868.41666666,296,89.66,0.33,0.15,64.89,19.64,1836
Adam,11433930.599999998,349,88.89,0.03,0.19,65.24,19.64,1837
Frenna,443560331.6261901,2396,96.22,1.35,1.78,61.9,19.64,1838
Séra Bjössi,5643452.599999999,549,89.26,0.02,0.35,65.07,19.63,1839
Labrinth,1003536420.7833334,6830,108.87,3.06,5.23,56.13,19.63,1840
Cico Band,1197159.6666666667,105,88.5,0.0,0.0,65.42,19.63,1841
Rene Rendy,1197159.6666666667,105,88.5,0.0,0.0,65.42,19.63,1842
John Scott Trotter & His Orchestra,155683431.66666672,753,90.93,0.47,0.51,64.31,19.63,1843
Wisin & Yandel,677996474.388095,5964,104.51,2.07,4.56,58.12,19.63,1844
Ken Darby Singers,155683431.66666672,753,90.93,0.47,0.51,64.31,19.63,1845
Stormzy,794634655.6999998,3040,100.56,2.43,2.28,59.92,19.63,1846
Victoria Monét,44044472.5,200,89.05,0.13,0.08,65.17,19.63,1847
TRANG,5271965.0,217,88.73,0.02,0.09,65.32,19.63,1848
Young Cister,133110882.21969695,454,90.3,0.41,0.28,64.6,19.63,1849
Astrid S,519922437.3333333,3371,98.66,1.59,2.54,60.79,19.63,1850
Tinie Tempah,158835994.0,1524,92.34,0.48,1.11,63.67,19.63,1851
Anson Kong 江𤒹生,6415811.5,208,88.67,0.02,0.08,65.34,19.63,1852
Rhove,190182082.41666666,340,90.64,0.58,0.19,64.44,19.62,1853
Mark Eliyahu,40383679.0,284,89.19,0.12,0.14,65.11,19.62,1854
Olvidate!,21839021.5,211,88.93,0.07,0.09,65.22,19.62,1855
Francesco Gabbani,48890422.0,136,89.06,0.15,0.03,65.16,19.62,1856
Ray Dalton,382984151.6666667,8997,107.14,1.17,6.91,56.92,19.62,1857
WILDBWOYS,40829501.83333333,183,89.02,0.12,0.06,65.18,19.62,1858
Jonas Esticado,315496142.0,226,91.67,0.96,0.1,63.97,19.61,1859
Fivio Foreign,126784042.27777778,1002,91.31,0.39,0.7,64.14,19.61,1860
Nonny9,3047701.6,148,88.74,0.01,0.04,65.31,19.61,1861
Mahmoud Al Turky,1901286.3333333335,120,88.67,0.01,0.02,65.34,19.61,1862
Saulės Kliošas,1084270.3333333333,165,88.76,0.0,0.05,65.3,19.61,1863
MC Fioti,120629453.69285719,1148,91.53,0.37,0.81,64.04,19.6,1864
Loud Luxury,487139177.75,2635,97.4,1.49,1.97,61.36,19.6,1865
Páll Óskar,1005931.8026315789,156,88.81,0.0,0.04,65.28,19.6,1866
Data Luv,28952070.333333332,105,88.95,0.09,0.0,65.22,19.6,1867
Djämes Braun,14042745.833333334,158,88.93,0.04,0.05,65.22,19.6,1868
Dedublüman,75491256.5,161,89.44,0.23,0.05,64.99,19.6,1869
Lenny Santos,111840580.5,694,90.71,0.34,0.46,64.41,19.6,1870
Nomcebo Zikode,117916276.58333333,826,90.98,0.36,0.56,64.29,19.6,1871
La K'onga,229908520.00000003,512,91.46,0.7,0.32,64.07,19.6,1872
Jekkpot,11518438.5,115,88.81,0.03,0.01,65.28,19.6,1873
PnB Rock,308407347.6833335,1089,93.16,0.94,0.77,63.3,19.6,1874
Aleksanteri Hakaniemi,24352557.5,276,89.25,0.07,0.14,65.08,19.59,1875
Mairee,2208360.5,126,88.83,0.01,0.02,65.27,19.59,1876
Rocco Hunt,241198778.14696965,836,92.2,0.74,0.57,63.73,19.59,1877
Ronghao Li,81791561.5,1699,92.2,0.25,1.24,63.73,19.59,1878
El Jordan 23,153926158.24848485,545,90.88,0.47,0.35,64.33,19.59,1879
Hasan,18181160.72500001,1383,91.08,0.05,1.0,64.24,19.59,1880
Eleni Foureira,63535083.66666667,1174,91.16,0.19,0.83,64.21,19.59,1881
T Team,7425692.0,124,88.94,0.02,0.02,65.22,19.58,1882
Quebonafide,181320940.24999973,2175,93.96,0.55,1.61,62.93,19.58,1883
Mark Morrison,85498552.66666664,910,91.0,0.26,0.63,64.28,19.58,1884
BoyWithUke,592556180.5,1768,96.99,1.81,1.3,61.55,19.58,1885
SANNI,104604909.33333336,1045,91.36,0.32,0.73,64.12,19.58,1886
TEDE,10538994.933333335,157,89.01,0.03,0.04,65.19,19.58,1887
A Boogie Wit da Hoodie,1854462739.233333,4782,113.34,5.66,3.64,54.09,19.58,1888
Adi Nowak,12272783.782215012,305,89.26,0.04,0.16,65.07,19.58,1889
MC Levin,70820490.75,147,89.61,0.22,0.04,64.91,19.57,1890
Dave,675709780.8333329,2349,98.78,2.06,1.75,60.73,19.57,1891
Eric Land,90497110.5,118,89.78,0.28,0.01,64.84,19.57,1892
Skizzy Mars,42999751.00000002,518,90.02,0.13,0.32,64.73,19.57,1893
Duncan Laurence,905992470.0,2617,101.29,2.77,1.96,59.59,19.57,1894
Hatim Ammor,3607085.4,324,89.28,0.01,0.17,65.06,19.57,1895
Sadfriendd,3652296.5,208,89.2,0.01,0.08,65.1,19.56,1896
MUPP,3652296.5,208,89.2,0.01,0.08,65.1,19.56,1897
Kalash,75807976.16666667,451,90.25,0.23,0.27,64.62,19.56,1898
Tarcísio do Acordeon,551290244.0000001,586,94.74,1.68,0.38,62.57,19.56,1899
JVG,231879953.83333334,2609,95.29,0.71,1.95,62.32,19.56,1900
LE SSERAFIM,137956327.0,449,90.89,0.42,0.27,64.33,19.55,1901
Anirudh Ravichander,404121095.1666667,795,93.85,1.23,0.54,62.98,19.55,1902
Olly Murs,165137340.83333334,1882,93.53,0.5,1.38,63.13,19.55,1903
Ashe,182625751.0,448,91.31,0.56,0.27,64.14,19.55,1904
P T K,12211847.33333333,253,89.42,0.04,0.12,65.0,19.55,1905
Carin Leon,865628050.1666666,1897,99.87,2.64,1.4,60.24,19.55,1906
MIKA,9209322.5,157,89.33,0.03,0.04,65.04,19.54,1907
Alex Rose,353803561.7166675,5757,101.96,1.08,4.4,59.28,19.54,1908
El Super Nuevo,999091.5,136,89.22,0.0,0.03,65.09,19.54,1909
Mohamed Ramadan,3698997.500000001,462,89.8,0.01,0.28,64.83,19.54,1910
AJ Tracey,359543136.83333325,1244,94.33,1.1,0.89,62.76,19.54,1911
SAMI,18839013.5,130,89.41,0.06,0.02,65.01,19.53,1912
Dear Jane,69221166.0,1932,92.91,0.21,1.42,63.41,19.53,1913
Simula,523336.0,139,89.27,0.0,0.03,65.07,19.53,1914
K-Clique,15709287.0,240,89.58,0.05,0.11,64.93,19.53,1915
Robin Bengtsson,35199444.0,108,89.59,0.11,0.01,64.92,19.52,1916
Andmesh,337092325.0,822,93.49,1.03,0.56,63.14,19.52,1917
Kirsty MacColl,172631712.5,542,91.6,0.53,0.34,64.01,19.52,1918
Ollie,20140343.0,227,89.77,0.06,0.1,64.84,19.51,1919
Taiu,151431444.5999999,1158,92.46,0.46,0.82,63.61,19.51,1920
Bedoes 2115,221345630.8059522,2737,95.82,0.68,2.05,62.08,19.51,1921
Dardan,448676194.58333313,1520,95.74,1.37,1.1,62.12,19.51,1922
Dipha Barus,7592207.666666667,149,89.5,0.02,0.04,64.96,19.51,1923
Kelly Yu,41601821.0,614,90.63,0.13,0.4,64.45,19.51,1924
Bryant Myers,360848115.9063508,9426,108.47,1.1,7.25,56.31,19.51,1925
Smack,12502587.666666664,299,89.78,0.04,0.15,64.84,19.51,1926
Kawe,55274037.33333334,144,89.96,0.17,0.03,64.75,19.5,1927
Loreen,31661199.0,125,89.73,0.1,0.02,64.86,19.5,1928
ELIF,43846921.83333333,156,89.86,0.13,0.04,64.8,19.5,1929
Imany,100331486.5,1125,92.06,0.31,0.8,63.8,19.5,1930
Dean Martin,638431776.0,1270,97.1,1.95,0.91,61.5,19.5,1931
Helgi Björnsson,3126042.052631579,262,89.73,0.01,0.13,64.86,19.5,1932
Burna Boy,514512676.08333313,2770,98.54,1.57,2.08,60.84,19.5,1933
Vera Blue,36711211.2,212,89.98,0.11,0.09,64.75,19.5,1934
MC Lan,142086004.04999998,312,91.08,0.43,0.16,64.24,19.49,1935
ATYPISK,37555909.16666667,436,90.41,0.11,0.26,64.55,19.49,1936
Daði Freyr,35865994.5,379,90.27,0.11,0.22,64.61,19.49,1937
Nik & Jay,25359419.5,252,89.96,0.08,0.12,64.75,19.49,1938
VIIVI,19540256.0,207,89.86,0.06,0.08,64.8,19.49,1939
The Pogues,172703097.0,544,91.81,0.53,0.35,63.91,19.49,1940
Emms,49557103.83333335,378,90.43,0.15,0.22,64.54,19.49,1941
Rae Sremmurd,1362223619.6666653,4075,108.53,4.16,3.09,56.29,19.48,1942
Hamza,217194412.9666667,1079,93.17,0.66,0.76,63.29,19.48,1943
Álvaro De Luna,132967192.49999997,390,91.35,0.41,0.23,64.12,19.47,1944
Ant Wan,199700361.8333333,695,92.45,0.61,0.46,63.62,19.47,1945
João Neto & Frederico,64700965.0,150,90.35,0.2,0.04,64.58,19.47,1946
Mirez,889232.5999999999,147,89.73,0.0,0.04,64.86,19.47,1947
Best,19390824.28181818,118,89.81,0.06,0.01,64.82,19.47,1948
Yxng Le,21523777.75,100,89.91,0.07,0.0,64.78,19.46,1949
PSR,42712094.16666668,276,90.39,0.13,0.14,64.56,19.46,1950
Leony,159855604.91666666,848,92.41,0.49,0.58,63.64,19.46,1951
Mark Forster,233040783.0,1020,93.39,0.71,0.72,63.19,19.46,1952
Sleepy Hallow,703693116.6666666,1454,98.3,2.15,1.05,60.95,19.46,1953
Nopsajalka,9823150.0,121,89.81,0.03,0.02,64.82,19.46,1954
Petre Stefan,6698434.016666667,387,90.35,0.02,0.22,64.58,19.45,1955
SUD,90042545.5,315,90.97,0.27,0.17,64.29,19.45,1956
Steve Aoki,393554442.0000001,3217,98.6,1.2,2.42,60.81,19.45,1957
Braulio Fogon,5867415.216666665,329,90.22,0.02,0.18,64.64,19.45,1958
Nick Jonas,479441665.3333333,3662,100.17,1.46,2.77,60.1,19.45,1959
Trobi,39869227.41666669,276,90.47,0.12,0.14,64.52,19.45,1960
"Royce Da 5'9""",77212626.9833333,452,91.08,0.24,0.27,64.24,19.45,1961
Morgan Sulele,69193549.83333333,542,91.23,0.21,0.34,64.18,19.44,1962
Juris,55724711.25,264,90.68,0.17,0.13,64.43,19.44,1963
Feby Putri,146368091.0,262,91.46,0.45,0.13,64.07,19.44,1964
Yzomandias,77790925.52142861,3479,96.36,0.24,2.63,61.84,19.44,1965
Дора,37799995.0,434,90.73,0.11,0.26,64.4,19.44,1966
T.I BLAZE,4352167.0,168,90.04,0.01,0.05,64.72,19.44,1967
Robin Packalen,59945219.30000001,805,91.6,0.18,0.55,64.01,19.44,1968
Mom4eto,656406.5238095237,133,89.99,0.0,0.03,64.74,19.43,1969
Tom Zanetti,43688796.0,147,90.39,0.13,0.04,64.56,19.43,1970
PATEKO,1308511.1666666665,139,89.96,0.0,0.03,64.75,19.43,1971
ZetHa,11478272.666666666,111,90.06,0.03,0.01,64.71,19.43,1972
Giusy Ferreri,74166419.83333334,440,91.17,0.23,0.26,64.2,19.43,1973
Mustard,910735795.333333,3518,103.95,2.78,2.66,58.37,19.42,1974
Sura İskenderli,40444890.0,117,90.41,0.12,0.01,64.55,19.42,1975
Deedz B,10229284.416666668,378,90.59,0.03,0.22,64.47,19.42,1976
Dxrk ダーク,23453973.0,371,90.68,0.07,0.21,64.43,19.42,1977
The Throne,37395895.5,189,90.51,0.11,0.07,64.5,19.42,1978
Childish Gambino,1760018258.25,3649,111.8,5.37,2.76,54.8,19.42,1979
Jenni Vartiainen,39623779.25000001,494,91.01,0.12,0.31,64.28,19.42,1980
Murilo Huff,223225141.0,284,92.35,0.68,0.14,63.66,19.41,1981
Deejay Telio,23499970.583333332,747,91.36,0.07,0.5,64.12,19.41,1982
Nusrat Fateh Ali Khan,15065541.0,123,90.27,0.05,0.02,64.61,19.41,1983
Mano Walter,112444820.5,184,91.2,0.34,0.07,64.19,19.41,1984
SIX60,218103795.5,3107,97.18,0.67,2.34,61.46,19.41,1985
李浩瑋 Howard Lee,12868175.299999997,203,90.34,0.04,0.08,64.58,19.41,1986
Talha Anjum,5467079.416666668,471,90.79,0.02,0.29,64.38,19.41,1987
ooes,25077407.0,279,90.65,0.08,0.14,64.44,19.41,1988
Bilal Sonses,62135293.5,296,91.07,0.19,0.15,64.25,19.4,1989
Federica Carta,37496835.0,133,90.51,0.11,0.03,64.5,19.4,1990
Victony,12614154.75,382,90.79,0.04,0.22,64.38,19.4,1991
GUMA,8780940.0,115,90.3,0.03,0.01,64.6,19.4,1992
阿冗,29115987.0,382,90.9,0.09,0.22,64.33,19.4,1993
Maan,205489078.5,854,93.26,0.63,0.59,63.25,19.4,1994
Stepz,34297184.24999999,398,90.95,0.1,0.23,64.3,19.4,1995
Soolking,254229847.4761905,2131,95.97,0.78,1.58,62.01,19.39,1996
tlinh,19255811.983333338,413,90.94,0.06,0.24,64.31,19.39,1997
Suzan & Freek,284503828.5,906,94.16,0.87,0.63,62.84,19.39,1998
Juliander,83508545.25,1501,93.34,0.25,1.09,63.21,19.39,1999
Velet,87595704.84444448,339,91.41,0.27,0.19,64.09,19.39,2000
XYLØ,76873960.0,633,91.87,0.23,0.41,63.88,19.38,2001
Pashanim,474828433.6666667,1189,96.39,1.45,0.85,61.82,19.38,2002
Mustafa Sandal,23840486.5,149,90.56,0.07,0.04,64.48,19.38,2003
CatchUp,12585554.166666662,126,90.5,0.04,0.02,64.51,19.38,2004
Tanishk-Vayu,36942003.0,143,90.66,0.11,0.03,64.44,19.38,2005
S10,42703943.50000001,185,90.94,0.13,0.07,64.31,19.37,2006
Jasmin Moallem,16500213.5,465,91.12,0.05,0.28,64.23,19.37,2007
Ricky Martin,410970076.8499999,5723,103.6,1.25,4.37,58.53,19.37,2008
Eddin,40817416.5,111,90.75,0.12,0.01,64.39,19.37,2009
Alan Murin,3485453.7500000005,294,90.76,0.01,0.15,64.39,19.37,2010
Vild Smith,16005095.0,151,90.61,0.05,0.04,64.46,19.37,2011
ProfJam,32385992.5,691,91.74,0.1,0.46,63.94,19.36,2012
Illslick,7150750.0,146,90.58,0.02,0.04,64.47,19.36,2013
Elastinen,75454622.68333331,1117,92.81,0.23,0.79,63.45,19.36,2014
Curtis,6325327.75,409,90.99,0.02,0.24,64.28,19.36,2015
Kelvin Momo,3452791.616666667,145,90.61,0.01,0.03,64.46,19.35,2016
Bosh,124551269.33333333,283,91.9,0.38,0.14,63.87,19.35,2017
Jerry Heil,3853173.833333333,141,90.65,0.01,0.03,64.44,19.35,2018
C. Tangana,817115709.5666667,2843,102.5,2.49,2.13,59.04,19.35,2019
Oscar Maydon,189273277.5,224,92.48,0.58,0.1,63.61,19.35,2020
Lary,22166586.5,173,90.87,0.07,0.06,64.34,19.35,2021
Taco Hemingway,312294242.95357114,3417,98.93,0.95,2.58,60.66,19.35,2022
Joyce Cheng,9739001.0,255,90.92,0.03,0.12,64.32,19.34,2023
Bsw,19617430.83333333,546,91.52,0.06,0.35,64.04,19.34,2024
Kacperczyk,29411117.158008665,295,91.15,0.09,0.15,64.21,19.34,2025
El Waili,5073976.0,208,90.8,0.01,0.08,64.37,19.34,2026
Lotfi Begi,2042172.75,129,90.7,0.01,0.02,64.42,19.34,2027
Pascal Letoublon,19639952.5,119,90.79,0.06,0.01,64.38,19.34,2028
10cm,5541275.0,160,90.74,0.02,0.05,64.4,19.34,2029
MC G15,284732982.79292935,776,94.28,0.87,0.53,62.78,19.34,2030
Yuridope,65693200.83333333,478,91.9,0.2,0.29,63.87,19.33,2031
Marita,10246567.66666667,173,90.9,0.03,0.06,64.33,19.33,2032
Cat Burns,57375000.0,261,91.41,0.17,0.13,64.09,19.33,2033
Lord Siva,58911140.5,592,92.0,0.18,0.38,63.82,19.33,2034
Residente,145556816.99999997,1005,93.45,0.44,0.7,63.16,19.33,2035
Adam Lambert,178488399.49999994,1435,94.53,0.54,1.04,62.67,19.33,2036
Antti Tuisku,92762534.0,981,92.99,0.28,0.68,63.37,19.33,2037
Diquenza,41146876.88333332,263,91.33,0.13,0.13,64.13,19.33,2038
Issam Alnajjar,4824238.0,117,90.7,0.01,0.01,64.42,19.33,2039
Mainstreet,306963458.5023812,863,94.75,0.94,0.59,62.57,19.32,2040
Vaundy,457076799.5,1173,96.67,1.4,0.83,61.69,19.32,2041
Jada,10942822.777777778,124,90.85,0.03,0.02,64.35,19.32,2042
Social House,258439944.0,1147,94.87,0.79,0.81,62.52,19.32,2043
Martin Jensen,802127623.1666669,3863,104.34,2.45,2.92,58.2,19.32,2044
ARIZONATEARS,49036288.66666668,230,91.4,0.15,0.1,64.1,19.32,2045
Lanek,178405311.18102476,1806,95.26,0.54,1.33,62.34,19.32,2046
AMEE,22492604.666666664,519,91.67,0.07,0.33,63.97,19.32,2047
Rhymastic,15107301.016666662,454,91.49,0.05,0.28,64.06,19.32,2048
ELI,34387646.0,101,91.11,0.1,0.0,64.23,19.31,2049
Djalil Palermo,2932872.3333333335,191,90.96,0.01,0.07,64.3,19.31,2050
Khaled,32146076.933333345,198,91.29,0.1,0.08,64.15,19.31,2051
Insomniacks,22629114.0,227,91.25,0.07,0.1,64.17,19.31,2052
Brave Girls,8529873.5,168,91.02,0.03,0.05,64.27,19.31,2053
Burak Bulut,71888252.08333334,257,91.68,0.22,0.12,63.97,19.31,2054
Emrah,1751863.0,227,91.01,0.0,0.1,64.28,19.31,2055
Henrique & Diego,276199717.5,665,94.22,0.84,0.44,62.81,19.31,2056
Aitch,254878951.33333325,964,94.52,0.78,0.67,62.67,19.31,2057
Rick Ross,652026209.0785718,3167,101.85,1.99,2.38,59.33,19.31,2058
Mark Carpio,67457361.0,228,91.73,0.21,0.1,63.95,19.3,2059
BANDIDO,43483792.49999999,421,91.79,0.13,0.25,63.92,19.3,2060
Jennifer Lopez,413186976.68333256,5317,103.43,1.26,4.05,58.61,19.3,2061
Tiwa Savage,3332933.733333334,108,90.96,0.01,0.01,64.3,19.3,2062
ART,88222043.66666667,208,91.85,0.27,0.08,63.89,19.3,2063
Sam Fender,126782519.0,244,92.29,0.39,0.11,63.69,19.3,2064
Kay Tse,22850494.5,901,92.44,0.07,0.62,63.62,19.3,2065
J. Rey Soul,179294051.25000054,1141,94.25,0.55,0.81,62.8,19.3,2066
Becky Hill,627694480.8333336,5382,105.54,1.92,4.11,57.65,19.3,2067
Egor Kreed,35526952.33333332,769,92.37,0.11,0.52,63.66,19.3,2068
Mnogoznaal,26677938.5,294,91.53,0.08,0.15,64.04,19.29,2069
Charlie Charles,45687907.16666664,219,91.58,0.14,0.09,64.02,19.29,2070
DTG,103969061.0,472,92.49,0.32,0.29,63.6,19.29,2071
Oruam,33963874.40086581,139,91.31,0.1,0.03,64.14,19.29,2072
Ilta,21695507.75,277,91.46,0.07,0.14,64.07,19.29,2073
Fiki,1003681.0,147,91.07,0.0,0.04,64.25,19.29,2074
Wes Nelson,43897511.499999985,290,91.63,0.13,0.15,63.99,19.29,2075
GONE.Fludd,49488154.666666664,521,92.09,0.15,0.33,63.78,19.29,2076
Itay Levi,24982236.833333332,810,92.42,0.08,0.55,63.63,19.29,2077
Rsko,17988272.833333336,100,91.17,0.05,0.0,64.2,19.28,2078
#TocoParaVos,38725307.83333333,809,92.55,0.12,0.55,63.57,19.28,2079
Marco Mengoni,196848021.99999994,772,93.94,0.6,0.52,62.94,19.28,2080
Russ Millions,111196684.80158733,1294,94.1,0.34,0.93,62.87,19.28,2081
Remy Boyz,257039668.0,1652,95.99,0.78,1.21,62.0,19.28,2082
Papu DJ,43715719.5,384,91.91,0.13,0.22,63.87,19.28,2083
Buray,111783757.30000001,644,92.97,0.34,0.42,63.38,19.28,2084
DJ 900,59672197.21825396,205,91.75,0.18,0.08,63.94,19.28,2085
Hava,66292363.5,212,91.82,0.2,0.09,63.91,19.28,2086
Ruben,92028386.5,597,92.8,0.28,0.39,63.46,19.27,2087
Billy Sio,5910218.166666667,404,91.71,0.02,0.24,63.96,19.27,2088
Gary Yang,13824744.5,495,91.91,0.04,0.31,63.87,19.27,2089
Hins Cheung,59618794.0,1669,94.38,0.18,1.22,62.74,19.26,2090
Olga Merediz,52146964.00000003,172,91.8,0.16,0.06,63.92,19.26,2091
Jüri Pootsmann,1469537.1666666667,298,91.55,0.0,0.15,64.03,19.25,2092
Lasso,245363032.5,592,94.31,0.75,0.38,62.77,19.25,2093
GAMMAL,45757324.5,181,91.82,0.14,0.06,63.91,19.25,2094
6LACK,635150423.4999995,2120,100.38,1.94,1.57,60.0,19.25,2095
Casper Magico,287182376.45833343,4510,101.33,0.88,3.43,59.57,19.25,2096
Kerchak,27772107.25,104,91.5,0.08,0.0,64.05,19.25,2097
Booba,585869303.6666666,2820,101.11,1.79,2.11,59.67,19.25,2098
Coez,440502355.51666665,1091,96.88,1.34,0.77,61.6,19.25,2099
Singto Numchok,10766525.166666666,102,91.31,0.03,0.0,64.14,19.25,2100
Skusta Clee,165057040.72619048,639,93.7,0.5,0.42,63.05,19.24,2101
Majestic,187126658.5,962,94.49,0.57,0.67,62.69,19.24,2102
HÚGÓ,744601.5,106,91.34,0.0,0.0,64.13,19.24,2103
Guzior,101327386.16666666,779,93.4,0.31,0.53,63.19,19.24,2104
Christopher,79643070.27777776,850,93.28,0.24,0.58,63.24,19.24,2105
Project Pat,222895887.0666666,752,94.43,0.68,0.51,62.72,19.24,2106
DARA,1070952.1,167,91.42,0.0,0.05,64.09,19.24,2107
Reino Nordin,57626377.98333333,560,92.66,0.18,0.36,63.52,19.24,2108
PARTYNEXTDOOR,700207143.5666667,3601,103.56,2.14,2.72,58.55,19.24,2109
KIDDO,129264933.5,876,93.79,0.39,0.6,63.01,19.24,2110
Luca Brassi10x,2650451.2642857158,197,91.52,0.01,0.08,64.04,19.24,2111
Arsy Widianto,63204423.58,290,92.2,0.19,0.15,63.73,19.24,2112
Focalistic,3132238.45,296,91.67,0.01,0.15,63.97,19.24,2113
TopGunn,96634757.40000002,1008,93.82,0.29,0.71,62.99,19.23,2114
GIMS,315604062.141667,2624,98.47,0.96,1.96,60.87,19.23,2115
DENNIS,301317706.9999999,817,95.29,0.92,0.56,62.32,19.23,2116
VilleGalle,22607309.87619047,386,92.09,0.07,0.22,63.78,19.23,2117
juan karlos,88489519.33333333,186,92.33,0.27,0.07,63.67,19.23,2118
Jason Chan,24873508.0,956,93.12,0.08,0.67,63.31,19.23,2119
Marcianeke,234456283.83715716,1055,95.1,0.72,0.74,62.41,19.23,2120
Jerry Smith,268675642.0833334,602,94.61,0.82,0.39,62.63,19.23,2121
Mfr Souls,873498.8333333334,137,91.45,0.0,0.03,64.07,19.23,2122
Brandon Beal,32956286.166666664,445,92.27,0.1,0.27,63.7,19.23,2123
Azet,303024955.29999983,1567,96.64,0.92,1.14,61.71,19.22,2124
Yomel El Meloso,2475305.2265151516,322,91.88,0.01,0.17,63.88,19.22,2125
Erin,20074287.166666668,233,91.88,0.06,0.1,63.88,19.22,2126
WATT,217563535.25,2592,97.62,0.66,1.94,61.26,19.22,2127
Portion Boys,55796024.54761904,668,92.9,0.17,0.44,63.41,19.22,2128
Kurt Nilsen,45861172.00000001,528,92.6,0.14,0.33,63.55,19.22,2129
Sammy,71041744.66666664,2924,96.9,0.22,2.19,61.59,19.22,2130
M.O,41057554.999999985,182,92.02,0.12,0.06,63.82,19.21,2131
Gzuz,478541873.5833335,3094,100.95,1.46,2.33,59.74,19.21,2132
Trinidad James,4122957.600000003,103,91.59,0.01,0.0,64.01,19.21,2133
BHZ,40392086.82222219,254,92.13,0.12,0.12,63.76,19.21,2134
Norm Ender,114892340.0,417,93.09,0.35,0.25,63.33,19.21,2135
The Norwegian Radio Orchestra,43186527.00000001,504,92.58,0.13,0.31,63.56,19.21,2136
Jubin Nautiyal,244852770.9500001,972,95.2,0.75,0.68,62.36,19.21,2137
S1mba,109774274.25,528,93.25,0.33,0.33,63.25,19.21,2138
Xantos,50029278.333333336,1303,94.08,0.15,0.93,62.88,19.2,2139
THE ANXIETY,175754761.99999985,828,94.45,0.54,0.57,62.71,19.2,2140
Tyler Cole,175754761.99999985,828,94.45,0.54,0.57,62.71,19.2,2141
SANTOS,22736153.99999999,128,91.84,0.07,0.02,63.9,19.2,2142
Florin Salam,908984.1000000001,123,91.69,0.0,0.02,63.97,19.2,2143
Lukas Leon,13088431.916666664,261,92.03,0.04,0.13,63.81,19.2,2144
Seksikäs-Suklaa,7977410.416666666,148,91.74,0.02,0.04,63.94,19.2,2145
VC Barre,53123523.16666667,308,92.54,0.16,0.16,63.58,19.19,2146
Yasin,210855153.70833334,878,94.88,0.64,0.6,62.51,19.19,2147
Sammi Cheng,8706482.0,265,92.1,0.03,0.13,63.78,19.19,2148
Dynell,50612987.0,1305,94.19,0.15,0.94,62.83,19.19,2149
KAMRAD,40118927.0,135,92.16,0.12,0.03,63.75,19.18,2150
Lira,33729507.5,231,92.27,0.1,0.1,63.7,19.18,2151
Karan Aujla,170713527.5,409,93.8,0.52,0.24,63.0,19.18,2152
Geolier,360204411.3893938,1055,96.57,1.1,0.74,61.74,19.18,2153
Logi Pedro,1033264.3666666667,147,91.84,0.0,0.04,63.9,19.18,2154
Đen,46992607.25,1603,94.72,0.14,1.17,62.58,19.18,2155
Chael Produciendo,57153906.40833333,1155,94.09,0.17,0.82,62.87,19.17,2156
Madame,262387959.0023811,586,95.02,0.8,0.38,62.45,19.17,2157
Auður,5926975.75,594,92.72,0.02,0.38,63.5,19.17,2158
Nico Valdi,94885304.66666664,595,93.49,0.29,0.38,63.14,19.17,2159
Kapitán Demo,8187409.0,200,92.1,0.02,0.08,63.78,19.17,2160
Pete Parkkonen,20489589.833333336,313,92.36,0.06,0.17,63.66,19.17,2161
Prezioso,97727606.49999996,1000,94.23,0.3,0.7,62.81,19.17,2162
Static & Ben El,18407578.666666664,682,92.98,0.06,0.45,63.38,19.17,2163
JW,11112666.5,467,92.55,0.03,0.29,63.57,19.17,2164
Tom Grennan,354090520.0,1461,97.32,1.08,1.06,61.4,19.17,2165
Dokkeytino,1478071.0047619052,223,92.14,0.0,0.1,63.76,19.16,2166
Namika,52851689.33333334,321,92.77,0.16,0.17,63.47,19.16,2167
Tino Martin,56593835.0,227,92.61,0.17,0.1,63.55,19.16,2168
Glockenbach,29730851.0,163,92.3,0.09,0.05,63.69,19.16,2169
Solid,4640137.499999999,138,92.08,0.01,0.03,63.79,19.15,2170
Dadá Boladão,60035725.00000003,136,92.54,0.18,0.03,63.58,19.15,2171
Noah Cyrus,656732596.25,3342,103.34,2.01,2.52,58.65,19.15,2172
Little Sis Nora,137498890.0,2014,96.46,0.42,1.49,61.79,19.15,2173
Super Yei,71428760.26666662,2946,97.5,0.22,2.21,61.32,19.15,2174
Priceless,23614273.916666668,154,92.26,0.07,0.04,63.71,19.15,2175
Proflame,1040922.5,166,92.19,0.0,0.05,63.74,19.14,2176
ZAAC,190801054.26666698,691,94.72,0.58,0.46,62.58,19.14,2177
Rixton,108061214.0,1213,94.93,0.33,0.86,62.49,19.14,2178
A-Lin,71845808.0,1172,94.5,0.22,0.83,62.68,19.14,2179
Fy,37791040.300000004,1369,94.6,0.11,0.99,62.64,19.13,2180
DVBBS,48833904.49999996,769,93.7,0.15,0.52,63.05,19.13,2181
Ida Paul & Kalle Lindroth,12194550.083333334,335,92.67,0.04,0.18,63.52,19.13,2182
KC Rebell,342001080.9166667,1607,97.75,1.04,1.17,61.2,19.13,2183
Nicolay Ramm,28972725.0,169,92.48,0.09,0.05,63.61,19.13,2184
Gettomasa,89635864.94444442,1214,94.81,0.27,0.87,62.54,19.13,2185
JC 陳詠桐,39320311.0,938,93.87,0.12,0.65,62.97,19.13,2186
Blacha 2115,38439339.31904766,375,92.94,0.12,0.21,63.4,19.13,2187
Sigala,613968715.6666663,4952,105.87,1.87,3.77,57.5,19.13,2188
Snoop Dogg,449158005.6833334,5563,105.57,1.37,4.25,57.64,19.12,2189
Cruz Cafuné,121841016.77619036,805,94.48,0.37,0.55,62.69,19.12,2190
Asme,106221202.66666669,485,93.81,0.32,0.3,63.0,19.12,2191
Cairokee,13949718.0,761,93.45,0.04,0.51,63.16,19.12,2192
Hussain Aljassmi,6329824.0,304,92.61,0.02,0.16,63.55,19.12,2193
Hernan y La Champion's Liga,11211402.666666666,184,92.42,0.03,0.07,63.63,19.12,2194
Gino Mella,20773254.004040405,146,92.45,0.06,0.04,63.62,19.12,2195
Blaq Diamond,2815636.7222222225,116,92.36,0.01,0.01,63.66,19.11,2196
Cezinando,42540990.5,246,92.93,0.13,0.11,63.4,19.11,2197
Fireboy DML,83202471.33333331,726,94.09,0.25,0.49,62.87,19.11,2198
Teflon Brothers,69095547.54761906,1034,94.48,0.21,0.73,62.69,19.11,2199
GOT the beat,33378947.0,193,92.72,0.1,0.07,63.5,19.11,2200
HBz,54016056.41666667,163,92.88,0.16,0.05,63.42,19.11,2201
Nate Ruess,58228401.0,1793,95.67,0.18,1.32,62.15,19.11,2202
Kings,18325526.0,327,92.95,0.06,0.18,63.39,19.1,2203
Amir Benayoun,1479532.9999999998,123,92.43,0.0,0.02,63.63,19.1,2204
Kuban,19634221.0,100,92.49,0.06,0.0,63.6,19.1,2205
Asim Azhar,24927920.166666664,157,92.68,0.08,0.04,63.51,19.1,2206
Lérica,80828020.83333333,304,93.43,0.25,0.16,63.17,19.1,2207
Rolf Sanchez,97053493.4166667,458,93.82,0.3,0.28,62.99,19.1,2208
Đức Phúc,12347312.666666668,213,92.69,0.04,0.09,63.51,19.1,2209
P-Hot,2424221.5833333335,127,92.42,0.01,0.02,63.63,19.1,2210
Keira Knightley,5533810.0,263,92.69,0.02,0.13,63.51,19.1,2211
Lauro,9841947.666666664,145,92.48,0.03,0.03,63.61,19.1,2212
Nimo,494523397.2952379,2143,100.27,1.51,1.59,60.05,19.1,2213
CAZZETTE,51248726.0,1371,95.07,0.16,0.99,62.42,19.09,2214
Belinda,155754559.16666666,2103,97.22,0.48,1.56,61.44,19.09,2215
SHANGUY,14950440.666666668,105,92.59,0.05,0.0,63.56,19.09,2216
NEEKA,21758995.0,151,92.68,0.07,0.04,63.51,19.09,2217
ToTo H,1398136.8333333335,244,92.64,0.0,0.11,63.53,19.09,2218
SLANDER,20371455.166666668,271,92.87,0.06,0.13,63.43,19.09,2219
SUPER-Hi,21758995.0,151,92.68,0.07,0.04,63.51,19.09,2220
Cashmere Cat,122531341.50000003,1244,95.48,0.37,0.89,62.24,19.09,2221
Duke Dumont,74031365.83333336,1922,96.25,0.23,1.42,61.89,19.09,2222
AronChupa,139999459.5,2054,97.03,0.43,1.52,61.53,19.09,2223
Rei 6,56614374.0,108,92.97,0.17,0.01,63.38,19.09,2224
Os Barões Da Pisadinha,1030509368.8333334,1034,103.26,3.15,0.73,58.69,19.09,2225
Lola Indigo,227279936.16666666,979,95.91,0.69,0.68,62.04,19.09,2226
Noo Phước Thịnh,10119848.5,320,92.87,0.03,0.17,63.43,19.09,2227
Shindy,305729887.5,744,96.29,0.93,0.5,61.87,19.08,2228
Jone Quest,59240049.666666694,2300,96.78,0.18,1.71,61.64,19.08,2229
KEiiNO,24417105.5,174,92.8,0.07,0.06,63.46,19.08,2230
Mc Poze do Rodo,173821251.21666667,631,94.92,0.53,0.41,62.49,19.08,2231
Wejdene,91597981.66666667,237,93.57,0.28,0.11,63.11,19.08,2232
Boomdabash,233740388.16666663,609,95.48,0.71,0.4,62.24,19.08,2233
Alvaro Soler,551936364.71875,2718,101.93,1.69,2.03,59.3,19.08,2234
Frank Sinatra,469591793.5,1702,99.5,1.43,1.25,60.4,19.07,2235
FRANKIEONTHEGUITAR,5035227.333333333,223,92.8,0.01,0.1,63.46,19.07,2236
Rina,9636860.0,229,92.86,0.03,0.1,63.43,19.07,2237
Dylan Matthew,20368127.5,269,93.01,0.06,0.13,63.36,19.07,2238
Sido,420581509.0833335,2236,100.04,1.28,1.66,60.16,19.06,2239
Idgitaf,74476038.0,111,93.37,0.23,0.01,63.2,19.06,2240
Ramiks,27921534.71666667,219,93.1,0.08,0.09,63.32,19.06,2241
Ortiz,7097079.866666667,313,93.06,0.02,0.17,63.34,19.06,2242
Dudu Aharon,3682266.833333333,211,92.86,0.01,0.09,63.43,19.06,2243
Tropkillaz,73587712.95000012,420,93.83,0.22,0.25,62.99,19.06,2244
NIKI,501994346.4166666,1274,99.11,1.53,0.91,60.58,19.06,2245
Fall Out Boy,600568034.8333334,4513,105.55,1.83,3.43,57.65,19.06,2246
Will Smith,71474826.33333316,1145,95.08,0.22,0.81,62.42,19.06,2247
Yssi SB,32007630.88333332,257,93.2,0.1,0.12,63.28,19.06,2248
Ayase,30881183.666666668,147,92.95,0.09,0.04,63.39,19.06,2249
Guè,484201660.59999985,2182,100.58,1.48,1.62,59.91,19.05,2250
Herman Flesvig,36125091.0,208,93.21,0.11,0.08,63.27,19.05,2251
Kerstin Ott,12710420.5,114,92.87,0.04,0.01,63.43,19.05,2252
Beteo,30488647.978968255,631,93.88,0.09,0.41,62.97,19.05,2253
Żabson,191544588.4333334,1261,96.35,0.58,0.9,61.84,19.05,2254
Leslie Grace,122109678.96666665,1646,96.44,0.37,1.2,61.8,19.05,2255
Annalisa,100211364.41666667,314,93.98,0.31,0.17,62.92,19.05,2256
JUSTÉ,1200529.3333333333,211,92.9,0.0,0.09,63.41,19.05,2257
Shahyn,9358074.833333332,526,93.52,0.03,0.33,63.13,19.05,2258
Hassan Shakosh,4850271.416666666,560,93.55,0.01,0.36,63.12,19.05,2259
Gareth.T,10479864.0,232,93.01,0.03,0.1,63.36,19.05,2260
Indila,15529363.0,407,93.48,0.05,0.24,63.15,19.04,2261
Empress Of,53797158.0,342,93.69,0.16,0.19,63.05,19.04,2262
Rat City,13217540.333333334,154,92.95,0.04,0.04,63.39,19.04,2263
Kalle Lindroth,11694193.083333334,326,93.32,0.04,0.18,63.22,19.04,2264
Jannika B,12204188.166666666,151,92.95,0.04,0.04,63.39,19.04,2265
Uyên Linh,7247762.0,122,92.9,0.02,0.02,63.41,19.04,2266
Stereoact,13387738.0,120,92.92,0.04,0.02,63.4,19.04,2267
Mikael Gabriel,108007007.41666667,1481,96.07,0.33,1.07,61.97,19.04,2268
Avi,26515857.534649123,169,93.21,0.08,0.05,63.27,19.03,2269
Massaka,4232518.651953602,128,92.9,0.01,0.02,63.41,19.03,2270
Blxckie,5800106.69047619,205,93.12,0.02,0.08,63.31,19.03,2271
Lilas Ikuta,65754443.16666665,286,93.77,0.2,0.14,63.02,19.03,2272
aespa,175854905.5,1292,96.47,0.54,0.93,61.79,19.03,2273
NMIXX,45292219.0,268,93.57,0.14,0.13,63.11,19.03,2274
Angèle,427926916.8333334,2066,100.02,1.31,1.53,60.17,19.03,2275
Nane,32374447.416666653,1965,96.36,0.1,1.45,61.84,19.03,2276
J-AX,227418652.0833332,1149,96.66,0.69,0.82,61.7,19.03,2277
Jolin Tsai,42854917.33333333,813,94.42,0.13,0.55,62.72,19.03,2278
MC Vigary,33408694.0,116,93.18,0.1,0.01,63.29,19.03,2279
Robin Zoot,12956695.370238088,590,93.87,0.04,0.38,62.97,19.02,2280
Eno,253950567.3333333,737,96.27,0.77,0.5,61.88,19.02,2281
Page Four,27642674.0,195,93.33,0.08,0.07,63.22,19.02,2282
T.R.I,13844742.5,168,93.16,0.04,0.05,63.3,19.02,2283
De Vet Du,41590135.166666664,182,93.43,0.13,0.06,63.17,19.02,2284
Sedef Sebüktekin,43484330.5,243,93.62,0.13,0.11,63.09,19.01,2285
Basta,6107335.252380952,163,93.18,0.02,0.05,63.29,19.01,2286
Rem Digga,8733480.5,900,94.44,0.03,0.62,62.71,19.01,2287
Nikos Vertis,5508712.0,217,93.28,0.02,0.09,63.24,19.01,2288
Heuss L'enfoiré,314412472.50952375,1369,98.02,0.96,0.99,61.08,19.01,2289
Bellakath,191064038.0,200,94.87,0.58,0.08,62.52,19.01,2290
El Mas Ladron,13095639.666666673,191,93.23,0.04,0.07,63.26,19.01,2291
La Joaqui,69415209.58333334,433,94.2,0.21,0.26,62.82,19.01,2292
Bru-C,25973249.25,354,93.69,0.08,0.2,63.05,19.01,2293
Natalie La Rose,123771422.66666664,1448,96.42,0.38,1.05,61.81,19.01,2294
Rich Music LTD,94408338.24523798,3241,99.17,0.29,2.44,60.55,19.01,2295
TACONAFIDE,35407841.08333335,733,94.46,0.11,0.49,62.7,19.0,2296
Broken Back,24936627.5,261,93.6,0.08,0.13,63.09,19.0,2297
Dani Faiv,58099224.28333334,259,93.87,0.18,0.12,62.97,19.0,2298
White Gold,15510655.333333336,129,93.29,0.05,0.02,63.24,19.0,2299
Kurtuluş Kuş,48503158.08333333,217,93.69,0.15,0.09,63.05,19.0,2300
Farik Grippa,11469553.5,125,93.24,0.03,0.02,63.26,19.0,2301
Brooks,138826268.83333316,1430,96.55,0.42,1.03,61.75,19.0,2302
Канги,11296971.0,174,93.3,0.03,0.06,63.23,19.0,2303
Endzone,38925993.66666667,248,93.69,0.12,0.12,63.05,19.0,2304
Soa Mattrix,1195992.45,106,93.11,0.0,0.0,63.32,19.0,2305
Rayi Putra,13534612.58,147,93.35,0.04,0.04,63.21,18.99,2306
Egbert Rosa aka Haze,13819687.75,1061,94.89,0.04,0.75,62.51,18.99,2307
Haraca Kiko,2134127.5820707064,217,93.42,0.01,0.09,63.18,18.99,2308
Pil C,17587989.000000004,1162,95.08,0.05,0.83,62.42,18.99,2309
Contra,103575685.51587303,435,94.66,0.32,0.26,62.61,18.99,2310
Meek Mill,860427368.5833359,2994,105.8,2.63,2.25,57.53,18.99,2311
Safeplanet,55460734.0,599,94.57,0.17,0.39,62.65,18.98,2312
Hande Ünsal,34585736.0,133,93.59,0.1,0.03,63.1,18.98,2313
Perro Primo,19269388.999999993,222,93.58,0.06,0.09,63.1,18.98,2314
Miu Lê,3651498.6666666665,100,93.27,0.01,0.0,63.25,18.98,2315
Mỹ Tâm,24295132.5,1140,95.24,0.07,0.81,62.35,18.98,2316
Ian,51871998.33333334,2570,97.93,0.16,1.92,61.12,18.98,2317
Follow The Flow,28310000.5,988,95.06,0.09,0.69,62.43,18.97,2318
Noizy,44979618.38333332,585,94.51,0.14,0.38,62.68,18.97,2319
Almighty,96822530.12756114,4425,101.54,0.3,3.36,59.47,18.97,2320
Maes,506978637.6666666,1962,100.98,1.55,1.45,59.73,18.97,2321
Jitano,3860431.9999999995,116,93.37,0.01,0.01,63.2,18.97,2322
Emmi,10845112.5,149,93.46,0.03,0.04,63.16,18.97,2323
Ak4:20,169491053.08333325,568,95.59,0.52,0.36,62.19,18.97,2324
Pritam,581376080.5166667,2184,102.06,1.77,1.62,59.24,18.97,2325
Illy,33830455.16666667,220,93.8,0.1,0.09,63.0,18.97,2326
Tivi Gunz,1694566.387626263,153,93.47,0.0,0.04,63.15,18.96,2327
Melanie Martinez,594833691.0,1550,101.19,1.82,1.13,59.63,18.96,2328
Aastha Gill,29629056.083333325,258,93.91,0.09,0.12,62.95,18.96,2329
Humberto & Ronaldo,114430345.0,187,94.55,0.35,0.07,62.66,18.96,2330
Valentino,39049282.74999998,1069,95.41,0.12,0.75,62.27,18.95,2331
Katastrofe,77249899.99999999,637,95.06,0.24,0.42,62.43,18.95,2332
Orelsan,404102362.8333334,1295,99.05,1.23,0.93,60.61,18.95,2333
Super Sako,6826402.666666667,174,93.66,0.02,0.06,63.07,18.95,2334
Monika LIU,2080628.75,106,93.45,0.01,0.0,63.16,18.95,2335
MALIQ & D'Essentials,30014709.0,221,93.92,0.09,0.09,62.95,18.95,2336
Sam Kim,47780665.0,265,94.23,0.15,0.13,62.81,18.94,2337
Haki,815324.1666666666,104,93.5,0.0,0.0,63.14,18.94,2338
Temur,16062142.75,110,93.65,0.05,0.01,63.07,18.94,2339
sped up nightcore,50483379.66666668,255,94.24,0.15,0.12,62.8,18.94,2340
Albin Johnsén,30395916.499999996,208,93.99,0.09,0.08,62.92,18.94,2341
Kasmir,35106762.5,426,94.41,0.11,0.25,62.73,18.94,2342
Luis R Conriquez,355599389.0000001,495,97.38,1.09,0.31,61.37,18.94,2343
Alonzo,203890397.75833324,1097,97.04,0.62,0.77,61.53,18.94,2344
Deeperise,24258556.5,228,94.02,0.07,0.1,62.9,18.93,2345
Tasis,10370640.6,229,93.9,0.03,0.1,62.96,18.93,2346
DJ PaCo,4071685.6666666665,247,93.82,0.01,0.11,62.99,18.93,2347
K27,41497720.88333333,210,94.18,0.13,0.09,62.83,18.93,2348
AlbertNbn,4931967.333333334,234,93.81,0.01,0.1,63.0,18.93,2349
K-Narias,11622123.0,138,93.79,0.03,0.03,63.01,18.92,2350
Sivas,78565849.91666676,1059,96.0,0.24,0.75,62.0,18.92,2351
OBOY,274396258.0,790,97.32,0.84,0.54,61.4,18.92,2352
Victor Cibrian,105157783.5,111,94.61,0.32,0.01,62.63,18.92,2353
Rochak Kohli,62723841.16666667,480,94.9,0.19,0.3,62.5,18.92,2354
Sidhu Moose Wala,317377107.75,575,97.33,0.97,0.37,61.39,18.92,2355
Noemi,54260381.5,187,94.33,0.17,0.07,62.76,18.92,2356
PDL,35088114.83333333,284,94.31,0.11,0.14,62.77,18.92,2357
C4 Pedro,1464576.5,109,93.67,0.0,0.01,63.06,18.92,2358
Skryptonite,105896625.79404761,1663,97.27,0.32,1.21,61.42,18.92,2359
Joker Bra,78321570.83333328,334,94.73,0.24,0.18,62.58,18.92,2360
Blak,45744993.99999999,340,94.5,0.14,0.19,62.68,18.92,2361
Strat,19254963.666666657,738,94.92,0.06,0.5,62.49,18.92,2362
BUSHIDO ZHO,16121015.940476192,461,94.48,0.05,0.28,62.69,18.91,2363
Soppgirobygget,43016006.5,258,94.35,0.13,0.12,62.75,18.91,2364
CHVRCHES,260972145.0,1349,98.21,0.8,0.97,60.99,18.91,2365
Connect-R,1793100.0,105,93.74,0.0,0.0,63.03,18.91,2366
Bruno X Spacc,23047538.833333332,652,94.87,0.07,0.43,62.52,18.91,2367
Krzysztof Zalewski,14163521.25,245,94.1,0.04,0.11,62.87,18.91,2368
Manuş Baba,46932296.0,321,94.51,0.14,0.17,62.68,18.91,2369
Miyo,16132725.5,166,93.98,0.05,0.05,62.92,18.91,2370
Josh.,19016644.0,142,94.01,0.06,0.03,62.91,18.91,2371
João Gomes,916486430.75,522,102.74,2.8,0.33,58.93,18.9,2372
Avine Vinny,151138114.83333334,214,95.32,0.46,0.09,62.31,18.9,2373
SFR,48856155.08333333,292,94.57,0.15,0.15,62.65,18.9,2374
Ayushmann Khurrana,39008906.0,155,94.24,0.12,0.04,62.8,18.9,2375
Siimi,743636.9500000001,247,94.02,0.0,0.11,62.9,18.9,2376
Pyrex,24698968.70000001,117,94.08,0.07,0.01,62.88,18.9,2377
Filatov & Karas,107676473.16666666,1289,96.78,0.33,0.92,61.64,18.9,2378
Sandro Cavazza,522801056.8333333,4452,105.91,1.6,3.38,57.48,18.9,2379
JIN,68602414.5,270,94.73,0.21,0.13,62.58,18.9,2380
Yura Yunita,164014274.25,584,96.17,0.5,0.38,61.92,18.89,2381
莫宰羊,5971841.0,103,93.95,0.02,0.0,62.93,18.89,2382
ByeAlex és a Slepp,22010588.5,761,95.2,0.07,0.51,62.36,18.89,2383
TREASURE,153987836.0,483,95.93,0.47,0.3,62.03,18.89,2384
Kahraman Deniz,129383373.0,383,95.48,0.39,0.22,62.24,18.89,2385
Hwa Sa,31111816.0,294,94.47,0.09,0.15,62.7,18.89,2386
Squeezie,14311855.333333338,105,94.06,0.04,0.0,62.88,18.88,2387
Harnoor,120225335.0,196,95.16,0.37,0.07,62.38,18.88,2388
Namewee,9319291.5,297,94.34,0.03,0.15,62.76,18.88,2389
Frans,94545061.5,432,95.38,0.29,0.26,62.28,18.88,2390
Matoma,476955902.0833334,5537,107.53,1.46,4.23,56.74,18.88,2391
Gromee,6665924.500000001,108,94.05,0.02,0.01,62.89,18.88,2392
Akhil,85723169.25,374,95.21,0.26,0.21,62.36,18.88,2393
Magiera,38909186.583333336,278,94.6,0.12,0.14,62.64,18.88,2394
BNK48,5147445.0,116,94.13,0.02,0.01,62.85,18.87,2395
Richie Campbell,24155224.5,661,95.24,0.07,0.44,62.35,18.87,2396
Ida Paul,18725987.333333336,435,94.79,0.06,0.26,62.55,18.87,2397
Fuerza Regida,581680547.1666667,700,100.28,1.78,0.47,60.05,18.87,2398
chillwagon,116822224.36666667,572,95.92,0.36,0.37,62.04,18.87,2399
Tiger Hu,18177080.0,242,94.4,0.05,0.11,62.73,18.87,2400
Z.E,126344508.9285714,578,96.08,0.39,0.37,61.96,18.86,2401
Jaz,88428756.5,452,95.51,0.27,0.27,62.22,18.86,2402
Ellinoora,70689731.75,832,95.99,0.22,0.57,62.0,18.86,2403
Arkano,16205710.666666666,108,94.27,0.05,0.01,62.79,18.86,2404
Didine Canon 16,1578821.1666666663,208,94.28,0.0,0.08,62.78,18.86,2405
I.M.T. Smile,1288191.1666666667,123,94.2,0.0,0.02,62.82,18.85,2406
badmómzjay,134826291.9166667,394,95.9,0.41,0.23,62.05,18.85,2407
ElyOtto,151714878.0,385,95.98,0.46,0.22,62.01,18.85,2408
DnoteOnDaBeat,20196649.41666667,133,94.45,0.06,0.03,62.71,18.85,2409
Habeeb Ali,3603121.0,173,94.31,0.01,0.06,62.77,18.85,2410
Hatik,170620317.3,558,96.54,0.52,0.36,61.75,18.84,2411
The Carters,146362196.0,369,96.01,0.45,0.21,62.0,18.84,2412
V:RGO,7330594.440476191,1106,96.05,0.02,0.78,61.98,18.84,2413
Gabriel Diniz,101191172.0,123,95.21,0.31,0.02,62.36,18.84,2414
Zuna,187370766.63333327,1070,97.55,0.57,0.75,61.29,18.84,2415
Merve Özbey,91106826.16666667,374,95.49,0.28,0.21,62.23,18.84,2416
Peking Duk,55922003.166666664,493,95.46,0.17,0.31,62.25,18.84,2417
Vargas,4623326.750000001,210,94.44,0.01,0.09,62.71,18.84,2418
John De Sohn,29568994.999999996,177,94.72,0.09,0.06,62.58,18.83,2419
ONE OK ROCK,183451480.5,1257,97.92,0.56,0.9,61.12,18.83,2420
FMK,118228472.43333331,1056,96.96,0.36,0.74,61.56,18.83,2421
Brendon Urie,273219101.99999994,1708,99.49,0.83,1.25,60.41,18.83,2422
Opiat,16935454.7,139,94.5,0.05,0.03,62.68,18.83,2423
RIN,525899605.73333335,1500,101.41,1.61,1.09,59.53,18.83,2424
Adi L Hasla,22427297.226190474,282,94.87,0.07,0.14,62.52,18.83,2425
SQWOZ BAB,10110599.666666668,178,94.52,0.03,0.06,62.67,18.83,2426
HENTAI SHINSHI CLUB,70857412.0,143,95.01,0.22,0.03,62.45,18.83,2427
Mika Singh,9396902.666666668,113,94.41,0.03,0.01,62.73,18.83,2428
Sonus030,34257042.166666664,155,94.76,0.1,0.04,62.57,18.82,2429
DJ Lucas Beat,140153280.8333333,302,95.99,0.43,0.16,62.0,18.82,2430
Nko,78691413.81309521,330,95.48,0.24,0.18,62.24,18.82,2431
Cocktail,10732522.0,107,94.54,0.03,0.01,62.67,18.82,2432
ItaloBrothers,173109142.0,1046,97.61,0.53,0.74,61.27,18.82,2433
THEY.,42022547.33333326,682,95.76,0.13,0.45,62.11,18.82,2434
Michał Graczyk,6643113.45,163,94.52,0.02,0.05,62.67,18.82,2435
Grupo Firme,836856781.75,2503,106.0,2.56,1.87,57.44,18.82,2436
Marracash,640212714.9333333,1986,103.33,1.95,1.47,58.66,18.82,2437
Eldzhey,34046160.833333336,1223,96.58,0.1,0.87,61.74,18.82,2438
Lil Jon,124388378.5,2354,99.32,0.38,1.75,60.49,18.82,2439
LiSA,201059346.0,671,97.15,0.61,0.44,61.48,18.82,2440
AlunaGeorge,206725493.5666666,2347,100.16,0.63,1.75,60.1,18.81,2441
Bagossy Brothers Company,17320888.0,523,95.37,0.05,0.33,62.29,18.81,2442
Miss Li,225039919.50000018,989,98.02,0.69,0.69,61.08,18.81,2443
Charmaine Fong,23045390.0,756,95.82,0.07,0.51,62.08,18.81,2444
Galin,2232936.1000000015,452,95.1,0.01,0.27,62.41,18.81,2445
Wande Coal,6656168.166666667,243,94.73,0.02,0.11,62.58,18.81,2446
Jador,3145309.333333336,290,94.9,0.01,0.15,62.5,18.8,2447
JustaTee,11440533.016666671,372,95.06,0.03,0.21,62.43,18.8,2448
ICEKIID,71929796.01666667,705,96.2,0.22,0.47,61.91,18.8,2449
YNW Melly,1425561209.0833333,2292,110.98,4.35,1.7,55.17,18.8,2450
Stefflon Don,192184915.38333315,2330,100.04,0.59,1.73,60.16,18.8,2451
Staysman,26822310.86666667,412,95.32,0.08,0.24,62.31,18.8,2452
AK AUSSERKONTROLLE,167459572.25,555,96.9,0.51,0.35,61.59,18.79,2453
Young Igi,173646768.74999994,1372,98.33,0.53,0.99,60.94,18.79,2454
Jão,123464063.5,151,95.85,0.38,0.04,62.07,18.79,2455
Mc Davi,218554752.99333724,727,97.64,0.67,0.49,61.25,18.79,2456
ChocQuibTown,56910435.083333306,1153,96.87,0.17,0.82,61.6,18.79,2457
Karik,3295653.166666667,103,94.76,0.01,0.0,62.57,18.78,2458
Tsvetelina Yaneva,1857978.0,282,95.01,0.01,0.14,62.45,18.78,2459
Mr. Polska,56989698.91666669,472,95.83,0.17,0.29,62.08,18.78,2460
Ernia,294608478.8190473,739,98.38,0.9,0.5,60.91,18.78,2461
Zeeba,216632971.83333302,1695,99.35,0.66,1.24,60.47,18.78,2462
Rochelle,11261000.499999998,125,94.83,0.03,0.02,62.53,18.78,2463
DrefQuila,70654028.16666667,437,95.87,0.22,0.26,62.06,18.78,2464
Yade Lauren,91715661.9166667,447,96.08,0.28,0.27,61.96,18.78,2465
Omar Kamal,3690372.8333333335,428,95.33,0.01,0.25,62.31,18.77,2466
Malkata,968731.0833333331,223,94.95,0.0,0.1,62.48,18.77,2467
Girafot,2439555.0,122,94.84,0.01,0.02,62.53,18.77,2468
Joyner Lucas,349280464.5,1325,99.95,1.07,0.95,60.2,18.77,2469
程響,9806329.0,115,94.88,0.03,0.01,62.51,18.77,2470
Oliwka Brazil,23270877.916666664,128,95.0,0.07,0.02,62.46,18.77,2471
DMZL,2439555.0,122,94.84,0.01,0.02,62.53,18.77,2472
Şehinşah,134147128.9666667,761,97.11,0.41,0.51,61.49,18.76,2473
Baby K,137186721.0,394,96.6,0.42,0.23,61.73,18.76,2474
Mustafa Ceceli,57169337.25,315,95.73,0.17,0.17,62.12,18.76,2475
Miyagi & Andy Panda,104519895.0,1538,98.22,0.32,1.12,60.99,18.76,2476
NATHY PELUSO,220132788.75,805,98.01,0.67,0.55,61.08,18.76,2477
Krisko,3649451.833333333,792,96.05,0.01,0.54,61.98,18.76,2478
Aaron Carter,71743180.0,336,95.9,0.22,0.18,62.05,18.76,2479
Gery-Nikol,623876.5,190,95.0,0.0,0.07,62.46,18.76,2480
Hoda Bondok,1672580.5,116,94.87,0.0,0.01,62.52,18.76,2481
Kabe,50608187.93333333,385,95.78,0.15,0.22,62.1,18.76,2482
Arttu Lindeman,24831914.5,194,95.18,0.08,0.07,62.37,18.76,2483
Sinsinati,34119468.0,137,95.28,0.1,0.03,62.33,18.75,2484
BIBI,6177061.5,192,95.15,0.02,0.07,62.39,18.75,2485
Nadin Amizah,216014495.75,551,97.62,0.66,0.35,61.26,18.75,2486
dutchavelli,30759164.96666667,144,95.24,0.09,0.03,62.35,18.75,2487
Burl Ives,758108188.5,1135,103.4,2.31,0.8,58.63,18.75,2488
Blanche,6956039.0,126,95.01,0.02,0.02,62.45,18.75,2489
Hagle,50686718.5,477,95.96,0.15,0.29,62.02,18.75,2490
PLK,434939394.76666653,1507,101.15,1.33,1.09,59.65,18.75,2491
Vladimir Cauchemar,19062085.08333333,155,95.14,0.06,0.04,62.39,18.75,2492
TRASH,13273533.799999997,159,95.22,0.04,0.05,62.36,18.74,2493
MoStack,101007907.0,389,96.37,0.31,0.22,61.83,18.74,2494
Julian Perretta,32352106.666666664,230,95.5,0.1,0.1,62.23,18.74,2495
King Savagge,73168022.79927847,444,96.22,0.22,0.27,61.9,18.74,2496
Motohiro Hata,49096905.0,370,95.9,0.15,0.21,62.05,18.74,2497
OG Buda,35587668.67380956,933,96.7,0.11,0.65,61.68,18.74,2498
Dyo,151683301.5,1087,98.05,0.46,0.77,61.07,18.74,2499
Critical,15976412.333333334,153,95.2,0.05,0.04,62.36,18.74,2500
Coqeéin Montana,3877759.3000000007,138,95.09,0.01,0.03,62.42,18.74,2501
Yanomi,70013652.5,232,95.88,0.21,0.1,62.05,18.73,2502
Noriel,256874220.77756137,7462,109.85,0.78,5.72,55.68,18.73,2503
Hiro,11809952.857142858,377,95.63,0.04,0.22,62.17,18.73,2504
Alvaro Diaz,73794737.16666669,610,96.6,0.22,0.4,61.73,18.73,2505
Dan + Shay,1020195480.0,2625,108.54,3.12,1.96,56.28,18.72,2506
Agus Padilla,13376471.885714287,224,95.44,0.04,0.1,62.26,18.72,2507
Flow G,62191071.32619049,363,96.1,0.19,0.2,61.95,18.72,2508
MG,18255670.666666675,872,96.61,0.06,0.6,61.72,18.72,2509
Kizo,181743919.08333328,1091,98.42,0.55,0.77,60.9,18.72,2510
CLMD,35471451.25000001,405,95.99,0.11,0.24,62.0,18.72,2511
AriBeatz,14088685.083333343,162,95.32,0.04,0.05,62.31,18.72,2512
ヨルシカ,181347284.0,583,97.57,0.55,0.38,61.28,18.72,2513
Sophia Somajo,51541935.0,499,96.27,0.16,0.31,61.88,18.72,2514
Dark Polo Gang,191966430.25,481,97.51,0.59,0.3,61.31,18.72,2515
Magic Power,2843003.0,152,95.2,0.01,0.04,62.36,18.72,2516
Bengü,17300912.5,167,95.37,0.05,0.05,62.29,18.72,2517
Luke Christopher,217582355.0,996,98.57,0.66,0.7,60.83,18.72,2518
Sofía Reyes,338548733.2000002,3705,104.38,1.03,2.8,58.18,18.71,2519
Dj Kass,35067956.0,145,95.6,0.11,0.03,62.18,18.71,2520
AI,22662199.5,219,95.58,0.07,0.09,62.19,18.71,2521
Yasmin Santos,213380852.5,283,97.38,0.65,0.14,61.37,18.71,2522
"Tyler, The Creator",1257366916.5500007,2111,109.85,3.84,1.56,55.68,18.71,2523
Jimilian,84523350.5,998,97.49,0.26,0.7,61.32,18.71,2524
SUGA,147293411.25000006,1184,98.34,0.45,0.84,60.93,18.71,2525
Damas Gratis,80221661.76666665,926,97.35,0.24,0.64,61.38,18.7,2526
ERIK,16205006.833333336,331,95.81,0.05,0.18,62.09,18.7,2527
Ahmad Amin,17468830.0,134,95.51,0.05,0.03,62.22,18.7,2528
Marc Anthony,286569001.5000001,8239,111.71,0.87,6.33,54.84,18.7,2529
Staysman & Lazz,24290799.83333334,305,95.83,0.07,0.16,62.08,18.7,2530
Esko,38687707.83333337,295,95.98,0.12,0.15,62.01,18.7,2531
KSI,222865004.16666675,1670,99.94,0.68,1.22,60.2,18.7,2532
SFB,130600624.24999994,842,97.71,0.4,0.58,61.22,18.7,2533
BE:FIRST,79240443.5,187,96.11,0.24,0.07,61.95,18.7,2534
Benaia Barabi,25478853.5,895,96.85,0.08,0.62,61.61,18.7,2535
uglystephan,12374623.083333334,230,95.58,0.04,0.1,62.19,18.7,2536
Ceci Luca,5688386.5,139,95.36,0.02,0.03,62.29,18.7,2537
Daun Jatuh,48959190.0,102,95.75,0.15,0.0,62.11,18.69,2538
Pietro Lombardi,126801838.99999999,343,96.87,0.39,0.19,61.6,18.69,2539
Erika Vikman,22191849.25,347,95.97,0.07,0.19,62.01,18.69,2540
Jack - J97,6576817.0,106,95.37,0.02,0.0,62.29,18.69,2541
Białas,96465495.38737376,1133,97.97,0.29,0.8,61.1,18.69,2542
Muşta,10021513.25,145,95.5,0.03,0.03,62.23,18.69,2543
"Alejandro ""Mosty"" Patiño",3010351.200000003,534,96.11,0.01,0.34,61.95,18.69,2544
"Osmani Garcia ""La Voz""",30562553.166666638,903,96.95,0.09,0.62,61.57,18.69,2545
Otsochodzi,94644410.26190469,1050,97.8,0.29,0.74,61.18,18.69,2546
Chema Rivas,143504502.5,255,96.99,0.44,0.12,61.55,18.68,2547
Chico da Tina,12777880.0,193,95.67,0.04,0.07,62.15,18.68,2548
Lil Yachty,1148662919.1666663,3723,111.85,3.51,2.82,54.77,18.68,2549
OG Version,8328715.916666665,1059,97.15,0.02,0.75,61.48,18.68,2550
Aspova,52774494.38888889,206,96.08,0.16,0.08,61.96,18.68,2551
Shouse,384787053.0,1833,101.82,1.17,1.35,59.35,18.68,2552
Paul Elstak,12044115.166666664,124,95.6,0.04,0.02,62.18,18.68,2553
Bizi,8791301.666666668,187,95.63,0.03,0.07,62.17,18.68,2554
IDK,8899125.5,267,95.84,0.03,0.13,62.07,18.67,2555
Piruka,37175166.16666667,894,97.15,0.11,0.62,61.48,18.67,2556
Chris Nolan,93622043.35000001,477,96.94,0.29,0.29,61.57,18.67,2557
Cheek,109006647.08333337,1583,98.95,0.33,1.15,60.65,18.67,2558
Bielzin,41363549.083333306,258,96.15,0.13,0.12,61.93,18.67,2559
Ecko,80095578.33928569,1071,97.85,0.24,0.75,61.16,18.67,2560
Danny Saucedo,90108571.50000001,357,96.73,0.27,0.2,61.67,18.67,2561
HesaÄijä,13054727.04761905,256,95.84,0.04,0.12,62.07,18.67,2562
Pj Sin Suela,10270531.5,517,96.3,0.03,0.32,61.86,18.67,2563
Haloo Helsinki!,116720076.66666666,1372,98.71,0.36,0.99,60.76,18.67,2564
Idan Rafael Haviv,19695054.0,509,96.45,0.06,0.32,61.79,18.66,2565
Sampha,63759192.5,189,96.25,0.19,0.07,61.89,18.66,2566
Dj Adoni,22597293.250000007,294,96.12,0.07,0.15,61.95,18.66,2567
DJ.Silence,13707857.880952379,561,96.46,0.04,0.36,61.79,18.66,2568
غريب ال مخلص,9123269.5,434,96.24,0.03,0.26,61.89,18.66,2569
Big Apple,11399565.600000003,102,95.75,0.03,0.0,62.11,18.65,2570
FRÖKEN SNUSK,13363143.333333338,108,95.78,0.04,0.01,62.1,18.65,2571
Ego,21212775.71666666,1937,98.92,0.06,1.43,60.67,18.65,2572
Go_A,21442012.0,228,96.05,0.06,0.1,61.98,18.65,2573
O-Pavee,17617173.5,263,96.05,0.05,0.13,61.98,18.65,2574
Numidia,27270181.166666664,165,95.95,0.08,0.05,62.02,18.65,2575
LA Vision,29458093.5,278,96.17,0.09,0.14,61.92,18.65,2576
Superstar Pride,91848695.0,114,96.55,0.28,0.01,61.75,18.64,2577
SEEMEE,10934493.440476188,310,96.18,0.03,0.16,61.92,18.64,2578
LUDMILLA,463599886.08333373,1161,101.68,1.42,0.82,59.41,18.64,2579
MAYOT,35768212.34047622,936,97.43,0.11,0.65,61.35,18.64,2580
Mavi Gri,101005667.0,228,96.85,0.31,0.1,61.61,18.64,2581
1PLIKÉ140,65155387.5,179,96.42,0.2,0.06,61.81,18.64,2582
Andy Grammer,447109576.5,1653,102.32,1.36,1.21,59.12,18.64,2583
Kojo Funds,30687242.416666668,136,96.06,0.09,0.03,61.97,18.64,2584
Bogdan DLP,5406066.866666666,222,96.03,0.02,0.09,61.99,18.63,2585
Sofiane,196058714.53452381,1026,99.1,0.6,0.72,60.59,18.63,2586
Farid Bang,151016854.05,804,98.34,0.46,0.55,60.93,18.63,2587
Kalazh44,29456967.03333333,183,96.17,0.09,0.06,61.92,18.63,2588
TIX,211714028.0,1557,100.17,0.65,1.13,60.1,18.63,2589
El Chuky De Lewa,5395817.7,129,95.92,0.02,0.02,62.04,18.63,2590
Shadow Blow,2158086.0305555556,382,96.26,0.01,0.22,61.88,18.63,2591
Ryan Lewis,254260153.45000002,7652,110.95,0.78,5.87,55.18,18.63,2592
Arif Murakami,38314188.5,280,96.43,0.12,0.14,61.8,18.63,2593
Innertier,22467457.66666666,236,96.22,0.07,0.11,61.9,18.63,2594
pluuto,1840767.0833333333,447,96.4,0.0,0.27,61.82,18.63,2595
Hebe Tien,51080672.0,966,97.74,0.16,0.67,61.21,18.63,2596
Arttu Wiskari,45587797.833333336,615,97.06,0.14,0.4,61.52,18.63,2597
Nielson,75219313.5,344,96.84,0.23,0.19,61.62,18.63,2598
Olamide,7934494.666666667,340,96.3,0.02,0.19,61.86,18.62,2599
Koba LaD,401765444.66666675,1793,102.36,1.23,1.32,59.1,18.62,2600
The Script,348108689.0,3488,104.72,1.06,2.63,58.02,18.62,2601
B Young,60287660.0,108,96.37,0.18,0.01,61.83,18.62,2602
Odyn v Kanoe,3232615.5,109,95.89,0.01,0.01,62.05,18.62,2603
Ruby,3141989.5,126,95.93,0.01,0.02,62.03,18.62,2604
Sjaak,28865354.433333334,127,96.15,0.09,0.02,61.93,18.62,2605
JAY-Z,507629970.9166667,5266,109.2,1.55,4.01,55.98,18.62,2606
Obie Wanshot,7175304.9333333345,168,96.07,0.02,0.05,61.97,18.61,2607
Winona Oak,62746686.5,558,97.3,0.19,0.36,61.41,18.61,2608
Francesca Michielin,64410206.666666664,433,97.11,0.2,0.26,61.49,18.61,2609
STAYC,18645432.0,290,96.47,0.06,0.15,61.79,18.61,2610
Luciana,33480682.833333332,736,97.3,0.1,0.49,61.41,18.61,2611
andrei,737198.9333333335,104,95.91,0.0,0.0,62.04,18.61,2612
Victor Cardenas,103906160.08333337,935,98.37,0.32,0.65,60.92,18.6,2613
Hasan Raheem,3510764.5833333335,277,96.32,0.01,0.14,61.85,18.6,2614
Jason Marvin,36512770.5,191,96.48,0.11,0.07,61.78,18.6,2615
Caio Luccas,14518891.608333332,104,96.13,0.04,0.0,61.94,18.6,2616
DJ Fle,44757855.33333335,230,96.59,0.14,0.1,61.73,18.6,2617
Peter Jöback,52533251.5,187,96.64,0.16,0.07,61.71,18.6,2618
DJ Swat,57541423.16666667,172,96.66,0.18,0.06,61.7,18.6,2619
Thrife,38063387.91666667,201,96.55,0.12,0.08,61.75,18.6,2620
MC JottaPê,77359001.77777775,304,97.02,0.24,0.16,61.53,18.6,2621
Shota Shimizu,91953742.0,879,98.26,0.28,0.61,60.97,18.59,2622
Tems,214461992.16666657,937,99.37,0.65,0.65,60.46,18.59,2623
Jireel,113787835.67380957,670,98.03,0.35,0.44,61.07,18.59,2624
Miriam Bryant,282192391.5,1117,100.31,0.86,0.79,60.03,18.59,2625
Montell Fish,44608059.0,103,96.51,0.14,0.0,61.77,18.59,2626
Ardhito Pramono,180679938.5,479,98.34,0.55,0.29,60.93,18.59,2627
Kubi Producent,95388049.42380953,1200,98.86,0.29,0.85,60.7,18.58,2628
VLOSPA,19948302.33333332,632,97.18,0.06,0.41,61.46,18.58,2629
Arthur Miguel,48716587.0,133,96.61,0.15,0.03,61.72,18.58,2630
ØZI,13675863.333333332,290,96.57,0.04,0.15,61.74,18.58,2631
Ptazeta,55700183.50980393,232,96.92,0.17,0.1,61.58,18.57,2632
ILLENIUM,170752973.83333322,1973,100.95,0.52,1.46,59.74,18.57,2633
V,106123353.5,687,98.18,0.32,0.46,61.01,18.57,2634
BELL WARISARA,12870169.0,111,96.36,0.04,0.01,61.84,18.57,2635
Bruno Martini,241345315.6666664,1801,101.3,0.74,1.32,59.58,18.57,2636
Bedo,46465240.833333336,203,96.84,0.14,0.08,61.62,18.57,2637
Tom Gregory,149857483.0,945,99.11,0.46,0.66,60.58,18.56,2638
Digga D,106059504.41666667,252,97.49,0.32,0.12,61.32,18.56,2639
Karri Koira,6332289.833333334,114,96.39,0.02,0.01,61.82,18.56,2640
Atitude 67,173267735.5,189,97.97,0.53,0.07,61.1,18.56,2641
Alan Gomez,109169822.61904763,771,98.43,0.33,0.52,60.89,18.56,2642
El Dipy,27851530.166666664,144,96.56,0.08,0.03,61.74,18.56,2643
Kevin,191314978.2666667,1120,99.73,0.58,0.79,60.3,18.56,2644
Ink,32813626.166666646,280,96.89,0.1,0.14,61.59,18.56,2645
Blackbeans,26296828.0,198,96.74,0.08,0.08,61.66,18.55,2646
Kalben,59106278.0,331,97.32,0.18,0.18,61.4,18.55,2647
The Blockparty,9009960.999999996,114,96.49,0.03,0.01,61.78,18.55,2648
Dirty Harry,7456254.5,273,96.73,0.02,0.13,61.67,18.55,2649
Marcianos Crew,5165253.7666666685,161,96.52,0.02,0.05,61.76,18.55,2650
Jacuś,31277792.0,120,96.65,0.09,0.02,61.7,18.55,2651
Xamã,214506306.58380207,856,99.59,0.65,0.59,60.36,18.55,2652
Kay One,63693527.166666664,300,97.35,0.19,0.16,61.38,18.54,2653
Lbenj,3884899.666666668,409,96.99,0.01,0.24,61.55,18.54,2654
Edin,38071443.83333333,147,96.9,0.12,0.04,61.59,18.54,2655
Joey Moe,46626828.5,328,97.21,0.14,0.18,61.45,18.54,2656
Yellow Claw,58389490.66666667,1217,98.96,0.18,0.87,60.65,18.53,2657
Luny Tunes,14523668.321428562,1080,98.33,0.04,0.76,60.94,18.53,2658
Payung Teduh,140531069.5,642,98.68,0.43,0.42,60.78,18.53,2659
Pálmi Gunnarsson,892664.0,114,96.54,0.0,0.01,61.75,18.53,2660
Juju,318753622.38888884,1164,101.17,0.97,0.83,59.64,18.53,2661
Lauri Haav,11572400.500000002,175,96.75,0.03,0.06,61.66,18.53,2662
Senex,15239258.416666664,147,96.77,0.05,0.04,61.65,18.53,2663
Chefin,110866239.99848488,199,97.7,0.34,0.08,61.22,18.53,2664
Years & Years,576644851.5,3899,108.22,1.76,2.95,56.43,18.52,2665
Nikhita Gandhi,117669702.85256405,552,98.43,0.36,0.35,60.89,18.52,2666
Sleiman,28885472.333333325,299,97.2,0.09,0.15,61.45,18.52,2667
FOURTY,104878552.66666667,280,97.85,0.32,0.14,61.16,18.52,2668
Endor,60482097.0,222,97.31,0.18,0.09,61.4,18.52,2669
Chivv,108860084.6666666,842,98.82,0.33,0.58,60.71,18.52,2670
Elaine,3213408.0,137,96.67,0.01,0.03,61.69,18.52,2671
Molo,11923247.75,354,97.14,0.04,0.2,61.48,18.52,2672
A1 x J1,120894121.5,675,98.68,0.37,0.45,60.78,18.52,2673
Bispo,26109160.916666664,686,97.86,0.08,0.46,61.15,18.52,2674
MC L da Vinte,64299065.83333332,172,97.31,0.2,0.06,61.4,18.52,2675
Lary Over,152558252.43333322,4297,105.13,0.47,3.26,57.84,18.52,2676
Anna Kendrick,9208178.0,142,96.75,0.03,0.03,61.66,18.52,2677
Moha La Squale,117541150.0,383,98.15,0.36,0.22,61.02,18.52,2678
ReTo,140907782.5333333,1063,99.58,0.43,0.75,60.37,18.51,2679
Emanuele Aloia,75520967.0,123,97.33,0.23,0.02,61.39,18.51,2680
Alok,572104517.9500005,3068,106.81,1.75,2.31,57.07,18.51,2681
New West,228314982.0,266,98.95,0.7,0.13,60.65,18.51,2682
MKTO,383962670.0,2274,103.76,1.17,1.69,58.46,18.51,2683
TATOOL,78618115.60000004,1027,98.92,0.24,0.72,60.67,18.51,2684
Zac Efron,311008197.6999997,1889,102.48,0.95,1.39,59.05,18.51,2685
AVA,59843509.66666668,337,97.55,0.18,0.18,61.29,18.51,2686
Eiby,979540.4166666667,121,96.76,0.0,0.02,61.65,18.5,2687
Diljit Dosanjh,170861470.11666673,480,98.88,0.52,0.3,60.69,18.5,2688
Ultimo,646148312.5,1244,104.41,1.97,0.89,58.16,18.5,2689
Don Miguelo,27863780.555555552,1849,99.94,0.08,1.36,60.2,18.5,2690
Phil Lam,11904366.5,530,97.53,0.04,0.33,61.3,18.5,2691
163ONMYNECK,10531502.666666666,227,97.03,0.03,0.1,61.53,18.5,2692
Piotrek Lewandowski,32223956.816666666,223,97.27,0.1,0.1,61.42,18.5,2693
Emis Killa,223972652.36666667,682,99.75,0.68,0.45,60.29,18.49,2694
Ruth B.,1241273725.5,2652,112.21,3.79,1.98,54.61,18.49,2695
Aventura,491086692.5,2545,105.31,1.5,1.9,57.75,18.49,2696
Julianno Sosa,69452819.06818181,428,97.98,0.21,0.25,61.1,18.49,2697
Weird Genius,30530627.00000003,205,97.27,0.09,0.08,61.42,18.49,2698
KEVVO,48782121.88095236,1718,100.06,0.15,1.26,60.15,18.48,2699
Kep1er,75163903.0,248,97.79,0.23,0.12,61.18,18.48,2700
Motive,130869930.10952379,451,98.62,0.4,0.27,60.81,18.48,2701
Henning May,105890287.75,434,98.41,0.32,0.26,60.9,18.48,2702
SINI YASEMIN,14495941.75,197,97.17,0.04,0.08,61.47,18.48,2703
Tahribad-ı İsyan,17798110.72222223,112,97.04,0.05,0.01,61.53,18.48,2704
C.Gambino,44581819.50000001,231,97.52,0.14,0.1,61.31,18.48,2705
Ashafar,77881450.10476188,502,98.33,0.24,0.31,60.94,18.47,2706
Dappy,20525746.333333336,140,97.2,0.06,0.03,61.45,18.47,2707
Kid Cudi,656416531.4166663,2786,107.4,2.0,2.09,56.8,18.47,2708
JhayCo,17427055.666666664,275,97.41,0.05,0.14,61.36,18.47,2709
Julias Moon,9189293.0,118,97.05,0.03,0.01,61.52,18.47,2710
Manny Flaco,34143158.66666666,269,97.52,0.1,0.13,61.31,18.47,2711
yama,116098139.0,255,98.25,0.35,0.12,60.97,18.47,2712
İlyas Yalçıntaş,22690281.583333332,223,97.48,0.07,0.1,61.33,18.46,2713
Tony Effe,82667648.06666666,302,98.08,0.25,0.16,61.05,18.46,2714
Samurai Jay,14720051.808441557,101,97.14,0.04,0.0,61.48,18.46,2715
Mano Arriba,49754281.0,626,98.35,0.15,0.41,60.93,18.46,2716
Boney M.,254582942.5,1263,101.37,0.78,0.9,59.55,18.45,2717
Hp Boyz,19908941.5,166,97.37,0.06,0.05,61.38,18.45,2718
Separ,30861486.383333344,2602,101.61,0.09,1.94,59.44,18.45,2719
VIZE,301965083.416667,2176,103.32,0.92,1.61,58.66,18.45,2720
Keala Settle,256036490.66666695,1539,101.85,0.78,1.12,59.33,18.45,2721
Ashley O,85181965.0,250,98.15,0.26,0.12,61.02,18.45,2722
LEA,266770089.2500001,951,100.9,0.81,0.66,59.77,18.45,2723
Daniela Darcourt,47088266.0,319,97.93,0.14,0.17,61.12,18.44,2724
Don Joe,46541689.166666664,187,97.73,0.14,0.07,61.21,18.44,2725
Unique Salonga,39637196.0,109,97.53,0.12,0.01,61.3,18.44,2726
Stijco,14069052.0,110,97.34,0.04,0.01,61.39,18.44,2727
Bullet D,8913497.261904763,108,97.24,0.03,0.01,61.43,18.44,2728
Le classico organisé,10934400.166991336,217,97.44,0.03,0.09,61.34,18.44,2729
Kimberley Chen,4529009.0,130,97.26,0.01,0.02,61.43,18.44,2730
Nikke Ankara,85234927.63333333,945,99.37,0.26,0.66,60.46,18.44,2731
Jnske,8913497.261904763,108,97.24,0.03,0.01,61.43,18.44,2732
Beto Sierra,27336444.66666667,112,97.42,0.08,0.01,61.35,18.44,2733
Balti,5252700.800000001,366,97.72,0.02,0.21,61.22,18.44,2734
Spekti,29451477.6,540,98.18,0.09,0.34,61.01,18.44,2735
Alessio La Profunda Melodia,22821262.5,123,97.52,0.07,0.02,61.31,18.43,2736
Andreas Bourani,40927327.83333333,412,98.12,0.12,0.24,61.03,18.43,2737
Abraham Mateo,119680386.61666664,1945,101.45,0.36,1.43,59.51,18.43,2738
Ina Wroldsen,236668482.1666667,1945,102.48,0.72,1.43,59.05,18.43,2739
Smallx,11114854.107142854,558,98.15,0.03,0.36,61.02,18.43,2740
Steel Banglez,21706521.250000004,118,97.48,0.07,0.01,61.33,18.43,2741
Adhitia Sofyan,64795370.0,202,98.0,0.2,0.08,61.09,18.43,2742
Vesala,48615873.083333336,565,98.46,0.15,0.36,60.88,18.43,2743
IU,146044580.0,2327,102.39,0.45,1.73,59.09,18.43,2744
LeeHi,86215883.41666667,574,98.79,0.26,0.37,60.73,18.43,2745
$ourJ,1121965.5,120,97.33,0.0,0.02,61.39,18.42,2746
Ella Eyre,159868846.83333337,2064,102.08,0.49,1.53,59.23,18.42,2747
Milano,30052659.5,100,97.56,0.09,0.0,61.29,18.42,2748
Tzanca Uraganu,31810215.666666657,1121,99.31,0.1,0.79,60.49,18.42,2749
salem ilese,191669103.8333333,661,100.02,0.58,0.44,60.17,18.42,2750
Rachel Liang,20910650.5,312,97.86,0.06,0.16,61.15,18.42,2751
Felipe Peláez,22342744.041666668,692,98.57,0.07,0.46,60.83,18.42,2752
257ers,67695073.0,256,98.17,0.21,0.12,61.01,18.42,2753
Jessi,92903141.0,349,98.59,0.28,0.19,60.82,18.42,2754
Andia,3114907.0,166,97.48,0.01,0.05,61.33,18.42,2755
Skinz,55546853.833333336,593,98.73,0.17,0.38,60.76,18.41,2756
Profeetat,7759677.916666666,193,97.58,0.02,0.07,61.28,18.41,2757
Benjamin Hav,14785158.944444446,222,97.7,0.04,0.09,61.22,18.41,2758
Mabel Matiz,134508595.0,664,99.52,0.41,0.44,60.39,18.41,2759
颜人中,12242165.0,143,97.53,0.04,0.03,61.3,18.41,2760
Idaly,82447684.35000005,688,99.22,0.25,0.46,60.53,18.4,2761
Ghost,225382964.0,508,100.21,0.69,0.32,60.08,18.4,2762
Dowba Montana,6771369.599999998,341,97.91,0.02,0.19,61.13,18.4,2763
LANY,756747746.0,3209,109.53,2.31,2.42,55.83,18.4,2764
Ron Buhnik,2333987.5,139,97.53,0.01,0.03,61.3,18.4,2765
Eve Ai,23621815.666666664,490,98.34,0.07,0.3,60.93,18.4,2766
Thaman S,55368230.33333335,227,98.2,0.17,0.1,61.0,18.4,2767
El Profesor,32581680.5,239,98.05,0.1,0.11,61.07,18.39,2768
Dalyb,3549177.2666666675,449,98.18,0.01,0.27,61.01,18.39,2769
Jam Hsiao,17933742.0,401,98.19,0.05,0.23,61.0,18.39,2770
SRNO,56094840.86666669,448,98.62,0.17,0.27,60.81,18.39,2771
Roxen,5632575.0,227,97.82,0.02,0.1,61.17,18.39,2772
Ваня Дмитриенко,8693793.0,140,97.72,0.03,0.03,61.22,18.39,2773
John Martin,20494270.66666667,657,98.64,0.06,0.43,60.8,18.39,2774
Madcon,113747899.99999999,1359,100.69,0.35,0.98,59.86,18.39,2775
OIO,24958659.700000014,349,98.28,0.08,0.19,60.96,18.38,2776
Pika Chiu,17731700.0,204,97.91,0.05,0.08,61.13,18.38,2777
Silent Strike,838118.1666666664,104,97.64,0.0,0.0,61.25,18.38,2778
Dj The Boy,12793353.666666673,424,98.23,0.04,0.25,60.98,18.38,2779
Scally Milano,8892693.773809524,410,98.23,0.03,0.24,60.98,18.38,2780
SOOBIN,16994667.016666666,604,98.64,0.05,0.39,60.8,18.38,2781
Japanese,1520307.85,125,97.63,0.0,0.02,61.26,18.38,2782
Larry,99489130.16666669,532,99.26,0.3,0.34,60.51,18.38,2783
Scarlet Pleasure,71160988.0,567,99.05,0.22,0.36,60.61,18.38,2784
NEIKED,327416904.0,2004,103.78,1.0,1.48,58.45,18.38,2785
FRNKIE,11877549.41666666,110,97.76,0.04,0.01,61.2,18.38,2786
Loïc Nottet,21493239.0,214,98.01,0.06,0.09,61.08,18.37,2787
Nerieš,16106870.05,1312,99.87,0.05,0.94,60.24,18.37,2788
Blxst,117463300.66666661,632,99.67,0.36,0.41,60.33,18.37,2789
j mena,42139771.5,218,98.23,0.13,0.09,60.98,18.37,2790
The Rubens,47154777.0,185,98.26,0.14,0.07,60.97,18.37,2791
Juno Mak,19357313.0,956,99.34,0.06,0.67,60.48,18.37,2792
Shi Shi,15875694.0,193,98.02,0.05,0.07,61.08,18.37,2793
Jon Bellion,423946411.5,2161,104.94,1.29,1.6,57.92,18.37,2794
STEIN27,24971875.74999999,1042,99.6,0.08,0.73,60.36,18.36,2795
Kevin Roldan,390740038.0476194,4901,109.39,1.19,3.73,55.89,18.36,2796
Black M,22456808.83333333,384,98.43,0.07,0.22,60.89,18.36,2797
Gloria Groove,296947372.3333333,328,100.77,0.91,0.18,59.82,18.36,2798
Tawsen,2967166.6666666665,209,98.0,0.01,0.08,61.09,18.36,2799
Marina Kaye,11216950.0,125,97.9,0.03,0.02,61.13,18.36,2800
Nathan Goshen,33802655.0,1141,99.8,0.1,0.81,60.27,18.36,2801
Andi Bernadee,11146358.5,172,97.96,0.03,0.06,61.11,18.36,2802
FP do Trem Bala,57538340.83333333,136,98.4,0.18,0.03,60.91,18.35,2803
Petit Biscuit,296299265.3333333,1586,103.01,0.9,1.15,58.8,18.35,2804
I am Aisha,9104329.98333333,152,97.97,0.03,0.04,61.1,18.35,2805
Viru Kumbieron,57322017.0,567,99.11,0.17,0.36,60.58,18.35,2806
Gur Sidhu,18951740.166666668,121,98.01,0.06,0.02,61.08,18.35,2807
Blaqbonez,3108379.0,115,97.91,0.01,0.01,61.13,18.35,2808
Luca Hänni,11275547.0,136,97.95,0.03,0.03,61.11,18.35,2809
Michał Szczygieł,14070511.5,112,97.96,0.04,0.01,61.11,18.35,2810
李千那,7115112.0,150,97.95,0.02,0.04,61.11,18.35,2811
Headie One,183236823.99999994,974,100.97,0.56,0.68,59.73,18.35,2812
BNXN fka Buju,28144596.25,799,99.31,0.09,0.54,60.49,18.35,2813
JEON SOMI,52849147.0,438,98.86,0.16,0.26,60.7,18.35,2814
Dhurata Dora,30239894.66666667,342,98.5,0.09,0.19,60.86,18.35,2815
OnklP,12716463.500000002,153,98.05,0.04,0.04,61.07,18.35,2816
Dayvi,81344626.74999994,645,99.56,0.25,0.42,60.38,18.34,2817
XATAR,33002977.750000007,196,98.35,0.1,0.07,60.93,18.34,2818
Zendaya,393057836.0,2446,105.39,1.2,1.82,57.72,18.34,2819
Adera,34382510.5,189,98.36,0.1,0.07,60.92,18.34,2820
Kelly Ruíz,81344626.74999994,645,99.56,0.25,0.42,60.38,18.34,2821
Virgoun,105802331.0,422,99.36,0.32,0.25,60.47,18.34,2822
Bakermat,65242426.5,493,99.15,0.2,0.31,60.56,18.34,2823
T-Wayne,160829052.0,515,100.13,0.49,0.32,60.12,18.33,2824
MYA,96655756.08333333,844,100.09,0.29,0.58,60.13,18.33,2825
Night Grind,6804388.333333331,272,98.35,0.02,0.13,60.93,18.33,2826
Dabro,9793026.0,149,98.15,0.03,0.04,61.02,18.33,2827
ZHU,77824733.33333348,1423,100.96,0.24,1.03,59.74,18.33,2828
棉子,15946343.0,202,98.27,0.05,0.08,60.96,18.33,2829
KitschKrieg,86963113.71666671,650,99.67,0.26,0.43,60.33,18.33,2830
Violette Wautier,39105996.5,517,99.03,0.12,0.32,60.62,18.33,2831
Levante,26025716.25,104,98.19,0.08,0.0,61.0,18.33,2832
The Night Game,18908481.5,144,98.24,0.06,0.03,60.98,18.33,2833
Josylvio,303413734.9595239,1728,103.55,0.93,1.27,58.56,18.32,2834
Mesita,34956725.949999996,327,98.79,0.11,0.18,60.73,18.32,2835
ASH ISLAND,3069605.666666666,220,98.26,0.01,0.09,60.97,18.32,2836
Olivia Holt,156712582.33333334,787,100.63,0.48,0.53,59.89,18.32,2837
Jorge,166058217.5,337,99.9,0.51,0.18,60.22,18.32,2838
Vice,73843811.16666669,888,100.03,0.22,0.61,60.16,18.32,2839
The Greatest Showman Ensemble,291438193.6666664,1748,103.47,0.89,1.28,58.59,18.32,2840
Bro,50549165.5,338,98.85,0.15,0.18,60.7,18.32,2841
Jaap Reesema,60165833.0,340,99.0,0.18,0.19,60.63,18.32,2842
7liwa,5774645.916666668,341,98.53,0.02,0.19,60.85,18.32,2843
Tati Zaqui,49519854.66666669,112,98.5,0.15,0.01,60.86,18.32,2844
Mi Banda El Mexicano,120859385.0,133,99.29,0.37,0.03,60.5,18.31,2845
Alida,131882270.16666667,1065,100.93,0.4,0.75,59.75,18.31,2846
Ufuk Beydemir,76434429.0,216,99.0,0.23,0.09,60.63,18.31,2847
siouxxie sixxsta,44938931.0,191,98.73,0.14,0.07,60.76,18.31,2848
Hael Husaini,11833767.666666668,265,98.51,0.04,0.13,60.86,18.31,2849
Kortez,15519340.75,237,98.55,0.05,0.11,60.84,18.31,2850
DJ Maff,8563841.333333336,345,98.59,0.03,0.19,60.82,18.31,2851
DJ Stephan,8226766.166666668,635,99.06,0.02,0.42,60.6,18.31,2852
Bahadır Tatlıöz,6389418.0,136,98.21,0.02,0.03,60.99,18.31,2853
ANNA,104365524.33333333,216,99.33,0.32,0.09,60.48,18.3,2854
Ke Personajes,165978734.8333333,747,100.81,0.51,0.5,59.81,18.3,2855
The Killers,1302105978.0,2465,113.89,3.98,1.84,53.84,18.3,2856
Rich Brian,183635950.81666666,1239,101.81,0.56,0.89,59.35,18.3,2857
Haqiem Rusli,17810809.666666664,317,98.75,0.05,0.17,60.75,18.3,2858
MC Bin Laden,26332699.899999995,171,98.54,0.08,0.06,60.84,18.3,2859
Sophie and the Giants,96469601.5,806,100.26,0.29,0.55,60.06,18.3,2860
Mr.Kitty,280348130.0,904,102.07,0.86,0.62,59.23,18.3,2861
Boulevard Depo,28059595.166666668,396,98.95,0.09,0.23,60.65,18.3,2862
SALUKI,9773012.266666666,269,98.59,0.03,0.13,60.82,18.3,2863
Julión Álvarez y su Norteño Banda,368599180.5,882,102.86,1.13,0.61,58.87,18.3,2864
DI-RECT,41386397.5,141,98.74,0.13,0.03,60.75,18.29,2865
Hardy Caprio,75818453.0,258,99.19,0.23,0.12,60.55,18.29,2866
Vesta,20277896.5,274,98.76,0.06,0.14,60.74,18.29,2867
Touliver,11167911.666666668,615,99.22,0.03,0.4,60.53,18.29,2868
Zed,47057692.00000004,255,98.97,0.14,0.12,60.65,18.29,2869
АДЛИН,9237418.0,108,98.37,0.03,0.01,60.92,18.29,2870
Papichamp,40750770.54166666,633,99.54,0.12,0.41,60.39,18.29,2871
Talhah Yunus,2487874.833333333,291,98.63,0.01,0.15,60.8,18.29,2872
Sippinpurpp,9087671.333333336,162,98.49,0.03,0.05,60.86,18.29,2873
Ege Zulu,10064930.75,228,98.62,0.03,0.1,60.81,18.29,2874
Jeremih,574914163.5119047,3398,109.01,1.76,2.56,56.07,18.29,2875
Tungevaag,233410860.74999982,2618,104.65,0.71,1.96,58.06,18.29,2876
Vera,12292591.5,183,98.5,0.04,0.06,60.86,18.29,2877
ZK,40220249.33333333,365,99.07,0.12,0.21,60.6,18.29,2878
Kenny B,19966777.5,143,98.55,0.06,0.03,60.84,18.29,2879
Ebru Yaşar,31843154.166666668,145,98.7,0.1,0.03,60.77,18.28,2880
Akhil Sachdeva,54285573.26923077,230,99.1,0.17,0.1,60.59,18.28,2881
AURORA,423761846.5,1354,104.2,1.29,0.97,58.26,18.28,2882
Ramz,204450490.5,475,100.82,0.62,0.29,59.8,18.28,2883
Zay Hilfigerrr,104548708.0,672,100.31,0.32,0.44,60.03,18.27,2884
Vitya AK,2025521.5,145,98.51,0.01,0.03,60.86,18.27,2885
Zayion McCall,104548708.0,672,100.31,0.32,0.44,60.03,18.27,2886
WILLOW,679563000.9999993,1870,107.51,2.07,1.38,56.75,18.27,2887
GRiNGO,77403818.80000003,509,99.83,0.24,0.32,60.25,18.27,2888
EL NOBA,57559152.119047664,422,99.5,0.18,0.25,60.4,18.27,2889
GReeeeN,86260068.0,557,99.98,0.26,0.36,60.19,18.27,2890
Tony Dize,306110050.1666666,1051,102.76,0.93,0.74,58.92,18.27,2891
Fallen Roses,7906831.000000001,214,98.76,0.02,0.09,60.74,18.26,2892
Rennan da Penha,90972494.75,214,99.54,0.28,0.09,60.39,18.26,2893
Gaby Music,41804266.50000001,440,99.43,0.13,0.26,60.44,18.26,2894
schafter,73035327.75,481,99.81,0.22,0.3,60.26,18.26,2895
Clicherik & Mäx,1486899.5,242,98.72,0.0,0.11,60.76,18.26,2896
Lunis,7906831.000000001,214,98.76,0.02,0.09,60.74,18.26,2897
Lujavo,7906831.000000001,214,98.76,0.02,0.09,60.74,18.26,2898
Nea,200285641.8333333,1378,102.54,0.61,0.99,59.02,18.25,2899
Dadju,430439817.3333332,2139,105.87,1.31,1.58,57.5,18.25,2900
Ivan Greko,8333368.66666667,317,98.95,0.02,0.17,60.65,18.25,2901
Gradur,135310215.5833333,739,100.88,0.41,0.5,59.77,18.25,2902
ANNA ASTI,3652944.5,104,98.65,0.01,0.0,60.79,18.24,2903
buitruonglinh,23479501.0,346,99.22,0.07,0.19,60.53,18.24,2904
Yksi Totuus,13335909.416666668,275,99.07,0.04,0.14,60.6,18.24,2905
Istanbul Trip,9902574.45,133,98.77,0.03,0.03,60.74,18.24,2906
Morat,917876034.3333334,10651,124.82,2.8,8.2,48.86,18.24,2907
Lil PoP,1982751.083333332,160,98.79,0.01,0.05,60.73,18.24,2908
Boro Boro,89446400.16666663,356,99.93,0.27,0.2,60.21,18.23,2909
FOOL,25345063.0,192,99.09,0.08,0.07,60.59,18.23,2910
Miss Montreal,37444233.0,161,99.13,0.11,0.05,60.57,18.23,2911
Broederliefde,283281562.99999994,1375,103.42,0.86,0.99,58.62,18.23,2912
Mente Fuerte,25888577.91666668,1583,101.49,0.08,1.15,59.5,18.23,2913
ITZY,321792817.0,1637,104.18,0.98,1.19,58.27,18.23,2914
Anatomy Rabbit,51202160.0,383,99.67,0.16,0.22,60.33,18.23,2915
Kane Brown,479155758.6666667,1308,105.07,1.46,0.94,57.86,18.22,2916
Moro,3008235.416666667,266,99.06,0.01,0.13,60.6,18.22,2917
Phoenix Rdc,6673275.5,133,98.9,0.02,0.03,60.68,18.22,2918
GDucky,3094929.166666667,104,98.8,0.01,0.0,60.72,18.22,2919
YOUNGHEARTED,14220468.0,152,98.95,0.04,0.04,60.65,18.22,2920
Korol i Shut,32967399.0,398,99.67,0.1,0.23,60.33,18.21,2921
Nikitata,13737512.5,156,99.06,0.04,0.04,60.6,18.21,2922
Bozza,71547220.83333334,229,99.69,0.22,0.1,60.32,18.21,2923
Jesper Jenset,19284768.833333332,167,99.12,0.06,0.05,60.58,18.21,2924
Pikku G,14113800.0,241,99.21,0.04,0.11,60.54,18.21,2925
KUMMER,41533954.0,126,99.26,0.13,0.02,60.51,18.21,2926
Amy Shark,73710517.0,289,99.84,0.22,0.15,60.25,18.21,2927
JoeyAK,74770051.22142862,508,100.22,0.23,0.32,60.08,18.21,2928
Eli Palacios,14010616.5,787,100.1,0.04,0.53,60.13,18.21,2929
Thiago Brava,78158924.5,238,99.8,0.24,0.11,60.27,18.21,2930
Arrow Benjamin,28336675.666666668,620,100.09,0.09,0.4,60.13,18.2,2931
El Cherry Scom,7820478.394444443,454,99.61,0.02,0.28,60.35,18.2,2932
Agnes,36830941.5,256,99.53,0.11,0.12,60.39,18.2,2933
Ati242,90063330.99999999,423,100.29,0.27,0.25,60.04,18.2,2934
Yotuel,47127154.33333334,995,100.84,0.14,0.7,59.79,18.2,2935
Sleepy Tom,101662998.5,1174,101.69,0.31,0.83,59.41,18.2,2936
Gesaffelstein,341730284.0,2084,105.36,1.04,1.54,57.73,18.2,2937
NAVID,13448661.4,126,99.08,0.04,0.02,60.6,18.2,2938
MC Ryan SP,181204083.12239456,591,101.37,0.55,0.38,59.55,18.2,2939
Sabrina Carpenter,329396877.49999976,2586,106.11,1.01,1.93,57.39,18.2,2940
LUM!X,148684971.41666654,1499,102.7,0.45,1.09,58.94,18.19,2941
Suvi Teräsniska,22061814.5,266,99.48,0.07,0.13,60.41,18.19,2942
Mergui,18176454.5,464,99.8,0.05,0.28,60.27,18.19,2943
Ranveer Singh,4147389.3833333333,107,99.04,0.01,0.01,60.61,18.19,2944
CRO,320250554.3333333,1765,104.66,0.98,1.29,58.05,18.19,2945
Shaggy,155555219.11666667,3139,105.56,0.47,2.36,57.64,18.19,2946
LSD,137952407.95,2474,104.38,0.42,1.85,58.18,18.18,2947
Ramy Sabry,7056688.5,381,99.6,0.02,0.22,60.36,18.18,2948
Julie Bergan,131990718.16666667,1015,101.79,0.4,0.71,59.36,18.18,2949
Melek Mosso,111587935.0,509,100.78,0.34,0.32,59.82,18.18,2950
Zoe Wees,156562836.0,746,101.59,0.48,0.5,59.45,18.18,2951
Matuê,819563018.2499999,1114,108.11,2.5,0.79,56.48,18.18,2952
Werenoi,51570344.0,127,99.61,0.16,0.02,60.35,18.18,2953
Tussin,2810901.8666666658,269,99.36,0.01,0.13,60.47,18.18,2954
Trapical Minds,22809493.0,672,100.26,0.07,0.44,60.06,18.18,2955
KIDS SEE GHOSTS,146630070.0,323,100.79,0.45,0.17,59.82,18.18,2956
Wac Toja,55147018.69999998,398,100.13,0.17,0.23,60.12,18.17,2957
Sansar Salvo,6976054.308302807,137,99.26,0.02,0.03,60.51,18.17,2958
Icona Pop,91937836.36666664,1421,102.2,0.28,1.03,59.17,18.17,2959
reezy,100216986.41666667,334,100.48,0.31,0.18,59.96,18.17,2960
Tinashe,179875242.0833333,2501,104.91,0.55,1.87,57.94,18.16,2961
Bushido,128220233.6666667,740,101.46,0.39,0.5,59.51,18.16,2962
Haikaiss,45848358.5,143,99.66,0.14,0.03,60.33,18.16,2963
Saweetie,506153379.0,2197,107.31,1.55,1.63,56.84,18.16,2964
Anis Don Demina,25996957.333333336,127,99.53,0.08,0.02,60.39,18.16,2965
Taomi,1016779.6666666665,120,99.31,0.0,0.02,60.49,18.15,2966
Gang Albanii,3900316.0,169,99.45,0.01,0.05,60.43,18.15,2967
Peer Tasi,9758262.5,172,99.53,0.03,0.06,60.39,18.15,2968
Gal Adam,3404229.5,124,99.35,0.01,0.02,60.47,18.15,2969
Aden x Asme,30291760.60714286,215,99.82,0.09,0.09,60.26,18.14,2970
Jossef,26706278.999999985,434,100.14,0.08,0.26,60.11,18.14,2971
MC Marks,86808353.25665477,201,100.29,0.26,0.08,60.04,18.14,2972
Bollebof,8259214.166666666,129,99.48,0.02,0.02,60.41,18.14,2973
Grupo Arranke,70750247.0,209,100.16,0.22,0.08,60.1,18.14,2974
Shanti Dope,100237187.5,252,100.51,0.31,0.12,59.94,18.14,2975
Akim,4692775.600000002,510,100.07,0.01,0.32,60.14,18.14,2976
Ziak,191002799.0,474,101.71,0.58,0.29,59.4,18.14,2977
Bizzey,177933199.11190474,1518,103.34,0.54,1.1,58.65,18.14,2978
Santa Fe Klan,248217183.65000004,805,102.81,0.76,0.55,58.89,18.14,2979
Immune,21498334.5,768,100.77,0.06,0.52,59.82,18.13,2980
Adel Tawil,35773537.83333334,310,100.1,0.11,0.16,60.13,18.13,2981
Chisu,14342902.0,166,99.67,0.04,0.05,60.33,18.13,2982
TumaniYO,9782418.333333334,263,99.79,0.03,0.13,60.27,18.13,2983
Tarkan,46157241.33333333,239,100.06,0.14,0.11,60.15,18.13,2984
Artem Pivovarov,3031365.5,113,99.48,0.01,0.01,60.41,18.13,2985
Ketama126,52565139.383333325,238,100.25,0.16,0.11,60.06,18.12,2986
El Barto,32778411.400000002,247,100.06,0.1,0.11,60.15,18.12,2987
Stamp,44302716.16666667,601,100.73,0.13,0.39,59.84,18.12,2988
Young Miko,68007065.0,238,100.39,0.21,0.11,60.0,18.12,2989
Rasmus Seebach,106127073.6,877,101.74,0.32,0.6,59.38,18.12,2990
Vitor Kley,181553020.0,360,101.59,0.55,0.2,59.45,18.12,2991
10AGE,38275303.5,434,100.46,0.12,0.26,59.97,18.12,2992
Seiler & Speer,4012085.0,126,99.59,0.01,0.02,60.36,18.12,2993
Marcos & Belutti,213838308.0,528,102.22,0.65,0.33,59.16,18.11,2994
Fousheé,214387928.8333333,898,102.86,0.65,0.62,58.87,18.11,2995
Zayo,3391735.8333333326,467,100.24,0.01,0.29,60.07,18.11,2996
Weeekly,40457917.0,187,100.06,0.12,0.07,60.15,18.11,2997
James Blunt,202024402.5,2058,104.74,0.62,1.52,58.01,18.11,2998
Kaly Ocho,2661588.9444444445,121,99.64,0.01,0.02,60.34,18.11,2999
1da Banton,29729533.999999996,228,100.03,0.09,0.1,60.16,18.11,3000
Grey256,5318795.5,193,99.8,0.02,0.07,60.27,18.11,3001
Mäkki,32810170.942857146,469,100.59,0.1,0.29,59.91,18.1,3002
井朧,8673191.0,120,99.78,0.03,0.02,60.28,18.1,3003
Kore,30795345.500000004,163,100.06,0.09,0.05,60.15,18.1,3004
Freddy Kalas,192790411.16666666,960,102.81,0.59,0.67,58.89,18.1,3005
F1rstman,29897546.000000004,294,100.27,0.09,0.15,60.05,18.1,3006
Tayc,171177697.23333338,769,102.29,0.52,0.52,59.13,18.1,3007
Lartiste,93039670.125,857,101.77,0.28,0.59,59.37,18.1,3008
Fouli,35226575.666666664,452,100.56,0.11,0.27,59.92,18.1,3009
Qry,26222235.333333336,190,100.02,0.08,0.07,60.17,18.1,3010
MurdaBoyz,464577.0,107,99.66,0.0,0.01,60.33,18.1,3011
Bou,4542249.0,106,99.78,0.01,0.0,60.28,18.09,3012
Gers Pardoel,5020090.0,101,99.78,0.01,0.0,60.28,18.09,3013
ARAM Mafia,31077194.833333332,261,100.25,0.09,0.13,60.06,18.09,3014
Thegiornalisti,163369411.5,404,101.7,0.5,0.24,59.4,18.09,3015
David Zowie,23928433.0,101,99.9,0.07,0.0,60.22,18.09,3016
Fekete Vonat,954927.0,161,99.93,0.0,0.05,60.21,18.08,3017
CA$HANOVA BULHAR,26461850.16428572,793,101.22,0.08,0.54,59.62,18.08,3018
Os Cretinos,22812932.0,113,100.06,0.07,0.01,60.15,18.08,3019
Clayton & Romário,128592874.5,158,101.09,0.39,0.05,59.68,18.08,3020
Petter,39894361.083333336,288,100.49,0.12,0.15,59.95,18.08,3021
Tóc Tiên,6035612.0,144,100.01,0.02,0.03,60.17,18.07,3022
Samir & Viktor,131493656.0,409,101.54,0.4,0.24,59.47,18.07,3023
Foreign Teck,16679405.533333331,408,100.52,0.05,0.24,59.94,18.07,3024
Katja Krasavice,54632692.5,173,100.5,0.17,0.06,59.95,18.07,3025
Max Gazzè,26377192.5,177,100.26,0.08,0.06,60.06,18.07,3026
Yoss Bones,45272221.333333306,248,100.53,0.14,0.12,59.93,18.07,3027
Wincent Weiss,86659661.16666669,368,101.12,0.26,0.21,59.67,18.07,3028
Silk City,101021099.25,1226,102.76,0.31,0.88,58.92,18.06,3029
Junior H,859535696.5,1026,109.23,2.62,0.72,55.97,18.06,3030
GG,41739016.5,142,100.36,0.13,0.03,60.01,18.06,3031
Cobra Starship,3782153.0,128,100.05,0.01,0.02,60.15,18.06,3032
Tiakola,207707370.00000003,879,103.16,0.63,0.61,58.74,18.06,3033
Terror Jr,107384251.0,518,101.67,0.33,0.32,59.41,18.05,3034
Kenshi Yonezu,453604153.5,1857,107.08,1.38,1.37,56.95,18.05,3035
Röyksopp,7819190.0,111,100.09,0.02,0.01,60.13,18.05,3036
Paky,228188762.31666663,630,102.97,0.7,0.41,58.82,18.05,3037
Lucas Lucco,157546616.33333334,439,101.96,0.48,0.26,59.28,18.05,3038
VSTRA,5582870.333333333,110,100.11,0.02,0.01,60.13,18.05,3039
Veysel,261678103.2777778,1040,103.97,0.8,0.73,58.37,18.05,3040
Serrini,7976157.5,243,100.35,0.02,0.11,60.02,18.05,3041
Slogan,3253403.533333335,230,100.25,0.01,0.1,60.06,18.05,3042
KA,44873174.66666667,243,100.7,0.14,0.11,59.86,18.05,3043
Ben Cristovao,29386014.583333313,1636,102.9,0.09,1.19,58.85,18.05,3044
Dizzy DROS,6972059.0,220,100.26,0.02,0.09,60.06,18.05,3045
Slow J,26600150.16666667,619,101.19,0.08,0.4,59.63,18.04,3046
Zhavia,100103750.5,635,101.94,0.31,0.42,59.29,18.04,3047
Sufian Suhaimi,15248077.0,275,100.55,0.05,0.14,59.93,18.04,3048
ATC Nico,5864938.5,272,100.48,0.02,0.13,59.96,18.04,3049
Reket,6942066.80952381,1458,102.5,0.02,1.06,59.04,18.04,3050
Fernando & Sorocaba,234917698.0,381,102.68,0.72,0.22,58.95,18.04,3051
Tajul,3764648.5,100,100.12,0.01,0.0,60.12,18.04,3052
Keko Salata,32279377.666666675,522,101.14,0.1,0.33,59.66,18.04,3053
Bruno & Marrone,330415960.0,476,103.66,1.01,0.29,58.51,18.04,3054
Young T & Bugsey,77406255.83333336,564,101.55,0.24,0.36,59.47,18.04,3055
RPT MCK,24331647.999999996,431,100.87,0.07,0.26,59.78,18.04,3056
DMS,24859035.66666667,1796,103.26,0.08,1.32,58.69,18.04,3057
Akon,65264530.83333335,1473,103.01,0.2,1.07,58.8,18.04,3058
Kato,9523515.500000002,183,100.4,0.03,0.06,59.99,18.03,3059
Neo Pistea,37504167.95238097,688,101.51,0.11,0.46,59.49,18.03,3060
HIDE (GReeeeN),16114914.5,179,100.44,0.05,0.06,59.98,18.03,3061
K-391,52658174.000000045,1198,102.51,0.16,0.85,59.03,18.03,3062
MellemFingaMuzik,57243527.08333335,892,102.1,0.17,0.62,59.22,18.02,3063
Calibre 50,746256759.6666667,1942,110.06,2.28,1.43,55.59,18.02,3064
Douglas & Vinicius,110114083.0,139,101.29,0.34,0.03,59.59,18.02,3065
Jake La Furia,82180193.77619049,376,101.43,0.25,0.21,59.52,18.02,3066
Moon Taxi,78487573.0,507,101.66,0.24,0.32,59.42,18.02,3067
Joey Yung,19267314.0,712,101.5,0.06,0.48,59.49,18.02,3068
Trap Capos,28090462.333333343,1321,102.56,0.09,0.95,59.01,18.02,3069
LON3R JOHNY,10422788.25,341,100.71,0.03,0.19,59.85,18.02,3070
Zlatan,2768641.666666666,111,100.33,0.01,0.01,60.03,18.02,3071
Simon Superti,19678248.690476194,177,100.51,0.06,0.06,59.94,18.02,3072
Robyn,13044692.333333334,110,100.47,0.04,0.01,59.96,18.01,3073
Yungen,31177449.999999996,141,100.66,0.09,0.03,59.88,18.01,3074
Morad,296470514.79166657,928,104.33,0.9,0.64,58.2,18.01,3075
Kalibwoy,7806529.683333335,108,100.46,0.02,0.01,59.97,18.0,3076
Emir Can İğrek,307005228.5,848,104.4,0.94,0.58,58.17,18.0,3077
Irina Rimes,5100047.75,254,100.68,0.01,0.12,59.87,18.0,3078
Dilsinho,517536688.4999999,689,106.05,1.58,0.46,57.42,18.0,3079
KASIMIR1441,63647078.08333335,271,101.25,0.19,0.13,59.61,18.0,3080
和ぬか,27590046.166666657,146,100.74,0.08,0.04,59.84,18.0,3081
KALIM,103897796.33333333,363,101.76,0.32,0.2,59.37,18.0,3082
Lhast,11876470.499999998,404,101.04,0.04,0.24,59.7,18.0,3083
Öwnboss,35593735.5,444,101.3,0.11,0.27,59.58,18.0,3084
Benzz,61381327.66666667,375,101.39,0.19,0.21,59.54,18.0,3085
Sevek,35593735.5,444,101.3,0.11,0.27,59.58,18.0,3086
Sini Sabotage,4436315.583333333,102,100.47,0.01,0.0,59.96,17.99,3087
Sa4,40731912.75000001,422,101.4,0.12,0.25,59.54,17.99,3088
Dominic Fike,611986707.1666666,1615,108.52,1.87,1.18,56.29,17.99,3089
JP Saxe,512261944.0,2668,109.43,1.56,2.0,55.88,17.99,3090
Lily Allen,22946058.333333332,271,101.03,0.07,0.13,59.71,17.98,3091
Abduh,1564289.2500000002,110,100.59,0.0,0.01,59.91,17.98,3092
Fínix MG,3827832.5,137,100.66,0.01,0.03,59.88,17.98,3093
Agustín Casanova,5270235.666666667,143,100.65,0.02,0.03,59.88,17.98,3094
Mirror,13520825.0,289,100.98,0.04,0.15,59.73,17.98,3095
Costi,36166908.500000015,1029,102.43,0.11,0.72,59.07,17.98,3096
Camille Lellouche,18346742.0,112,100.75,0.06,0.01,59.83,17.98,3097
DMNDS,8467436.000000002,228,100.87,0.03,0.1,59.78,17.98,3098
Walking On Cars,28438395.5,327,101.17,0.09,0.18,59.64,17.98,3099
Darshan Raval,154629574.66666654,686,102.93,0.47,0.46,58.84,17.98,3100
Roméo Elvis,146568418.83333334,813,103.12,0.45,0.55,58.75,17.97,3101
7-Toun,4633566.0,285,100.91,0.01,0.14,59.76,17.97,3102
DENIS TEOFIKOV,2166678.75,478,101.27,0.01,0.29,59.6,17.97,3103
Solar,12581159.720310252,293,101.09,0.04,0.15,59.68,17.97,3104
WSTRN,62866910.5,218,101.4,0.19,0.09,59.54,17.97,3105
Gil Vain,3312989.0,242,100.88,0.01,0.11,59.77,17.97,3106
Intelligency,2718451.0,118,100.66,0.01,0.01,59.88,17.97,3107
Tristan Salvati,12848404.0,187,100.88,0.04,0.07,59.77,17.97,3108
Mathea,37823185.0,211,101.12,0.11,0.09,59.67,17.97,3109
Karpe,120603630.01666665,913,103.03,0.37,0.63,58.79,17.97,3110
Deliric,969272.6666666664,119,100.63,0.0,0.01,59.89,17.97,3111
GJan,2018703.5,240,100.91,0.01,0.11,59.76,17.96,3112
D-Block Europe,216333881.5833333,599,103.47,0.66,0.39,58.59,17.96,3113
Jonna Fraser,214477046.98333344,1623,105.15,0.65,1.18,57.83,17.96,3114
Muslim,5062453.5,345,101.14,0.01,0.19,59.66,17.96,3115
Yan Block,11110687.999999993,187,100.91,0.03,0.07,59.76,17.96,3116
Li Yugang,9775895.0,199,100.98,0.03,0.08,59.73,17.96,3117
Deniz Tekin,15764293.555555556,166,100.92,0.05,0.05,59.76,17.96,3118
Sevn Alias,247340395.50000006,1814,105.8,0.75,1.33,57.53,17.96,3119
Ritviz,119639028.83333333,386,102.28,0.36,0.22,59.14,17.95,3120
Jennifer Lawrence,30773732.5,508,101.72,0.09,0.32,59.39,17.95,3121
James Newton Howard,30773732.5,508,101.72,0.09,0.32,59.39,17.95,3122
Douzi,1110160.9,129,100.78,0.0,0.02,59.82,17.95,3123
Gabry Ponte,154506191.91666657,1550,104.59,0.47,1.13,58.08,17.95,3124
Sick Luke,61098578.77619047,312,101.68,0.19,0.16,59.41,17.95,3125
Glasperlenspiel,31958026.763157893,233,101.3,0.1,0.1,59.58,17.94,3126
Momo,4742714.416666667,444,101.47,0.01,0.27,59.51,17.94,3127
Paulina,3699756.5,109,100.92,0.01,0.01,59.76,17.94,3128
Melim,460796653.5,656,105.91,1.41,0.43,57.48,17.94,3129
Tulsi Kumar,103998842.51923087,716,102.83,0.32,0.48,58.89,17.94,3130
Stephanie Poetri,101627220.0,424,102.31,0.31,0.25,59.12,17.94,3131
Daves The Kid,19580487.0,108,101.03,0.06,0.01,59.71,17.94,3132
NOAH,14505512.0,154,101.0,0.04,0.04,59.72,17.94,3133
Bob Van Ratingen,56922157.00000014,1059,102.95,0.17,0.75,58.83,17.94,3134
LaLa Hsu,74801055.66666666,1394,103.74,0.23,1.01,58.47,17.94,3135
Porsche Boy,3639028.0,264,101.14,0.01,0.13,59.66,17.94,3136
Falco Van Den Aker,56922157.00000014,1059,102.95,0.17,0.75,58.83,17.94,3137
Eva Weel Skram,19652884.5,119,101.02,0.06,0.01,59.71,17.94,3138
Tony Kakkar,21101769.849999998,244,101.33,0.06,0.11,59.57,17.93,3139
Clinton Kane,234229410.0,607,103.8,0.71,0.39,58.44,17.93,3140
Fasma,41720638.5,140,101.33,0.13,0.03,59.57,17.93,3141
Neto Peña,67802168.86666669,328,101.91,0.21,0.18,59.31,17.93,3142
SNBRN,10329386.0,214,101.2,0.03,0.09,59.63,17.93,3143
Seyi Vibez,14761094.666666666,296,101.36,0.04,0.15,59.56,17.93,3144
Axel Kala,6016481.999999996,141,100.99,0.02,0.03,59.72,17.93,3145
Atom Chanakan,21836129.5,545,101.93,0.07,0.35,59.3,17.92,3146
James Bay,844563449.5,5365,117.5,2.58,4.09,52.2,17.92,3147
Jukka Poika,6599187.833333333,138,101.07,0.02,0.03,59.69,17.92,3148
Dance Fruits Music,8674770.000000002,229,101.28,0.03,0.1,59.59,17.92,3149
Era Istrefi,121041288.99999993,1160,103.88,0.37,0.82,58.41,17.92,3150
Hamza Namira,3217925.0,149,101.11,0.01,0.04,59.67,17.92,3151
Capo,245587733.16666666,934,104.66,0.75,0.65,58.05,17.91,3152
Alfons,55760768.8,242,101.82,0.17,0.11,59.35,17.91,3153
Malika Ayane,8376454.0,103,101.1,0.02,0.0,59.67,17.91,3154
eetu,5451352.0,111,101.12,0.02,0.01,59.67,17.91,3155
Yung Felix,58148183.40000001,521,102.27,0.18,0.33,59.14,17.91,3156
costee,23407805.666666668,358,101.68,0.07,0.2,59.41,17.91,3157
Maite Perroni,54751188.30952383,903,102.94,0.17,0.62,58.84,17.91,3158
Curtis Waters,102258158.5,502,102.65,0.31,0.31,58.97,17.91,3159
Marv,10973960.0,134,101.19,0.03,0.03,59.63,17.91,3160
Zonderling,41534187.50000001,478,102.02,0.13,0.29,59.25,17.91,3161
AKMU,4241764.5,193,101.32,0.01,0.07,59.57,17.9,3162
GLK,31123384.316666663,176,101.48,0.09,0.06,59.5,17.9,3163
50 Cent,358511786.8333331,2526,108.43,1.09,1.89,56.33,17.9,3164
Luana,3638547.0,199,101.35,0.01,0.08,59.56,17.9,3165
Carl Brave,173609605.86666664,638,103.56,0.53,0.42,58.55,17.9,3166
Assala Nasri,10549358.5,467,101.83,0.03,0.29,59.34,17.9,3167
Vargas & Lagola,51244035.50000002,339,102.01,0.16,0.19,59.26,17.9,3168
Projota,138786408.83333334,376,102.8,0.42,0.21,58.9,17.9,3169
Sandra Lyng,25488607.0,182,101.47,0.08,0.06,59.51,17.9,3170
Zé Vaqueiro,462809891.5,450,105.91,1.41,0.27,57.48,17.89,3171
Rondodasosa,112785605.86666663,502,102.89,0.34,0.31,58.86,17.89,3172
YoungBoy Never Broke Again,851778803.1666666,1846,111.75,2.6,1.36,54.82,17.89,3173
(G)I-DLE,122012829.20000003,1370,104.46,0.37,0.99,58.14,17.89,3174
Lia Shine,65708358.5,176,101.9,0.2,0.06,59.31,17.89,3175
Fences,2497103.666666666,126,101.27,0.01,0.02,59.6,17.89,3176
Shirley Chen,35779558.0,471,102.16,0.11,0.29,59.19,17.89,3177
Ayden,7698450.0,150,101.35,0.02,0.04,59.56,17.89,3178
Furytto,1509339.916666667,281,101.48,0.0,0.14,59.5,17.89,3179
Ozan Doğulu,4637490.5,135,101.27,0.01,0.03,59.6,17.89,3180
Onionn,5589986.5,149,101.36,0.02,0.04,59.56,17.89,3181
Tom Morello,9969472.0,160,101.48,0.03,0.05,59.5,17.88,3182
Harm Franklin,102269229.4,503,102.82,0.31,0.31,58.89,17.88,3183
JSX,31577867.166666668,158,101.68,0.1,0.05,59.41,17.88,3184
Hubert Wu,3573774.0,130,101.34,0.01,0.02,59.56,17.88,3185
Alfa,83660861.0,279,102.28,0.25,0.14,59.14,17.88,3186
Creepy Nuts,46648791.166666664,212,101.87,0.14,0.09,59.32,17.88,3187
Vou Zuar,62024471.333333336,154,101.88,0.19,0.04,59.32,17.88,3188
1Kilo,77095642.4,252,102.18,0.23,0.12,59.18,17.88,3189
Eladio Carrion,357925321.78809476,5149,113.05,1.09,3.92,54.22,17.88,3190
Chris Lebron,21023436.500000007,534,102.2,0.06,0.34,59.17,17.88,3191
SEUNGRI,13214855.5,387,101.91,0.04,0.22,59.31,17.88,3192
Kizz Daniel,14084714.500000006,394,101.98,0.04,0.23,59.27,17.87,3193
DJ Alex,90737449.66666664,752,103.31,0.28,0.51,58.67,17.87,3194
Konstantinos Argiros,20431184.0,813,102.72,0.06,0.55,58.94,17.87,3195
SwitchOTR,27671579.357142862,229,101.77,0.08,0.1,59.37,17.87,3196
Admiral P,9765088.0,121,101.45,0.03,0.02,59.51,17.87,3197
Andry The Hitmaker,43996598.95238094,251,101.98,0.13,0.12,59.27,17.87,3198
Caza,23886915.25,127,101.69,0.07,0.02,59.41,17.86,3199
Vitão,211900311.83333334,446,103.87,0.65,0.27,58.41,17.86,3200
Tiên Tiên,6318177.0,342,101.93,0.02,0.19,59.3,17.86,3201
The Vamps,278661363.0,2736,108.41,0.85,2.05,56.34,17.86,3202
Melisses,11145860.666666668,646,102.42,0.03,0.42,59.07,17.86,3203
Yannc,10487393.399999993,198,101.75,0.03,0.08,59.38,17.85,3204
Swedish Jam Factory,13516263.0,101,101.59,0.04,0.0,59.45,17.85,3205
Red Velvet,282025893.5,1859,107.01,0.86,1.37,56.98,17.85,3206
Ariel Camacho y Los Plebes Del Rancho,45014626.0,153,102.01,0.14,0.04,59.26,17.85,3207
Fricky,37421490.63333333,210,101.98,0.11,0.09,59.27,17.85,3208
Brodka,9831608.666666668,124,101.61,0.03,0.02,59.44,17.85,3209
Dotan,40048028.0,363,102.38,0.12,0.2,59.09,17.84,3210
Ece Mumay,53419907.5,135,102.09,0.16,0.03,59.22,17.84,3211
Vegedream,248909331.43333334,1035,105.37,0.76,0.73,57.73,17.84,3212
Young M.A,181427376.33333334,213,103.38,0.55,0.09,58.63,17.84,3213
Ant Saunders,208489570.0,483,104.12,0.64,0.3,58.3,17.84,3214
Nitro,91178774.73982684,432,103.03,0.28,0.26,58.79,17.83,3215
Don Omar,440506924.5,10087,122.59,1.34,7.76,49.87,17.83,3216
Angela Hui,2880118.5,101,101.69,0.01,0.0,59.41,17.83,3217
MamboLosco,143248014.85,561,103.72,0.44,0.36,58.48,17.83,3218
The Veronicas,16425831.0,125,101.84,0.05,0.02,59.34,17.83,3219
Dynho Alves,60541337.0,101,102.19,0.18,0.0,59.18,17.83,3220
j-hope,164807242.5,670,104.1,0.5,0.44,58.31,17.83,3221
Henkie T,71686266.58333336,516,103.0,0.22,0.32,58.81,17.83,3222
Abdul Majeed Abdullah,2428063.333333333,115,101.68,0.01,0.01,59.41,17.83,3223
YG,400433808.4499997,2454,109.24,1.22,1.83,55.96,17.83,3224
A!MS,1063236.5,155,101.79,0.0,0.04,59.36,17.82,3225
Matt Hunter,17789617.5,391,102.36,0.05,0.23,59.1,17.82,3226
Charlie Who?,18505262.333333332,174,102.01,0.06,0.06,59.26,17.82,3227
Yxng Bane,138932809.85,711,103.97,0.42,0.47,58.37,17.82,3228
DCS,17975935.499999993,590,102.7,0.05,0.38,58.94,17.82,3229
Ceg,80907605.50000001,361,102.88,0.25,0.2,58.86,17.82,3230
Peg Parnevik,43115455.71428572,152,102.16,0.13,0.04,59.19,17.82,3231
Miguel,463630811.1666666,3147,111.06,1.42,2.37,55.13,17.82,3232
Tedua,179792573.16666663,1011,104.83,0.55,0.71,57.97,17.82,3233
Omar Apollo,131102049.0,168,103.05,0.4,0.05,58.79,17.81,3234
Josephine,14139241.833333332,473,102.54,0.04,0.29,59.02,17.81,3235
Bader AlShuaibi,1896906.5833333333,183,101.92,0.01,0.06,59.3,17.81,3236
Nasty C,4922177.266666667,232,102.0,0.01,0.1,59.26,17.81,3237
LA YOUNG,52637620.0,104,102.24,0.16,0.0,59.15,17.81,3238
Chris Stapleton,440518057.66666645,1565,108.16,1.34,1.14,56.45,17.81,3239
Urbanski,10794652.66666667,120,101.94,0.03,0.02,59.29,17.81,3240
DR BRS,2075516.2,239,102.0,0.01,0.11,59.26,17.81,3241
Hkeem,29928317.583333332,256,102.29,0.09,0.12,59.13,17.81,3242
Maxi Trusso,4550405.0,111,101.9,0.01,0.01,59.31,17.8,3243
The NGHBRS,14212411.0,139,102.04,0.04,0.03,59.25,17.8,3244
Stan,4409950.833333333,149,101.97,0.01,0.04,59.28,17.8,3245
Malik Montana,142904347.7333334,1217,105.04,0.44,0.87,57.88,17.8,3246
Azteca,14700238.016666666,1198,103.88,0.04,0.85,58.41,17.79,3247
Mile Kitic,383392.0,112,101.92,0.0,0.01,59.3,17.79,3248
Moscow,2491864.0416666665,162,102.07,0.01,0.05,59.23,17.79,3249
Conor Maynard,146329371.00000003,2104,106.67,0.45,1.56,57.13,17.79,3250
Kristen Bell,7459775.599999999,127,102.02,0.02,0.02,59.25,17.79,3251
Rachel Platten,215112663.0,1503,106.21,0.66,1.09,57.34,17.79,3252
Baby Rasta,247943094.47777802,2413,108.06,0.76,1.8,56.5,17.79,3253
Nuka,90982223.5,574,103.52,0.28,0.37,58.57,17.79,3254
Papatinho,67620889.38333333,226,102.77,0.21,0.1,58.91,17.79,3255
Dawin,219634386.66666666,1174,105.74,0.67,0.83,57.56,17.79,3256
Surf Curse,694704119.0,1410,110.45,2.12,1.02,55.41,17.78,3257
Mario Bautista,124784943.0,851,104.39,0.38,0.58,58.17,17.78,3258
NATTAN,161924111.5,171,103.58,0.49,0.06,58.54,17.78,3259
Silent Sanctuary,238162797.5,1027,105.74,0.73,0.72,57.56,17.78,3260
Xcho,6090792.5,192,102.18,0.02,0.07,59.18,17.78,3261
BROCKHAMPTON,321789130.3333334,555,105.63,0.98,0.35,57.61,17.78,3262
Manifiesto Urbano,343606.0,117,102.06,0.0,0.01,59.24,17.78,3263
Dessita,1950966.0999999996,454,102.65,0.01,0.28,58.97,17.78,3264
Fahed Bin Fasla,9741137.0,541,102.87,0.03,0.34,58.87,17.78,3265
SEKAI NO OWARI,112986757.0,445,103.65,0.34,0.27,58.51,17.77,3266
Helsloot,46875959.5,559,103.28,0.14,0.36,58.68,17.77,3267
Oscar,16061379.108333336,710,103.25,0.05,0.47,58.69,17.77,3268
Tinlicker,46875959.5,559,103.28,0.14,0.36,58.68,17.77,3269
Lorenzo Fragola,25529800.83333333,267,102.57,0.08,0.13,59.0,17.77,3270
A.R. Rahman,144889668.21666667,641,104.29,0.44,0.42,58.22,17.77,3271
Vu Cat Tuong,7651415.5,240,102.38,0.02,0.11,59.09,17.77,3272
Judika,120070042.5,324,103.52,0.37,0.17,58.57,17.77,3273
Sima,12133278.5,768,103.38,0.04,0.52,58.63,17.76,3274
ZieZie,52848996.0,200,102.81,0.16,0.08,58.89,17.76,3275
MC's Jhowzinho & Kadinho,109317335.33333333,193,103.24,0.33,0.07,58.7,17.76,3276
Nicole Millar,4513298.0,142,102.25,0.01,0.03,59.15,17.76,3277
9m88,10228046.0,315,102.57,0.03,0.17,59.0,17.76,3278
Mister You,13049374.08055555,291,102.64,0.04,0.15,58.97,17.75,3279
Hamo Bika,1725598.816666666,318,102.56,0.0,0.17,59.01,17.75,3280
Keişan,28266004.25,157,102.54,0.09,0.04,59.02,17.75,3281
Cauty,38893190.49999997,878,103.88,0.12,0.6,58.41,17.75,3282
Pavel Callta,2776036.5,149,102.32,0.01,0.04,59.12,17.75,3283
Maestro,8933477.394444445,394,102.79,0.03,0.23,58.9,17.75,3284
Dollypran,5862892.250000001,317,102.66,0.02,0.17,58.96,17.75,3285
Jan-Rapowanie,50737632.38214284,770,103.81,0.15,0.52,58.44,17.75,3286
MC Cabelinho,140117679.65324667,691,104.47,0.43,0.46,58.14,17.75,3287
DT.Bilardo,39844216.78571432,550,103.33,0.12,0.35,58.66,17.75,3288
iLLEOo,16861375.904761896,1136,104.15,0.05,0.81,58.28,17.75,3289
Nat King Cole,534174080.5,960,108.48,1.63,0.67,56.31,17.75,3290
Nouamane Belaiachi,1189475.3333333335,129,102.34,0.0,0.02,59.11,17.74,3291
Yung Nigo Drippin',1127757.1666666667,215,102.51,0.0,0.09,59.03,17.74,3292
JVKE,288958912.5,472,105.52,0.88,0.29,57.66,17.74,3293
JUSTHIS,660864.7261904761,111,102.29,0.0,0.01,59.13,17.74,3294
Lojay,4165420.1666666665,151,102.42,0.01,0.04,59.07,17.74,3295
Kunto Aji,73331201.5,208,103.12,0.22,0.08,58.75,17.74,3296
Kaaris,210018980.12500006,839,105.38,0.64,0.57,57.72,17.74,3297
Ir Sais,51232322.833333336,877,104.1,0.16,0.6,58.31,17.74,3298
梦然,15029951.0,189,102.61,0.05,0.07,58.99,17.74,3299
S-X,7873773.5,164,102.56,0.02,0.05,59.01,17.73,3300
Dizzee Rascal,8986678.166666662,106,102.46,0.03,0.0,59.05,17.73,3301
Season Five,12837652.833333336,319,102.81,0.04,0.17,58.89,17.73,3302
Nestor En Bloque,6641656.266666667,132,102.45,0.02,0.02,59.06,17.73,3303
Yuna,4394044.0,153,102.44,0.01,0.04,59.06,17.73,3304
Vanessa Hudgens,38079880.0,400,103.2,0.12,0.23,58.72,17.73,3305
Marko Glass,15155652.666666677,816,103.71,0.05,0.56,58.48,17.73,3306
TM,25662677.5,172,102.71,0.08,0.06,58.94,17.73,3307
Haha Crew,455260.3333333333,111,102.36,0.0,0.01,59.1,17.73,3308
Alligatoah,127986729.83333331,816,104.7,0.39,0.56,58.03,17.73,3309
Alessandra Amoroso,113362649.33333333,450,104.01,0.35,0.27,58.35,17.73,3310
James Reid,28453558.66666667,350,103.06,0.09,0.19,58.78,17.73,3311
Liis Lemsalu,1448556.9166666667,285,102.67,0.0,0.14,58.96,17.73,3312
Poke,44283233.483333305,350,103.17,0.13,0.19,58.73,17.73,3313
Leslie Shaw,7891033.5,138,102.46,0.02,0.03,59.05,17.73,3314
Juanfran,107227446.0,372,103.83,0.33,0.21,58.43,17.72,3315
RAP VIỆT,8869907.619047616,345,102.94,0.03,0.19,58.84,17.72,3316
Marteria,66293245.33333332,295,103.33,0.2,0.15,58.66,17.72,3317
DJ Totti,2250947.5,184,102.59,0.01,0.07,58.99,17.72,3318
Tedi Aleksandrova,1370590.4999999995,348,102.87,0.0,0.19,58.87,17.72,3319
Monita Tahalea,35243783.5,258,103.02,0.11,0.12,58.8,17.72,3320
Erika Sirola,93133856.5,769,104.4,0.28,0.52,58.17,17.72,3321
La Ross Maria,18408915.5,164,102.81,0.06,0.05,58.89,17.71,3322
HAVAL,31399574.916666664,258,103.05,0.1,0.12,58.79,17.71,3323
Cartoon,701977.8333333334,278,102.81,0.0,0.14,58.89,17.71,3324
Venerus,22458684.083333336,125,102.74,0.07,0.02,58.93,17.71,3325
Alx Veliz,15807070.0,256,102.89,0.05,0.12,58.86,17.71,3326
Dani M,64189968.53571433,521,103.81,0.2,0.33,58.44,17.71,3327
R.K.M & Ken-Y,24030165.799999975,780,103.85,0.07,0.53,58.42,17.71,3328
Julia Peng,3892900.0,124,102.56,0.01,0.02,59.01,17.71,3329
Purple Disco Machine,124200961.83333333,1142,105.42,0.38,0.81,57.7,17.71,3330
Craig David,71391413.56666666,477,103.83,0.22,0.29,58.43,17.7,3331
Anas,844742.8333333334,160,102.68,0.0,0.05,58.95,17.7,3332
Karel Gott,5294943.333333333,206,102.79,0.02,0.08,58.9,17.7,3333
Ana Gabriela,70411615.5,155,103.26,0.21,0.04,58.69,17.7,3334
Ali B,44473007.33333334,468,103.64,0.14,0.29,58.52,17.7,3335
Vald,274448477.6428572,975,106.55,0.84,0.68,57.19,17.7,3336
Moliy,83763103.9166669,579,104.21,0.26,0.37,58.26,17.69,3337
HOMIES,2816635.5000000005,160,102.78,0.01,0.05,58.91,17.69,3338
Raste,3498024.6666666665,180,102.85,0.01,0.06,58.88,17.69,3339
Gentleman,35877800.33333331,283,103.3,0.11,0.14,58.67,17.69,3340
Mc Livinho,391118266.45555556,817,107.36,1.19,0.56,56.82,17.69,3341
Tay Keith,19807422.666666664,182,102.99,0.06,0.06,58.81,17.69,3342
Anselmo Ralph,1601968.5,139,102.71,0.0,0.03,58.94,17.69,3343
RubberBand,11181834.0,336,103.14,0.03,0.18,58.74,17.69,3344
MC Teteu,63933633.958333336,156,103.33,0.19,0.04,58.66,17.69,3345
Various Artists,401367107.5,1139,108.03,1.23,0.81,56.51,17.69,3346
Mitchell Ayres & His Orchestra,97665171.33333346,574,104.43,0.3,0.37,58.16,17.68,3347
The Fontane Sisters,97665171.33333346,574,104.43,0.3,0.37,58.16,17.68,3348
Sturla Atlas,2703082.1999999997,391,103.28,0.01,0.23,58.68,17.68,3349
Liran Danino,7421548.999999999,329,103.2,0.02,0.18,58.72,17.68,3350
Kosa,11222083.450000003,486,103.47,0.03,0.3,58.59,17.68,3351
MiyaGi & Endspiel,16068691.0,1264,104.82,0.05,0.9,57.98,17.68,3352
Yebba,65367427.33333333,372,103.75,0.2,0.21,58.47,17.68,3353
Szpaku,111917007.08888884,1202,105.59,0.34,0.86,57.63,17.68,3354
MC WM,231894521.66666666,528,105.59,0.71,0.33,57.63,17.67,3355
Ingrid Michaelson,10901497.5,126,102.94,0.03,0.02,58.84,17.67,3356
DIVINE,81797071.21666667,469,104.15,0.25,0.29,58.28,17.67,3357
PNL,802325635.9,3103,115.11,2.45,2.33,53.29,17.67,3358
Omar Varela,75249554.20000002,1006,104.97,0.23,0.7,57.91,17.67,3359
Yovie Widianto,35455401.66666667,254,103.34,0.11,0.12,58.65,17.67,3360
FSK SATELLITE,99373567.08333334,230,103.9,0.3,0.1,58.4,17.67,3361
ZUTOMAYO,102564308.5,346,104.15,0.31,0.19,58.28,17.67,3362
Midel,3290567.9190476183,109,102.82,0.01,0.01,58.89,17.67,3363
T.O.T,1748004.8833333328,168,102.89,0.0,0.05,58.86,17.67,3364
Naiara Azevedo,146482496.6666667,316,104.57,0.45,0.17,58.09,17.66,3365
Sun Diego,32583969.666666664,112,103.2,0.1,0.01,58.72,17.66,3366
BeTaf Beats,8444853.083333332,316,103.34,0.03,0.17,58.65,17.66,3367
Wankelmut,6758779.166666668,281,103.22,0.02,0.14,58.71,17.66,3368
Mangoo,6908969.5,189,103.08,0.02,0.07,58.77,17.66,3369
Soliaris,548827.8333333333,108,102.93,0.0,0.01,58.84,17.66,3370
Mohammed Saeed,6560111.0,271,103.27,0.02,0.13,58.68,17.65,3371
Joshi Mizu,35813157.483333334,326,103.67,0.11,0.18,58.5,17.65,3372
Oscu,47230003.99999999,365,103.84,0.14,0.21,58.42,17.65,3373
Raaban,76512965.83333348,1344,105.72,0.23,0.97,57.57,17.65,3374
Tomine Harket,65752934.16666669,1175,105.36,0.2,0.84,57.73,17.65,3375
YouNotUs,63698179.25,983,105.02,0.19,0.69,57.89,17.65,3376
Arcángel,56757614.733333334,318,103.82,0.17,0.17,58.43,17.65,3377
Ziv Zaifman,48270834.66666669,364,103.87,0.15,0.21,58.41,17.65,3378
Vanessa Paradis,24158358.5,120,103.2,0.07,0.02,58.72,17.65,3379
Jorja Smith,158518735.66666666,712,105.39,0.48,0.48,57.72,17.65,3380
Tokischa,28939106.41666666,453,103.87,0.09,0.27,58.41,17.64,3381
Niño de Elche,99521685.16666661,608,104.74,0.3,0.39,58.01,17.64,3382
Elisa,96317634.16666667,358,104.32,0.29,0.2,58.21,17.64,3383
Aymane Serhani,1270479.25,100,103.07,0.0,0.0,58.78,17.63,3384
Mc Gw,84626608.83333334,159,103.94,0.26,0.05,58.38,17.63,3385
Atomic Otro Way,23530019.5,223,103.52,0.07,0.1,58.57,17.63,3386
Marca MP,246973406.5,486,105.96,0.75,0.3,57.46,17.63,3387
Hande Yener,36260078.0,419,103.96,0.11,0.25,58.37,17.63,3388
Heikki Kuula,11306265.833333334,167,103.33,0.03,0.05,58.66,17.63,3389
Bembe Orquesta,19107837.5,190,103.45,0.06,0.07,58.6,17.63,3390
Terri B!,21642381.0,703,104.43,0.07,0.47,58.16,17.62,3391
JC Reyes,47728644.03571428,151,103.73,0.15,0.04,58.48,17.62,3392
Chano,21722292.0,326,103.76,0.07,0.18,58.46,17.62,3393
Eix,25830284.916666653,464,104.04,0.08,0.28,58.33,17.62,3394
Il Tre,93437617.33333334,201,104.17,0.28,0.08,58.27,17.62,3395
Alien Huang,9337878.833333334,125,103.3,0.03,0.02,58.67,17.62,3396
B.I,5062952.333333331,153,103.25,0.01,0.04,58.69,17.62,3397
Vale pain,29434061.075000003,181,103.55,0.09,0.06,58.56,17.62,3398
Danny,4936557.583333333,139,103.27,0.01,0.03,58.68,17.62,3399
Rahma Riad,5270607.0,232,103.43,0.02,0.1,58.61,17.62,3400
Dopebwoy,133551425.8500001,1027,105.97,0.41,0.72,57.45,17.62,3401
Küberünnak & Karmo,1423829.0,206,103.32,0.0,0.08,58.66,17.62,3402
BEAM,39971474.2,134,103.62,0.12,0.03,58.53,17.62,3403
Lennon Stella,191615032.4999999,2552,109.05,0.58,1.91,56.05,17.62,3404
The Boy Next Door,75417033.66666664,980,105.36,0.23,0.68,57.73,17.62,3405
Raffie Raff,984176.0,122,103.25,0.0,0.02,58.69,17.61,3406
もさを。,46806167.0,132,103.69,0.14,0.02,58.49,17.61,3407
mrld,64960613.0,118,103.82,0.2,0.01,58.43,17.61,3408
Amaarae,84016489.58333355,596,104.88,0.26,0.39,57.95,17.61,3409
Gemitaiz,359989074.1469698,1612,109.04,1.1,1.18,56.05,17.61,3410
Gaia,42338586.2857143,111,103.68,0.13,0.01,58.5,17.61,3411
MadMan,192747034.98030308,751,106.06,0.59,0.51,57.41,17.61,3412
LUNA,48725546.333333336,119,103.69,0.15,0.01,58.49,17.61,3413
Sachin-Jigar,70322458.68333331,545,104.59,0.21,0.35,58.08,17.61,3414
Merryn Jeann,46702659.0,664,104.64,0.14,0.44,58.06,17.61,3415
Konstantin,1105336.5,218,103.51,0.0,0.09,58.58,17.6,3416
Renne Dang,11415404.833333334,342,103.85,0.03,0.19,58.42,17.6,3417
Don Patricio,156957395.83333334,531,105.4,0.48,0.33,57.71,17.6,3418
Baby Keem,387081524.5,683,107.72,1.18,0.45,56.66,17.6,3419
Defkhan,5610632.636080584,154,103.48,0.02,0.04,58.59,17.6,3420
Claydee,1896798.5,109,103.38,0.01,0.01,58.63,17.6,3421
Dagny,71533347.5,709,104.97,0.22,0.47,57.91,17.6,3422
Xriz,11580167.333333334,133,103.49,0.03,0.03,58.58,17.6,3423
Wonstein,7906159.666666666,160,103.5,0.02,0.05,58.58,17.6,3424
Jaira Burns,13815352.000000007,336,103.86,0.04,0.18,58.42,17.6,3425
Ángela Aguilar,105641599.75,846,105.57,0.32,0.58,57.64,17.59,3426
ansis,1702119.1666666665,329,103.8,0.0,0.18,58.44,17.59,3427
Usher,223147321.25000015,2854,110.06,0.68,2.14,55.59,17.59,3428
Benji & Fede,144060831.5,404,105.21,0.44,0.24,57.8,17.59,3429
Trippie Redd,1624588558.9166672,3784,124.14,4.96,2.86,49.17,17.59,3430
Shawn Hook,104929841.0,935,105.78,0.32,0.65,57.54,17.59,3431
Isaiah Firebrace,150209064.0,749,105.84,0.46,0.5,57.51,17.59,3432
Hornet La Frappe,196181404.3511905,831,106.38,0.6,0.57,57.27,17.59,3433
NGEE,42656710.16666667,138,103.82,0.13,0.03,58.43,17.59,3434
Banda MS de Sergio Lizárraga,1038294120.0,5235,121.48,3.17,3.99,50.38,17.58,3435
León Larregui,417509647.0,718,108.22,1.27,0.48,56.43,17.58,3436
Jamaika,33460769.333333332,423,104.34,0.1,0.25,58.2,17.58,3437
Polycat,75483896.5,1000,105.7,0.23,0.7,57.58,17.58,3438
Neeti Mohan,63294345.33333333,314,104.39,0.19,0.17,58.17,17.58,3439
Eypio,46628082.49999999,370,104.39,0.14,0.21,58.17,17.57,3440
NSTASIA,68449980.5,186,104.31,0.21,0.07,58.21,17.57,3441
Walshy Fire,18411595.999999996,136,103.78,0.06,0.03,58.45,17.57,3442
Beatrich,977856.0,163,103.6,0.0,0.05,58.53,17.57,3443
Bibič,17765032.65,190,103.84,0.05,0.07,58.42,17.57,3444
Tulus,761751168.6666665,2025,113.61,2.33,1.5,53.97,17.57,3445
Kraantje Pappie,119727495.41666663,786,105.81,0.37,0.53,57.53,17.57,3446
J.Sheon,15322252.5,256,103.96,0.05,0.12,58.37,17.57,3447
Kaija Koo,27175802.75,380,104.32,0.08,0.22,58.21,17.56,3448
Nelly,103938527.58333334,888,105.91,0.32,0.61,57.48,17.56,3449
Massimo Pericolo,110244918.9499999,513,105.3,0.34,0.32,57.76,17.56,3450
Lidia,1912717.1000000022,501,104.3,0.01,0.31,58.22,17.56,3451
Apulanta,19720612.5,259,104.04,0.06,0.12,58.33,17.56,3452
Ahmed Kamel,8887094.166666668,494,104.37,0.03,0.31,58.18,17.56,3453
Simon la Letra,25421781.166666664,216,104.0,0.08,0.09,58.35,17.56,3454
Tz da Coronel,36497407.04015152,123,103.94,0.11,0.02,58.38,17.56,3455
Birgir Hákon,1043161.3500000001,157,103.76,0.0,0.04,58.46,17.55,3456
Norlie & KKV,142985128.0,584,105.81,0.44,0.38,57.53,17.55,3457
Don Stefano,5910033.277777778,121,103.81,0.02,0.02,58.44,17.55,3458
Night Skinny,63896623.13333331,373,104.67,0.19,0.21,58.05,17.55,3459
Mr.Children,85053184.0,557,105.26,0.26,0.36,57.78,17.55,3460
Phan Mạnh Quỳnh,5672736.0,133,103.83,0.02,0.03,58.43,17.55,3461
Eva Simons,14255037.5,367,104.22,0.04,0.21,58.25,17.55,3462
Em Beihold,192152405.5,326,105.8,0.59,0.18,57.53,17.55,3463
Maxwell,191798894.15000007,2003,108.67,0.59,1.48,56.22,17.55,3464
Bonny Lovy,7844536.5,485,104.43,0.02,0.3,58.16,17.55,3465
La Húngara,93336684.99999996,583,105.3,0.28,0.38,57.76,17.55,3466
Chef'Special,61923179.0,253,104.48,0.19,0.12,58.13,17.55,3467
Au/Ra,83112832.99999997,1352,106.55,0.25,0.97,57.19,17.55,3468
MAJAN,23037176.749999996,119,103.97,0.07,0.01,58.37,17.54,3469
Alex Aiono,36792665.83333332,729,105.12,0.11,0.49,57.84,17.54,3470
Bolémvn,43476942.0,200,104.33,0.13,0.08,58.2,17.54,3471
Uniikki,6160444.266666666,205,103.95,0.02,0.08,58.37,17.54,3472
MYKKA,9718421.0,369,104.33,0.03,0.21,58.2,17.54,3473
Monkeyneck,1058063.1999999997,181,103.91,0.0,0.06,58.39,17.54,3474
Hugh Jackman,194151521.33333367,1506,107.88,0.59,1.09,56.58,17.54,3475
Nathan Dawe,78213614.91666669,614,105.31,0.24,0.4,57.75,17.54,3476
San Holo,66024006.5,317,104.81,0.2,0.17,57.98,17.53,3477
Cem Adrian,66675566.599999994,429,104.99,0.2,0.26,57.9,17.53,3478
Whitney Houston,444341725.0,2549,111.99,1.36,1.9,54.71,17.53,3479
Franglish,49872061.03333333,262,104.55,0.15,0.13,58.1,17.53,3480
Good Times Ahead,60979699.83333332,685,105.38,0.19,0.45,57.72,17.53,3481
LP,163075611.5,1292,107.3,0.5,0.93,56.85,17.53,3482
Mula B,140274624.4333335,882,106.39,0.43,0.61,57.26,17.53,3483
Carmon,28499348.666666664,424,104.66,0.09,0.25,58.05,17.53,3484
Rasmus Gozzi,22002705.83333334,156,104.15,0.07,0.04,58.28,17.52,3485
Bvcovia,8814881.333333328,581,104.81,0.03,0.37,57.98,17.52,3486
LEX,25139005.999999996,755,105.25,0.08,0.51,57.78,17.52,3487
Sigrid,82466994.5,438,105.2,0.25,0.26,57.8,17.52,3488
Leo Ku,12824208.5,505,104.71,0.04,0.31,58.03,17.52,3489
Sensato,11888659.833333334,750,105.12,0.04,0.51,57.84,17.52,3490
Greeicy,225897964.5833332,4558,113.6,0.69,3.46,53.97,17.51,3491
Diho,19597832.0,204,104.31,0.06,0.08,58.21,17.51,3492
Linton,28743269.0,132,104.3,0.09,0.02,58.22,17.51,3493
Blanco Brown,210121291.0,303,106.17,0.64,0.16,57.36,17.51,3494
Michael Jackson,313298114.0,1587,109.36,0.96,1.16,55.91,17.51,3495
Katy B,9210779.749999998,128,104.14,0.03,0.02,58.29,17.51,3496
Conkarah,46016477.33333335,327,104.76,0.14,0.18,58.01,17.51,3497
Benjamin Ingrosso,165880742.5,858,106.77,0.51,0.59,57.09,17.51,3498
Cande Buasso,5905036.0,191,104.16,0.02,0.07,58.28,17.51,3499
MK,87813759.16666667,594,105.68,0.27,0.38,57.59,17.5,3500
Vigiland,253840736.0,1733,109.09,0.77,1.27,56.03,17.5,3501
blago white,8056490.633333334,278,104.44,0.02,0.14,58.15,17.5,3502
Clueso,61930954.833333336,247,104.84,0.19,0.11,57.97,17.5,3503
Demet Akalın,31816766.0,427,104.85,0.1,0.25,57.96,17.5,3504
The Game,54785228.916666664,506,105.2,0.17,0.32,57.8,17.5,3505
Linnea Henriksson,27589205.214285716,141,104.43,0.08,0.03,58.16,17.49,3506
Dodo,497891.5,112,104.16,0.0,0.01,58.28,17.49,3507
NILETTO,9100306.5,310,104.53,0.03,0.16,58.11,17.49,3508
Jona Lewie,36328713.0,104,104.42,0.11,0.0,58.16,17.49,3509
Møme,47101335.333333336,673,105.53,0.14,0.45,57.65,17.49,3510
Samu Haber,16756051.66666666,239,104.52,0.05,0.11,58.11,17.49,3511
C-BooL,9063905.0,147,104.34,0.03,0.04,58.2,17.48,3512
Lomepal,355930157.6666666,1139,109.17,1.09,0.81,55.99,17.48,3513
Deezy,2798936.4999999995,111,104.26,0.01,0.01,58.23,17.48,3514
Vianney,68803850.375,378,105.3,0.21,0.22,57.76,17.48,3515
Tabitha,101823121.66666663,644,106.05,0.31,0.42,57.42,17.48,3516
Thug Slime,33611907.783333324,824,105.72,0.1,0.56,57.57,17.48,3517
NSG,63185079.5,182,104.86,0.19,0.06,57.96,17.48,3518
Veronica Maggio,243239687.5,1135,108.11,0.74,0.8,56.48,17.48,3519
Bryn Christopher,71931276.50000001,678,105.84,0.22,0.45,57.51,17.48,3520
Vedo,136869091.0,245,105.66,0.42,0.11,57.59,17.48,3521
Preslava,6246193.0,817,105.5,0.02,0.56,57.67,17.48,3522
Carola,50112466.0,242,104.92,0.15,0.11,57.93,17.47,3523
ROCKET,53458693.16666667,735,105.83,0.16,0.49,57.52,17.47,3524
Sonny Alven,7769946.0,112,104.37,0.02,0.01,58.18,17.47,3525
OIK,55713432.33333336,121,104.82,0.17,0.02,57.98,17.47,3526
Sagopa Kajmer,145744693.5,735,106.61,0.44,0.49,57.16,17.47,3527
BIN,64009284.4,270,105.07,0.19,0.13,57.86,17.47,3528
LAGOS,73231938.0,278,105.23,0.22,0.14,57.79,17.47,3529
Death Stranding: Timefall,18891124.083333336,243,104.65,0.06,0.11,58.06,17.47,3530
Sheryl Sheinafia,7121351.333333334,105,104.41,0.02,0.0,58.16,17.46,3531
Clara,19879276.944444444,247,104.76,0.06,0.11,58.01,17.46,3532
GAYAZOV$ BROTHER$,16094944.0,262,104.74,0.05,0.13,58.01,17.46,3533
Noyz Narcos,47656267.49696968,245,104.96,0.14,0.11,57.91,17.46,3534
Natanael Cano,608288993.3333334,730,110.92,1.86,0.49,55.2,17.45,3535
Kollegah,204869416.66666672,973,107.73,0.63,0.68,56.65,17.45,3536
R-chord,11694639.5,460,105.13,0.04,0.28,57.84,17.45,3537
Netsky,10054270.166666668,447,105.06,0.03,0.27,57.87,17.45,3538
Diana Wang,4581176.333333334,190,104.59,0.01,0.07,58.08,17.45,3539
Poju,21487991.833333332,326,105.0,0.06,0.18,57.9,17.45,3540
Pezet,43673507.849999994,328,105.28,0.13,0.18,57.77,17.44,3541
Saul,7338278.249999996,495,105.2,0.02,0.31,57.8,17.44,3542
CÉLINE,93089646.16666666,203,105.48,0.28,0.08,57.68,17.44,3543
Vidas Bareikis,618529.9166666667,133,104.54,0.0,0.03,58.11,17.44,3544
Michael Pangilinan,81957133.0,304,105.59,0.25,0.16,57.63,17.44,3545
Ingebjørg Bratland,13063047.366666667,138,104.66,0.04,0.03,58.05,17.44,3546
DJ Project,2369570.0,209,104.75,0.01,0.08,58.01,17.43,3547
Mae Muller,141440121.66666684,632,106.7,0.43,0.41,57.12,17.43,3548
Ivete Sangalo,49183644.833333336,141,105.07,0.15,0.03,57.86,17.43,3549
KALUMA,16187174.250000006,124,104.81,0.05,0.02,57.98,17.42,3550
Bas,59401062.61666668,210,105.39,0.18,0.09,57.72,17.42,3551
Cherrie,21498950.283333335,158,104.94,0.07,0.05,57.92,17.42,3552
RAVVEL,13957236.0,166,104.86,0.04,0.05,57.96,17.42,3553
D.A.M.A,12985582.0,738,105.86,0.04,0.5,57.5,17.42,3554
Jamby El Favo,26092653.24999999,474,105.5,0.08,0.29,57.67,17.42,3555
Nico Santos,154077477.09649128,923,107.39,0.47,0.64,56.81,17.42,3556
Kerli,5026933.5,161,104.8,0.01,0.05,57.99,17.42,3557
Pablo Alborán,428331357.2450978,3300,113.96,1.31,2.49,53.81,17.41,3558
Ngọt,13852009.5,363,105.28,0.04,0.2,57.77,17.41,3559
Banx & Ranx,40259424.83333334,336,105.45,0.12,0.18,57.69,17.41,3560
Lau Jr,4016340.7666666675,121,104.8,0.01,0.02,57.99,17.41,3561
Marso,837865.4999999995,213,104.94,0.0,0.09,57.92,17.4,3562
Canozan,58567368.33333333,181,105.45,0.18,0.06,57.69,17.4,3563
Antara Mitra,19752532.185897443,216,105.14,0.06,0.09,57.83,17.4,3564
Ricky Rich,78212919.25714284,734,106.57,0.24,0.49,57.18,17.4,3565
Guy2bezbar,38146461.93333332,217,105.33,0.12,0.09,57.75,17.4,3566
T-Rex,21967856.999999996,440,105.61,0.07,0.26,57.62,17.39,3567
Desi Slava,890424.5,103,104.82,0.0,0.0,57.98,17.39,3568
Papi Hans,2185024.5,291,105.24,0.01,0.15,57.79,17.39,3569
Diandra,9796391.0,175,105.06,0.03,0.06,57.87,17.39,3570
MKDMSK,25063627.0,373,105.57,0.08,0.21,57.64,17.39,3571
MHD,146712721.53333333,902,107.54,0.45,0.62,56.74,17.39,3572
Gibbs,77098088.84523809,612,106.42,0.23,0.4,57.25,17.39,3573
Bing Crosby,396661496.9999997,1412,110.65,1.21,1.02,55.32,17.39,3574
Vince Guaraldi Trio,98197855.0,117,105.75,0.3,0.01,57.55,17.39,3575
Bedroom Audio,6458424.0,107,104.91,0.02,0.01,57.94,17.39,3576
Mr. Vegas,11217524.083333334,157,104.99,0.03,0.04,57.9,17.39,3577
Fredo,132978419.4166667,455,106.68,0.41,0.28,57.13,17.39,3578
Tina Turner,47192767.5,325,105.71,0.14,0.17,57.57,17.38,3579
Guru Randhawa,74136279.26666665,565,106.4,0.23,0.36,57.26,17.38,3580
Ceky Viciny,29077102.733333334,349,105.6,0.09,0.19,57.62,17.38,3581
niteboi,23196801.0,210,105.35,0.07,0.09,57.74,17.38,3582
Bobkata,369780.1666666668,115,104.91,0.0,0.01,57.94,17.38,3583
Kelli-Leigh,22413502.5,155,105.19,0.07,0.04,57.81,17.38,3584
ENHYPEN,162375506.5,708,107.48,0.5,0.47,56.77,17.37,3585
Seven Kayne,39153739.55000001,434,105.93,0.12,0.26,57.47,17.37,3586
John Roa,55248657.06428572,191,105.63,0.17,0.07,57.61,17.37,3587
Snow Tha Product,35772084.0,155,105.44,0.11,0.04,57.7,17.37,3588
Earth,24164759.0,565,106.01,0.07,0.36,57.44,17.37,3589
Virgul,8086520.333333333,214,105.23,0.02,0.09,57.79,17.37,3590
Sebastian Ingrosso,64555317.3333333,1494,107.98,0.2,1.08,56.54,17.37,3591
Ngọc Linh,1808387.0,125,105.02,0.0,0.02,57.89,17.37,3592
POCAH,129669422.7424243,242,106.41,0.4,0.11,57.25,17.37,3593
Danny Romero,67446229.1,512,106.3,0.21,0.32,57.3,17.37,3594
Citybois,59150416.49999999,634,106.42,0.18,0.42,57.25,17.37,3595
Ha Anh Tuan,9304577.0,149,105.28,0.03,0.04,57.77,17.36,3596
El Futuro Fuera De Orbita,21258314.316666663,167,105.34,0.06,0.05,57.74,17.36,3597
Feder,50735256.666666664,844,106.77,0.15,0.58,57.09,17.36,3598
Samuli Edelmann,3428541.9999999995,119,105.11,0.01,0.01,57.85,17.36,3599
Sean Kingston,20677540.666666683,137,105.28,0.06,0.03,57.77,17.36,3600
Luchè,242630879.08333334,751,108.35,0.74,0.51,56.37,17.36,3601
AstralKid22,1476860.1666666665,122,105.07,0.0,0.02,57.86,17.36,3602
Måns Zelmerlöw,118389006.0,695,107.11,0.36,0.46,56.93,17.36,3603
Dylan Conrique,20393130.0,118,105.28,0.06,0.01,57.77,17.36,3604
L7NNON,258061777.0207071,685,108.44,0.79,0.45,56.33,17.35,3605
Zachi,22355553.955555554,183,105.48,0.07,0.06,57.68,17.35,3606
Plan B,277084739.99999976,4364,114.91,0.85,3.31,53.38,17.35,3607
Anna Puu,21362861.5,286,105.65,0.06,0.14,57.6,17.35,3608
Neev,48918627.0,611,106.44,0.15,0.4,57.24,17.35,3609
Nick Waterhouse,25059359.0,356,105.84,0.08,0.2,57.51,17.35,3610
Gyza,676602.3333333335,150,105.21,0.0,0.04,57.8,17.35,3611
Drago200,16584919.84848485,138,105.32,0.05,0.03,57.75,17.35,3612
Zacari,376544698.0,852,109.8,1.15,0.58,55.71,17.35,3613
M.I.A.,34828410.58333336,412,106.05,0.11,0.24,57.42,17.34,3614
Javiielo,44202055.40238095,341,105.98,0.13,0.19,57.45,17.34,3615
Kontra K,452303396.49999976,1498,111.66,1.38,1.09,54.86,17.34,3616
BANKS,24919959.166666664,425,106.01,0.08,0.25,57.44,17.34,3617
Travis Barker,150923641.53333327,788,107.73,0.46,0.53,56.65,17.34,3618
Maffio,37103949.66666667,549,106.32,0.11,0.35,57.29,17.34,3619
Ilian,593500.6666666666,131,105.28,0.0,0.02,57.77,17.34,3620
Noah Carter,10930212.0,137,105.39,0.03,0.03,57.72,17.34,3621
Lijpe,213234855.9547619,1289,109.15,0.65,0.92,56.0,17.34,3622
ToNick,9265093.5,309,105.64,0.03,0.16,57.6,17.34,3623
Anouk,11494287.5,119,105.29,0.03,0.01,57.76,17.34,3624
Zola,224842659.6666667,763,108.48,0.69,0.52,56.31,17.33,3625
Skepta,394529955.56666654,3026,113.73,1.2,2.27,53.91,17.33,3626
Janieck,47332672.91666667,486,106.33,0.14,0.3,57.29,17.33,3627
Armada,67254059.0,338,106.26,0.2,0.18,57.32,17.33,3628
Jay Maly,793621.9999999999,120,105.32,0.0,0.02,57.75,17.33,3629
Qlas & Blacka,37408331.416666664,224,105.8,0.11,0.1,57.53,17.33,3630
Stunna Gambino,27579817.000000004,140,105.66,0.08,0.03,57.59,17.32,3631
Yera,36610435.46666667,974,107.15,0.11,0.68,56.92,17.32,3632
Koffee,12670726.666666666,170,105.68,0.04,0.05,57.59,17.31,3633
Grupo Los de la O,134489541.0,124,106.67,0.41,0.02,57.13,17.31,3634
Rauf & Faik,32114246.5,509,106.4,0.1,0.32,57.26,17.31,3635
Danna Paola,549105966.8333333,2774,114.88,1.68,2.08,53.39,17.31,3636
Lucho SSJ,7730020.933333335,189,105.7,0.02,0.07,57.58,17.3,3637
Smiley,31529180.0,198,105.99,0.1,0.08,57.44,17.3,3638
gyuris,2918428.583333333,103,105.57,0.01,0.0,57.64,17.3,3639
Leon Machère,19322022.66666667,139,105.71,0.06,0.03,57.57,17.3,3640
Bárbara Bandeira,6916909.333333333,187,105.73,0.02,0.07,57.56,17.3,3641
BARBEL,3927146.999999999,294,105.84,0.01,0.15,57.51,17.3,3642
Vesa-Matti Loiri,7678874.5,108,105.57,0.02,0.01,57.64,17.3,3643
Jandro,21861171.433333337,277,106.03,0.07,0.14,57.43,17.3,3644
Madison Beer,372747963.2500001,1935,111.99,1.14,1.43,54.71,17.3,3645
Alex Mattson,9558972.666666668,147,105.76,0.03,0.04,57.55,17.29,3646
Mae Stephens,83619615.0,128,106.33,0.25,0.02,57.29,17.29,3647
Alle Farben,132420088.99999994,1576,109.29,0.4,1.15,55.94,17.29,3648
9lokknine,179854637.0,437,107.73,0.55,0.26,56.65,17.29,3649
Virzha,42508521.0,152,106.06,0.13,0.04,57.41,17.29,3650
Linch,17116534.25,135,105.76,0.05,0.03,57.55,17.29,3651
Juno,11488110.683333334,316,106.0,0.03,0.17,57.44,17.29,3652
Projector Band,7129300.0,161,105.72,0.02,0.05,57.57,17.29,3653
Kaye Cal,43257822.0,149,106.05,0.13,0.04,57.42,17.29,3654
Broiler,142846352.08333334,1644,109.47,0.44,1.2,55.86,17.29,3655
Whal & Dolph,37514831.5,482,106.59,0.11,0.3,57.17,17.29,3656
JEEMBO,6662344.5,108,105.75,0.02,0.01,57.55,17.28,3657
Adekunle Gold,4813352.0,205,105.86,0.01,0.08,57.5,17.28,3658
Tim Bendzko,34487280.5,102,105.97,0.1,0.0,57.45,17.28,3659
Perry Como,112719255.33333346,621,107.55,0.34,0.4,56.73,17.28,3660
Meet Bros.,15407038.666666672,162,105.9,0.05,0.05,57.49,17.28,3661
Gow Tribe,20963942.750000015,122,105.93,0.06,0.02,57.47,17.27,3662
Josefine Götestam,12972710.0,128,105.92,0.04,0.02,57.48,17.27,3663
LX,97524373.9,808,107.83,0.3,0.55,56.61,17.27,3664
Marz23,7375096.5,123,105.84,0.02,0.02,57.51,17.27,3665
Humlan Djojj,12972710.0,128,105.92,0.04,0.02,57.48,17.27,3666
Delara,18526233.583333332,119,105.95,0.06,0.01,57.46,17.27,3667
Lorenzo,138618084.5,416,107.49,0.42,0.25,56.76,17.27,3668
Murat Dalkılıç,16973049.0,257,106.17,0.05,0.12,57.36,17.26,3669
Vigro Deep,1201219.1666666665,118,105.81,0.0,0.01,57.53,17.26,3670
RealestK,62099222.0,140,106.44,0.19,0.03,57.24,17.26,3671
Hight,29366057.33333332,573,106.9,0.09,0.37,57.03,17.26,3672
Eason Chan,78244009.0,2847,111.16,0.24,2.13,55.09,17.26,3673
Ringnes-Ronny,104684439.33333325,787,107.9,0.32,0.53,56.57,17.26,3674
Poo Bear,86038059.33333334,726,107.61,0.26,0.49,56.71,17.26,3675
Biên,2955470.916666667,176,105.98,0.01,0.06,57.45,17.26,3676
Girls' Generation,18799880.0,178,106.13,0.06,0.06,57.38,17.26,3677
TIPPA,31597487.142857146,461,106.67,0.1,0.28,57.13,17.26,3678
Nekfeu,451072141.8923077,2472,113.87,1.38,1.84,53.85,17.26,3679
Lali,67420286.80000001,1042,108.1,0.21,0.73,56.48,17.25,3680
2K,12360846.633333335,245,106.24,0.04,0.11,57.33,17.25,3681
Nico D,7827506.0,101,105.95,0.02,0.0,57.46,17.25,3682
Lenin Ramírez,181170128.3333333,748,108.62,0.55,0.5,56.25,17.25,3683
EMIL TRF,1428040.4404761905,282,106.17,0.0,0.14,57.36,17.25,3684
Dani Gambino,22188069.166666675,703,107.13,0.07,0.47,56.92,17.25,3685
El Mayor Clasico,1816713.388888889,353,106.33,0.0,0.2,57.29,17.25,3686
Donny Montell,957664.0,139,105.97,0.0,0.03,57.45,17.24,3687
Úlfur Úlfur,2214121.416666667,622,106.87,0.01,0.41,57.04,17.24,3688
Elle King,189467098.1666667,1004,109.14,0.58,0.7,56.01,17.24,3689
Nassi,927804.1666666667,112,106.0,0.0,0.01,57.44,17.24,3690
Bulova,2844565.4444444436,275,106.24,0.01,0.14,57.33,17.24,3691
Vegas Jones,121709846.49999997,389,107.48,0.37,0.22,56.77,17.24,3692
The La Planta,33660104.65833333,879,107.56,0.1,0.61,56.73,17.24,3693
Avril Lavigne,47862923.5,361,106.8,0.15,0.2,57.08,17.24,3694
Essam Sasa,17256353.5,686,107.16,0.05,0.46,56.91,17.23,3695
Mister V,78681391.16666666,319,107.07,0.24,0.17,56.95,17.23,3696
Thomas Stenström,106541520.0,486,107.61,0.32,0.3,56.71,17.23,3697
Wilbur Soot,17348066.0,118,106.21,0.05,0.01,57.34,17.23,3698
ORANGE RANGE,8554533.0,120,106.16,0.03,0.02,57.37,17.23,3699
Mouhous,18826627.0,278,106.45,0.06,0.14,57.23,17.23,3700
Kordhell,138208490.66666666,669,108.19,0.42,0.44,56.44,17.23,3701
Capital T,13534055.899999999,102,106.13,0.04,0.0,57.38,17.23,3702
Labello,6584266.5,291,106.37,0.02,0.15,57.27,17.23,3703
Perdenin Ardındakiler,150391498.0,515,108.13,0.46,0.32,56.47,17.22,3704
Lamix,17286127.0,165,106.38,0.05,0.05,57.27,17.22,3705
Lula,7327883.5,165,106.27,0.02,0.05,57.32,17.22,3706
Di Propósito,132569368.3333333,227,107.47,0.4,0.1,56.77,17.22,3707
Karen,13890914.833333334,155,106.3,0.04,0.04,57.3,17.22,3708
Vesku Jokinen,8895280.5,201,106.36,0.03,0.08,57.28,17.22,3709
Soufiane Eddyani,23192168.404761907,159,106.48,0.07,0.05,57.22,17.21,3710
Fito Blanko,4523585.666666668,120,106.23,0.01,0.02,57.34,17.21,3711
Dolu Kadehi Ters Tut,210628638.3333333,794,109.23,0.64,0.54,55.97,17.21,3712
DJ Oku Luukkainen,6379869.63095238,234,106.42,0.02,0.1,57.25,17.21,3713
Rich The Kid,887962494.6499996,1854,117.07,2.71,1.36,52.39,17.21,3714
Pablo Chill-E,128046475.3770563,1050,108.95,0.39,0.74,56.09,17.21,3715
INTERWORLD,3125584.0,140,106.26,0.01,0.03,57.32,17.21,3716
Miami Yacine,169712854.7,687,108.78,0.52,0.46,56.17,17.2,3717
Bhavi,35092462.8357143,574,107.37,0.11,0.37,56.82,17.2,3718
YUNGBLUD,69578788.00000007,694,107.87,0.21,0.46,56.59,17.2,3719
Hungria Hip Hop,232498915.6666667,279,108.59,0.71,0.14,56.26,17.2,3720
Vula,51323762.99999996,566,107.48,0.16,0.36,56.77,17.2,3721
Horacio Palencia,39484234.0,588,107.48,0.12,0.38,56.77,17.19,3722
Trettmann,85670532.63333336,697,108.06,0.26,0.46,56.5,17.19,3723
Madden,61713791.0,601,107.69,0.19,0.39,56.67,17.19,3724
Higher Brothers,6743464.0666666655,183,106.52,0.02,0.06,57.2,17.19,3725
Swarmz,36687305.13333334,311,106.95,0.11,0.16,57.01,17.19,3726
DigDat,35431509.166666664,118,106.73,0.11,0.01,57.11,17.18,3727
Mc Lele JP,51969829.8167558,156,106.92,0.16,0.04,57.02,17.18,3728
Timal,144324990.6666666,534,108.38,0.44,0.34,56.35,17.18,3729
Ferrugem,308040435.4102565,457,109.77,0.94,0.28,55.72,17.18,3730
Matías Valdez,14570305.833333332,595,107.33,0.04,0.38,56.83,17.18,3731
RK,185025828.68333334,577,108.83,0.56,0.37,56.15,17.18,3732
Drew Sycamore,10980013.0,111,106.45,0.03,0.01,57.23,17.18,3733
FÄIS,58771079.5,414,107.44,0.18,0.24,56.78,17.18,3734
Pavell & Venci Venc',439776.5,178,106.52,0.0,0.06,57.2,17.18,3735
Orange,9497876.516666666,275,106.82,0.03,0.14,57.07,17.17,3736
Hale,189819790.0,688,109.17,0.58,0.46,55.99,17.17,3737
Henry Mendez,12390962.75,127,106.6,0.04,0.02,57.17,17.17,3738
SDM,100239477.66666667,321,107.74,0.31,0.17,56.65,17.17,3739
Jackson Wang,5563794.9,142,106.62,0.02,0.03,57.16,17.17,3740
Nuca,29085377.0,127,106.8,0.09,0.02,57.08,17.17,3741
PRO8L3M,101311612.70833333,708,108.39,0.31,0.47,56.35,17.17,3742
Noah Kahan,138015574.5,234,107.88,0.42,0.1,56.58,17.17,3743
AMI,1217325.0,104,106.45,0.0,0.0,57.23,17.17,3744
VillaBanks,49927642.28333334,271,107.18,0.15,0.13,56.9,17.17,3745
Flipp Dinero,504193837.0,615,111.91,1.54,0.4,54.74,17.16,3746
LIL MORTY,9341704.5,133,106.68,0.03,0.03,57.13,17.16,3747
Famous Dex,484122722.5833334,960,112.29,1.48,0.67,54.57,17.16,3748
Crazy Design,1199599.8333333335,105,106.54,0.0,0.0,57.19,17.16,3749
Vidar Villa,39607164.0,293,107.18,0.12,0.15,56.9,17.16,3750
Bryan Mg,36149088.16666666,326,107.27,0.11,0.18,56.86,17.16,3751
Ceza,126775314.90476191,679,108.68,0.39,0.45,56.22,17.16,3752
ISSAM,3485851.5,196,106.82,0.01,0.07,57.07,17.15,3753
HEDEGAARD,39903020.99999999,558,107.75,0.12,0.36,56.64,17.15,3754
Ewa Farna,3926928.7380952383,211,106.84,0.01,0.09,57.06,17.15,3755
Saudi,37040588.74999998,192,107.07,0.11,0.07,56.95,17.15,3756
Fourtwnty,182929949.0,809,109.41,0.56,0.55,55.88,17.15,3757
Good Band,10020540.0,125,106.72,0.03,0.02,57.11,17.15,3758
Stard Ova,25379544.500000007,168,106.95,0.08,0.05,57.01,17.15,3759
Elias,38532237.666666664,123,107.0,0.12,0.02,56.98,17.15,3760
Cravata,3277239.5,217,106.88,0.01,0.09,57.04,17.14,3761
Kwabs,63049755.5,494,107.88,0.19,0.31,56.58,17.14,3762
Maki,21157526.666666664,118,106.86,0.06,0.01,57.05,17.14,3763
Friðrik Dór,10310587.219298244,1594,109.33,0.03,1.16,55.92,17.14,3764
DJ Premier,8683271.0,109,106.86,0.03,0.01,57.05,17.13,3765
Jeeiph,65437883.56666666,472,107.98,0.2,0.29,56.54,17.13,3766
Matt Simons,121474788.50000004,1448,110.14,0.37,1.05,55.55,17.13,3767
Shooter Gang,10466684.5,135,106.92,0.03,0.03,57.02,17.13,3768
Amel Bent,21366069.0,122,106.98,0.06,0.02,56.99,17.13,3769
DIVOKEJ BILL,14504924.57142857,493,107.52,0.04,0.31,56.75,17.13,3770
C.R.O,44843229.716666654,702,108.2,0.14,0.47,56.44,17.13,3771
Moonstar88,69376736.0,319,107.81,0.21,0.17,56.61,17.12,3772
Pornofilmy,17549280.0,187,107.1,0.05,0.07,56.94,17.12,3773
Dato' Sri Siti Nurhaliza,14255543.0,260,107.22,0.04,0.12,56.88,17.12,3774
Anys,3111184.5,275,107.15,0.01,0.14,56.92,17.12,3775
Dewain Whitmore,4392389.999999997,100,106.83,0.01,0.0,57.06,17.12,3776
PUBLIC,134384609.0,208,108.22,0.41,0.08,56.43,17.12,3777
K/DA,18444136.300000004,484,107.62,0.06,0.3,56.7,17.12,3778
Kelsea Ballerini,255461651.5,1425,111.34,0.78,1.03,55.0,17.12,3779
Abdeelgha4,1798833.0,121,106.9,0.0,0.02,57.03,17.12,3780
Bulin 47,3038830.9166666665,292,107.17,0.01,0.15,56.91,17.12,3781
Ala Jaza,1696672.5,120,106.97,0.0,0.02,57.0,17.11,3782
Beginner,20760682.333333332,154,107.13,0.06,0.04,56.92,17.11,3783
Gedz,43529612.47222221,342,107.79,0.13,0.19,56.62,17.1,3784
Mac Miller,778233869.6666667,1152,115.7,2.38,0.82,53.02,17.1,3785
AGA,18940399.0,777,108.3,0.06,0.53,56.39,17.1,3786
R. Kelly,99074711.0,963,109.31,0.3,0.67,55.93,17.1,3787
QV Trap,919526.0,106,106.97,0.0,0.0,57.0,17.1,3788
Sigma,65604283.63333335,1165,109.37,0.2,0.83,55.9,17.1,3789
MOTi,13135813.950000009,322,107.5,0.04,0.17,56.76,17.1,3790
SBMG,84447661.15833335,780,108.89,0.26,0.53,56.12,17.1,3791
Olexesh,162612981.33333334,612,109.3,0.5,0.4,55.94,17.1,3792
Vitor Fernandes,281144817.5,274,109.79,0.86,0.14,55.71,17.1,3793
MoTrip,45435388.42857143,292,107.74,0.14,0.15,56.65,17.1,3794
Melissa Horn,27103235.0,124,107.25,0.08,0.02,56.87,17.1,3795
Supper Moment,17537053.5,768,108.33,0.05,0.52,56.38,17.09,3796
Hande Mehan,23233555.0,183,107.37,0.07,0.06,56.82,17.09,3797
Lil Silvio,1669470.3333333337,125,107.12,0.0,0.02,56.93,17.09,3798
Aurora,11982325.0,211,107.36,0.04,0.09,56.82,17.09,3799
Rotem Cohen,4133270.9999999986,179,107.17,0.01,0.06,56.91,17.09,3800
James Blake,104601126.25,735,109.07,0.32,0.49,56.04,17.09,3801
Chapo102,25541625.200000003,120,107.33,0.08,0.02,56.83,17.09,3802
Lirico En La Casa,14852698.999999998,371,107.68,0.04,0.21,56.67,17.08,3803
David Carreira,4496173.500000002,245,107.4,0.01,0.11,56.8,17.08,3804
Priory,3932852.0,192,107.29,0.01,0.07,56.85,17.08,3805
Playboi Carti,1061629556.05,2138,120.03,3.24,1.58,51.04,17.08,3806
Jay Chou,217808902.5,6224,119.46,0.66,4.76,51.3,17.08,3807
Cecilia Krull,17125871.4,122,107.27,0.05,0.02,56.86,17.08,3808
Dillaz,28437804.5,808,108.57,0.09,0.55,56.27,17.08,3809
Anders Nilsen,21885639.0,191,107.45,0.07,0.07,56.78,17.08,3810
Aisyah Aziz,17924495.363736264,163,107.37,0.05,0.05,56.82,17.08,3811
Thomas Acda,10068256.500000002,104,107.26,0.03,0.0,56.87,17.07,3812
CVBZ,28561794.66666671,387,107.92,0.09,0.22,56.56,17.07,3813
Anssi Kela,8309327.7,112,107.28,0.02,0.01,56.86,17.07,3814
Organize,78773412.5,199,108.05,0.24,0.08,56.51,17.07,3815
Nguyen Ha,6788236.5,236,107.47,0.02,0.11,56.77,17.07,3816
Adel,47335274.0,314,108.05,0.14,0.17,56.51,17.06,3817
99 Percent,51991380.5,497,108.39,0.16,0.31,56.35,17.06,3818
Philip George,58378409.0,325,108.12,0.18,0.17,56.47,17.06,3819
MEAN,42922205.5,561,108.44,0.13,0.36,56.33,17.06,3820
Mike Bahía,152335246.00000003,3972,115.16,0.46,3.01,53.26,17.06,3821
J Hus,198965022.50000003,537,109.8,0.61,0.34,55.71,17.06,3822
Angelou,1001136.4166666667,103,107.31,0.0,0.0,56.84,17.05,3823
MiC LOWRY,75293259.0,368,108.48,0.23,0.21,56.31,17.05,3824
Ramil',18662781.666666668,312,107.86,0.06,0.16,56.59,17.05,3825
Floor 88,8136931.0,129,107.42,0.02,0.02,56.79,17.05,3826
ALYPH,11135930.07142857,249,107.71,0.03,0.12,56.66,17.05,3827
Faouzia,34459927.5,200,107.82,0.1,0.08,56.61,17.05,3828
Glenn Fredly,157933770.83333325,837,109.99,0.48,0.57,55.62,17.05,3829
6AM,48886833.0,500,108.48,0.15,0.31,56.31,17.05,3830
Cesare Cremonini,62673243.333333336,414,108.49,0.19,0.24,56.3,17.04,3831
Senidah,6469012.166666666,102,107.5,0.02,0.0,56.76,17.04,3832
Herbs,2885608.5,100,107.44,0.01,0.0,56.78,17.04,3833
Sokół,20091958.383333333,228,107.81,0.06,0.1,56.61,17.04,3834
El Fantasma,275468554.5,766,111.03,0.84,0.52,55.15,17.04,3835
IZ*ONE,36715569.33333333,469,108.38,0.11,0.29,56.35,17.04,3836
Macky,25155551.645833332,164,107.81,0.08,0.05,56.61,17.03,3837
Ismail Izzani,10099569.5,237,107.79,0.03,0.11,56.62,17.03,3838
Sons Of Zion,19938214.5,366,108.14,0.06,0.21,56.46,17.03,3839
Binz,21756961.016666673,771,108.85,0.07,0.52,56.14,17.03,3840
Utopiko,16405358.416666662,218,107.79,0.05,0.09,56.62,17.03,3841
Benash,23381780.00000001,256,107.95,0.07,0.12,56.55,17.03,3842
Parokya Ni Edgar,118412241.5,386,109.06,0.36,0.22,56.04,17.02,3843
Mala Rodríguez,58299611.16666668,345,108.51,0.18,0.19,56.3,17.02,3844
Sid Sriram,109039780.16666669,334,108.91,0.33,0.18,56.11,17.02,3845
iKON,58081664.0,814,109.27,0.18,0.55,55.95,17.02,3846
Mason Ramsey,34452955.0,106,107.86,0.1,0.0,56.59,17.02,3847
AUGUST 08,6682229.399999999,178,107.73,0.02,0.06,56.65,17.02,3848
Holly Hood,8499450.5,205,107.79,0.03,0.08,56.62,17.02,3849
Numcha,8130481.0,106,107.6,0.02,0.0,56.71,17.02,3850
Wang,9677058.083333341,225,107.84,0.03,0.1,56.6,17.02,3851
Vitaa,49893637.6,361,108.43,0.15,0.2,56.33,17.02,3852
Giant Rooks,69664460.5,282,108.48,0.21,0.14,56.31,17.02,3853
Filipe Ret,171479601.2805553,739,110.22,0.52,0.5,55.52,17.01,3854
Mc Kevin,106920459.72398183,246,108.8,0.33,0.11,56.16,17.01,3855
Naar,412654.41666666657,160,107.76,0.0,0.05,56.64,17.01,3856
Mohamed Hamaki,14263498.0,934,109.16,0.04,0.65,56.0,17.01,3857
Andrew Tan,4552837.5,126,107.68,0.01,0.02,56.67,17.01,3858
Amr Diab,15843113.0,1628,110.38,0.05,1.19,55.44,17.01,3859
Yoyo Sham,23765326.0,492,108.51,0.07,0.3,56.3,17.01,3860
Abyusif,14952495.649999999,1107,109.5,0.05,0.78,55.84,17.01,3861
ALMA,156750589.7,1391,111.24,0.48,1.0,55.05,17.01,3862
Dorian,21448981.83333333,477,108.51,0.06,0.29,56.3,17.0,3863
milet,44059291.499999985,218,108.26,0.13,0.09,56.41,17.0,3864
IZA,256265326.66666666,342,110.41,0.78,0.19,55.43,17.0,3865
Pheelz,10165921.5,142,107.89,0.03,0.03,56.58,17.0,3866
Martin Solveig,189724135.08333334,2547,113.55,0.58,1.9,54.0,17.0,3867
Andi Rianto,42002697.0,183,108.2,0.13,0.06,56.44,17.0,3868
Beny Jr,57736001.20833332,278,108.54,0.18,0.14,56.28,17.0,3869
Kartky,25221364.5,231,108.21,0.08,0.1,56.43,16.99,3870
Yuran,3421417.533333336,166,107.9,0.01,0.05,56.57,16.99,3871
Khai Bahar,5160678.0,133,107.89,0.02,0.03,56.58,16.99,3872
Trista,3421417.533333336,166,107.9,0.01,0.05,56.57,16.99,3873
Emila,37397261.00000001,450,108.66,0.11,0.27,56.23,16.99,3874
mor ve ötesi,267101130.0,1146,112.03,0.82,0.81,54.69,16.98,3875
Suspekt,52465177.66666666,537,109.09,0.16,0.34,56.03,16.98,3876
Seraphine,5077822.000000004,137,107.91,0.01,0.03,56.57,16.98,3877
Karen Mok,29327043.0,586,108.96,0.09,0.38,56.09,16.98,3878
Helene Fischer,38986196.0,199,108.36,0.12,0.08,56.36,16.98,3879
Lagum,89713437.0,183,108.83,0.27,0.06,56.15,16.97,3880
Hjálmar,2489727.0,376,108.41,0.01,0.21,56.34,16.97,3881
Phlake,46848546.5,407,108.85,0.14,0.24,56.14,16.97,3882
Lo Blanquito,1215369.8333333335,124,107.94,0.0,0.02,56.56,16.97,3883
Natalie Taylor,66584919.0,195,108.67,0.2,0.07,56.22,16.97,3884
Yung Lean,94467652.5,311,109.13,0.29,0.16,56.01,16.97,3885
Lapiz Conciente,12370391.29166666,647,108.96,0.04,0.43,56.09,16.97,3886
Deno,36031601.8,181,108.46,0.11,0.06,56.32,16.96,3887
Idan Amedi,16318659.0,577,108.93,0.05,0.37,56.1,16.96,3888
Lacrim,171928155.53888884,1048,111.16,0.52,0.74,55.09,16.96,3889
Bea Miller,125138943.03333333,787,110.25,0.38,0.53,55.5,16.96,3890
Voyage,4072173.8333333335,116,108.02,0.01,0.01,56.52,16.96,3891
Omar,19824664.833333332,226,108.4,0.06,0.1,56.35,16.96,3892
Witt Lowry,37632344.5,212,108.49,0.11,0.09,56.3,16.96,3893
Nadine Lustre,19982758.0,297,108.51,0.06,0.15,56.3,16.96,3894
Alexander Oscar,10939972.0,141,108.16,0.03,0.03,56.45,16.96,3895
Chris MC,33661769.37586579,298,108.61,0.1,0.15,56.25,16.96,3896
Raappana,12498053.166666666,235,108.38,0.04,0.1,56.35,16.95,3897
Not3s,123806876.66666666,430,109.78,0.38,0.26,55.72,16.95,3898
LFERDA,6350634.833333334,395,108.65,0.02,0.23,56.23,16.95,3899
Cabas,2439156.0,141,108.13,0.01,0.03,56.47,16.95,3900
Alice Merton,60345437.0,364,109.02,0.18,0.21,56.06,16.95,3901
BCA,2268861.125000001,234,108.33,0.01,0.1,56.38,16.95,3902
Vicente Fernández,52605530.0,358,108.99,0.16,0.2,56.08,16.95,3903
Michelle Williams,89408995.66666663,520,109.58,0.27,0.33,55.81,16.95,3904
Anna Naklab,14958784.666666675,492,108.96,0.05,0.3,56.09,16.94,3905
47ter,81708462.0,187,109.03,0.25,0.07,56.06,16.94,3906
Charlotte Ella Gottová,1840825.0,101,108.17,0.0,0.0,56.45,16.94,3907
Eslabon Armado,297853394.0,463,111.43,0.91,0.28,54.96,16.94,3908
Mr Eazi,52223659.24999995,745,109.69,0.16,0.5,55.76,16.94,3909
MIRA,1760347.0,143,108.2,0.0,0.03,56.44,16.94,3910
Akiva,7835280.0,206,108.34,0.02,0.08,56.37,16.94,3911
Dof Twogee,11532039.516666666,530,108.97,0.03,0.33,56.09,16.94,3912
CHANMINA,31306020.0,175,108.53,0.09,0.06,56.29,16.94,3913
WanMor,56387324.83333333,100,108.68,0.17,0.0,56.22,16.93,3914
Sezen Aksu,140581328.0,705,110.47,0.43,0.47,55.4,16.93,3915
Lena,90997809.0,404,109.54,0.28,0.24,55.83,16.93,3916
Leehom Wang,7799046.5,271,108.52,0.02,0.13,56.29,16.93,3917
SSIO,57884439.0,168,108.82,0.18,0.05,56.15,16.93,3918
Karlo,3346365.9369047615,433,108.8,0.01,0.26,56.16,16.93,3919
Quintino,25453567.0,388,108.91,0.08,0.22,56.11,16.93,3920
Marka Akme,16795035.433333337,476,109.0,0.05,0.29,56.07,16.93,3921
Romy,64650459.766666666,285,109.07,0.2,0.14,56.04,16.93,3922
WOS,329884253.1,1631,113.78,1.01,1.19,53.89,16.93,3923
Yıldız Tilbe,11896623.0,100,108.36,0.04,0.0,56.36,16.92,3924
Ceaese,16872671.083333332,225,108.68,0.05,0.1,56.22,16.92,3925
Ardian Bujupi,47352628.66666666,237,108.9,0.14,0.11,56.12,16.92,3926
Sıla,46270350.0,635,109.59,0.14,0.42,55.8,16.92,3927
RIDSA,55849195.0,222,108.96,0.17,0.09,56.09,16.92,3928
Mozart La Para,41828009.97222223,645,109.56,0.13,0.42,55.82,16.92,3929
Marwa Loud,111785428.33333334,605,110.11,0.34,0.39,55.57,16.92,3930
Tommy Boysen,66928102.972222224,521,109.62,0.2,0.33,55.79,16.92,3931
Kozmos,29018021.5,157,108.62,0.09,0.04,56.25,16.92,3932
King Princess,202613238.0,890,111.48,0.62,0.61,54.94,16.91,3933
NCT DREAM,127382861.5,782,110.67,0.39,0.53,55.31,16.91,3934
D3W,10597398.666666662,206,108.64,0.03,0.08,56.24,16.91,3935
Tom Walker,360565363.0,1476,113.9,1.1,1.07,53.84,16.91,3936
Emelie Hollow,29446826.166666664,505,109.29,0.09,0.31,55.94,16.91,3937
Три дня дождя,20112950.0,307,108.87,0.06,0.16,56.13,16.91,3938
J-Dawg,9867703.0,140,108.57,0.03,0.03,56.27,16.9,3939
Justin Mylo,4416270.666666664,103,108.46,0.01,0.0,56.32,16.9,3940
Young Ellens,30309724.866666656,289,109.05,0.09,0.15,56.05,16.9,3941
Gustav,52539084.45555554,316,109.24,0.16,0.17,55.96,16.9,3942
YSY A,93488776.08571433,1011,110.78,0.28,0.71,55.26,16.9,3943
Lauri Tähkä,55317000.50000001,727,110.01,0.17,0.49,55.61,16.9,3944
Ece Seçkin,16270247.5,182,108.81,0.05,0.06,56.16,16.89,3945
DRAM,390079115.23333335,1546,114.41,1.19,1.12,53.6,16.89,3946
The Edge,15621844.00000001,205,108.86,0.05,0.08,56.14,16.89,3947
Lyse,26417268.0,536,109.49,0.08,0.34,55.85,16.89,3948
Boro Purvi,2321976.1904761903,504,109.17,0.01,0.31,55.99,16.89,3949
Los Dos Carnales,182375503.0,600,110.99,0.56,0.39,55.16,16.89,3950
Naza,118979108.62380949,623,110.42,0.36,0.41,55.42,16.89,3951
Laura Voutilainen,14467314.0,126,108.64,0.04,0.02,56.24,16.89,3952
Bono,15621844.00000001,205,108.86,0.05,0.08,56.14,16.89,3953
Gülşen,43835992.5,348,109.38,0.13,0.19,55.9,16.88,3954
ONIRIA,6487520.416666666,103,108.63,0.02,0.0,56.24,16.88,3955
Tham Sway,49058458.5,615,109.9,0.15,0.4,55.66,16.88,3956
Leafs,14268853.833333336,101,108.72,0.04,0.0,56.2,16.88,3957
Deemz,35639759.81666667,511,109.61,0.11,0.32,55.79,16.88,3958
Aiman Tino,4370064.0,105,108.58,0.01,0.0,56.26,16.88,3959
Sarah Connor,70697760.0,260,109.46,0.22,0.12,55.86,16.88,3960
Rashmi Virag,42886191.552564114,300,109.3,0.13,0.16,55.94,16.88,3961
AVO,16542256.305555554,141,108.76,0.05,0.03,56.18,16.88,3962
Mikolas Josef,15065859.666666666,238,108.93,0.05,0.11,56.1,16.88,3963
Black Sherif,6986554.666666667,243,108.88,0.02,0.11,56.13,16.88,3964
Djadja & Dinaz,352237821.0,1011,113.4,1.08,0.71,54.07,16.87,3965
PlayaPhonk,16010376.0,342,109.24,0.05,0.19,55.96,16.87,3966
Eva,75639605.0,252,109.6,0.23,0.12,55.8,16.87,3967
Tima Belorusskih,18918770.5,769,109.97,0.06,0.52,55.63,16.87,3968
Lil Zey,106283197.0,467,110.24,0.32,0.29,55.51,16.87,3969
A Great Big World,151428362.0,2585,114.2,0.46,1.93,53.7,16.87,3970
Sancak,20397021.0,141,108.88,0.06,0.03,56.13,16.87,3971
Vilma Alina,20645990.25,307,109.17,0.06,0.16,55.99,16.87,3972
Pushi,13848778.600000005,346,109.28,0.04,0.19,55.94,16.86,3973
twocolors,132528917.0,895,111.23,0.4,0.62,55.05,16.86,3974
Yalın,66966137.0,407,109.81,0.2,0.24,55.7,16.86,3975
DIAMOND MQT,5087237.383333334,106,108.79,0.01,0.0,56.17,16.86,3976
Raí Saia Rodada,315393934.5,260,111.82,0.96,0.12,54.79,16.86,3977
Richard Judge,9667879.5,222,108.98,0.03,0.09,56.08,16.86,3978
Yung Gravy,199965870.3333333,220,110.67,0.61,0.09,55.31,16.86,3979
Mwuana,30995864.88333333,216,109.19,0.09,0.09,55.99,16.86,3980
Den BB,13501442.833333334,142,108.94,0.04,0.03,56.1,16.85,3981
Leto,163623575.22619045,678,111.27,0.5,0.45,55.04,16.85,3982
South Border,119490257.5,627,110.78,0.36,0.41,55.26,16.85,3983
Richard Smitt,13308456.333333327,259,109.19,0.04,0.12,55.99,16.85,3984
Lille Saus,9857594.333333332,140,109.0,0.03,0.03,56.07,16.84,3985
Unge Ferrari,51729576.25,561,110.11,0.16,0.36,55.57,16.84,3986
NLE Choppa,708915524.9166667,1384,117.39,2.16,1.0,52.25,16.84,3987
KKevin,7953721.500000001,280,109.25,0.02,0.14,55.96,16.84,3988
Emmy Meli,161845964.0,319,110.66,0.49,0.17,55.31,16.84,3989
ADSO,14785980.25,170,109.09,0.04,0.05,56.03,16.84,3990
Los Totora,17058676.5,344,109.45,0.05,0.19,55.87,16.84,3991
Carla's Dreams,8434295.75,488,109.61,0.03,0.3,55.79,16.84,3992
Mild,4897432.5,129,108.92,0.01,0.02,56.11,16.84,3993
N.E.R.D,45693580.99999999,299,109.59,0.14,0.15,55.8,16.84,3994
Santhosh Narayanan,30501350.66666666,100,109.16,0.09,0.0,56.0,16.84,3995
John C,25520226.041666668,288,109.52,0.08,0.15,55.83,16.83,3996
L.O.C.,14316395.333333334,182,109.22,0.04,0.06,55.97,16.83,3997
Xir,46278426.78333334,221,109.56,0.14,0.09,55.82,16.83,3998
Ressu Redford,7951809.333333332,154,109.04,0.02,0.04,56.05,16.83,3999
Maverick Sabre,19227468.833333332,102,109.11,0.06,0.0,56.02,16.83,4000
Christina Aguilera,142014336.43333334,4348,117.45,0.43,3.3,52.22,16.83,4001
Luccas Carlos,43102941.35515873,225,109.6,0.13,0.1,55.8,16.82,4002
Jeremy Zucker,413816323.0,2165,116.31,1.26,1.6,52.74,16.81,4003
Arz,41336057.0,104,109.48,0.13,0.0,55.85,16.81,4004
Pia Mia,65380707.50000002,945,111.08,0.2,0.66,55.12,16.81,4005
Cheriimoya,18469859.0,523,109.99,0.06,0.33,55.62,16.81,4006
DJ Tao,40980489.11904763,305,109.79,0.12,0.16,55.71,16.81,4007
Jc La Nevula,25280130.833333336,153,109.39,0.08,0.04,55.89,16.81,4008
Dosseh,108361330.25,492,110.74,0.33,0.3,55.28,16.81,4009
Camin,22868773.21428571,118,109.36,0.07,0.01,55.91,16.8,4010
Noah,53917825.33333334,165,109.76,0.16,0.05,55.73,16.8,4011
Guy Sebastian,68243995.5,306,110.13,0.21,0.16,55.56,16.8,4012
London Grammar,12736298.5,268,109.57,0.04,0.13,55.81,16.8,4013
Kube,33314494.426190484,637,110.34,0.1,0.42,55.46,16.8,4014
HANA,3864542.0,182,109.3,0.01,0.06,55.94,16.8,4015
Ajaxx,136392347.93333337,376,110.96,0.42,0.21,55.18,16.79,4016
Ovy On The Drums,119595688.19999997,1639,112.92,0.36,1.2,54.28,16.79,4017
Smith & Thell,59652304.0,362,110.23,0.18,0.2,55.51,16.79,4018
Arop,1019090.1428571428,178,109.33,0.0,0.06,55.92,16.79,4019
Tita,1046113.1666666666,266,109.56,0.0,0.13,55.82,16.79,4020
Lexie Liu,5176192.000000004,141,109.34,0.02,0.03,55.92,16.79,4021
01099,67123338.78888889,373,110.39,0.2,0.21,55.44,16.78,4022
Jay Fung,9534762.0,293,109.68,0.03,0.15,55.76,16.78,4023
Blonde,24080397.83333333,251,109.8,0.07,0.12,55.71,16.78,4024
Ronisia,43967266.5,157,109.8,0.13,0.04,55.71,16.78,4025
SHAUN,39357257.66666667,801,110.85,0.12,0.54,55.23,16.78,4026
Marcus & Martinus,81091015.56666666,789,111.23,0.25,0.54,55.05,16.78,4027
Dewa 19,67544414.0,314,110.27,0.21,0.17,55.49,16.78,4028
Gasellit,45360814.5,719,110.81,0.14,0.48,55.25,16.78,4029
PA Sports,97054434.50000003,396,110.69,0.3,0.23,55.3,16.78,4030
B Ray,4374473.416666666,220,109.6,0.01,0.09,55.8,16.77,4031
Dubosky,2645179.9,289,109.75,0.01,0.15,55.73,16.77,4032
Jain,55791807.0,304,110.25,0.17,0.16,55.5,16.77,4033
Farina,14606850.416666664,242,109.71,0.04,0.11,55.75,16.77,4034
Dimitri Vegas,48426023.03571427,1232,111.73,0.15,0.88,54.83,16.77,4035
Petri Nygård,43740666.833333336,584,110.59,0.13,0.38,55.35,16.77,4036
Faustix,28897206.749999996,451,110.22,0.09,0.27,55.52,16.77,4037
CHANGMO,6944097.254166667,189,109.61,0.02,0.07,55.79,16.77,4038
Vin Diesel,2330184.4000000013,133,109.58,0.01,0.03,55.81,16.76,4039
Earth Patravee,29436786.0,401,110.2,0.09,0.23,55.52,16.76,4040
Yuval Dayan,12247350.0,332,109.98,0.04,0.18,55.62,16.76,4041
Loren Allred,154136599.0,460,111.45,0.47,0.28,54.95,16.76,4042
Piolo Pascual,10555802.5,142,109.58,0.03,0.03,55.81,16.76,4043
Achille Lauro,171356124.70000002,752,112.1,0.52,0.51,54.66,16.76,4044
Salvador Seixas,862922.0,102,109.51,0.0,0.0,55.84,16.75,4045
Maikel Delacalle,51797175.66666667,276,110.28,0.16,0.14,55.49,16.75,4046
FELIX SANDMAN,50936848.0,255,110.2,0.15,0.12,55.52,16.75,4047
Pinhani,141695853.0,628,111.69,0.43,0.41,54.85,16.75,4048
Mozzy,17007309.25,201,109.84,0.05,0.08,55.69,16.75,4049
Kool Savas,82126724.87301585,445,110.88,0.25,0.27,55.21,16.74,4050
HUGEL,56096942.333333336,480,110.76,0.17,0.3,55.27,16.74,4051
TOMORROW X TOGETHER,126080170.00000001,934,112.17,0.38,0.65,54.63,16.74,4052
Gazzelle,201106204.6333333,456,111.98,0.61,0.28,54.71,16.74,4053
David Stypka,369399.7380952382,142,109.7,0.0,0.03,55.75,16.73,4054
Sierra Kidd,19561060.428571433,529,110.57,0.06,0.33,55.36,16.73,4055
187 Strassenbande,84663564.26666667,835,111.65,0.26,0.57,54.86,16.73,4056
Lefa,45390053.5,333,110.46,0.14,0.18,55.41,16.73,4057
Tori Kelly,93489728.5,980,112.01,0.28,0.68,54.7,16.73,4058
Mgk666,13450222.433333334,497,110.47,0.04,0.31,55.4,16.73,4059
Memfismafían,756041.5,121,109.72,0.0,0.02,55.74,16.73,4060
Olavi Uusivirta,8280482.5,146,109.84,0.02,0.04,55.69,16.73,4061
Pretenders,34862571.0,110,110.1,0.11,0.01,55.57,16.72,4062
Hafiz Suip,11039506.5,207,110.03,0.03,0.08,55.6,16.72,4063
M83,7922271.0,266,110.12,0.02,0.13,55.56,16.72,4064
LA$$A,14394594.73333334,169,109.96,0.04,0.05,55.63,16.72,4065
Tayler Buono,21303910.0,119,109.97,0.06,0.01,55.63,16.72,4066
Giaime,28860051.500000007,177,110.1,0.09,0.06,55.57,16.72,4067
Čechomor,335331.57142857154,140,109.91,0.0,0.03,55.66,16.71,4068
Xiao Yu,3862265.5,132,109.89,0.01,0.02,55.67,16.71,4069
Justinas Jarutis,5357856.416666666,752,110.98,0.02,0.51,55.17,16.71,4070
Jananas,335331.57142857154,140,109.91,0.0,0.03,55.66,16.71,4071
SAFIA,6172682.0,127,109.9,0.02,0.02,55.66,16.71,4072
PAY,7086071.5,107,109.92,0.02,0.01,55.65,16.71,4073
Lil Baba,1885263.9833333332,183,109.98,0.01,0.06,55.62,16.71,4074
Eve,82830755.0,250,110.78,0.25,0.12,55.26,16.71,4075
Za100let,335331.57142857154,140,109.91,0.0,0.03,55.66,16.71,4076
Hansie,23087457.366666663,197,110.23,0.07,0.08,55.51,16.71,4077
Quentin40,11666838.533333333,112,109.98,0.03,0.01,55.62,16.7,4078
David Bisbal,155609087.13051468,1632,113.88,0.47,1.19,53.85,16.7,4079
Young Stoner Life,64091922.400000006,261,110.74,0.2,0.13,55.28,16.7,4080
Europa,36689201.75,591,111.03,0.11,0.38,55.15,16.7,4081
Majka,7105227.833333328,642,110.85,0.02,0.42,55.23,16.7,4082
Monet192,78195006.5,282,110.87,0.24,0.14,55.22,16.7,4083
Yo Yo Honey Singh,39714654.266666666,310,110.6,0.12,0.16,55.34,16.7,4084
Pretty Sister,57046083.5,649,111.33,0.17,0.43,55.01,16.7,4085
A-Mei Chang,50591852.66666667,1521,112.77,0.15,1.1,54.35,16.7,4086
Symba,53859983.0,138,110.52,0.16,0.03,55.38,16.69,4087
Sir Mich,17579896.566666666,210,110.35,0.05,0.09,55.46,16.69,4088
Axwell,58792051.999999985,1390,112.67,0.18,1.0,54.4,16.69,4089
Tierry,121050376.0,117,111.09,0.37,0.01,55.12,16.69,4090
Jane Bordeaux,9139772.0,336,110.48,0.03,0.18,55.4,16.69,4091
Badoxa,2331163.5,164,110.09,0.01,0.05,55.57,16.69,4092
Ed Maverick,312265158.5,1453,115.08,0.95,1.05,53.3,16.69,4093
Dj Guuga,167004527.3333333,357,111.91,0.51,0.2,54.74,16.69,4094
Gaho,15058372.0,131,110.26,0.05,0.02,55.5,16.68,4095
Frenetik&Orang3,23453877.499999993,156,110.35,0.07,0.04,55.46,16.68,4096
Singapūras Satīns,2353948.3333333335,402,110.59,0.01,0.23,55.35,16.68,4097
pyrokinesis,17396248.5,246,110.41,0.05,0.11,55.43,16.68,4098
Chris Willis,24338670.333333343,464,110.91,0.07,0.28,55.2,16.67,4099
Darlene Love,197375183.0,319,112.25,0.6,0.17,54.59,16.67,4100
Philly Moré,31883753.26666667,284,110.73,0.1,0.14,55.28,16.67,4101
Carson Coma,15329501.5,413,110.78,0.05,0.24,55.26,16.67,4102
Şanışer,42684130.64163613,271,110.76,0.13,0.13,55.27,16.67,4103
Karetus,1484912.5833333333,108,110.17,0.0,0.01,55.54,16.67,4104
Lino Golden,2502555.0000000005,185,110.38,0.01,0.07,55.44,16.66,4105
Lil Xan,349983561.0,776,114.51,1.07,0.53,53.56,16.66,4106
Aimer,112025195.00000003,641,112.09,0.34,0.42,54.66,16.66,4107
RM,86820758.49999999,659,111.9,0.26,0.43,54.75,16.66,4108
Sofia Karlberg,33369336.0,392,111.09,0.1,0.23,55.12,16.65,4109
Melike Şahin,55081430.5,193,110.89,0.17,0.07,55.21,16.65,4110
Gabriel Rios,27993437.0,200,110.64,0.08,0.08,55.32,16.65,4111
Lil Silvio & El Vega,10337508.0,115,110.37,0.03,0.01,55.45,16.65,4112
Vierra,60665859.0,118,110.78,0.18,0.01,55.26,16.65,4113
Aden,15817756.166666664,154,110.56,0.05,0.04,55.36,16.64,4114
Rea Garvey,19389736.66666667,177,110.61,0.06,0.06,55.34,16.64,4115
Jesse & Joy,334852379.91176474,3842,119.66,1.02,2.91,51.21,16.64,4116
MV Killa,14244529.55606061,118,110.47,0.04,0.01,55.4,16.64,4117
Bonn,108813969.0,1202,113.19,0.33,0.86,54.16,16.64,4118
Murta,3842638.5,125,110.42,0.01,0.02,55.42,16.64,4119
Who Is Fancy,17506623.000000004,381,111.03,0.05,0.22,55.15,16.63,4120
Pk,101721545.9,319,111.69,0.31,0.17,54.85,16.63,4121
Bori,11171197.0,159,110.6,0.03,0.05,55.34,16.63,4122
Charlee,11701892.0,172,110.76,0.04,0.06,55.27,16.62,4123
David Kushner,21969542.0,103,110.71,0.07,0.0,55.29,16.62,4124
Slza,1533533.0714285716,340,110.89,0.0,0.19,55.21,16.62,4125
Never Dull,5281563.75,140,110.68,0.02,0.03,55.31,16.61,4126
ssshhhiiittt!,18570633.0,286,111.03,0.06,0.14,55.15,16.61,4127
Ñejo,33863878.01904762,862,112.11,0.1,0.59,54.65,16.61,4128
Fleetwood Mac,1178734932.0,3615,127.04,3.6,2.73,47.85,16.61,4129
Kenny Dope,5281563.75,140,110.68,0.02,0.03,55.31,16.61,4130
Isyana Sarasvati,22332730.66666667,401,111.25,0.07,0.23,55.05,16.61,4131
NEIMY,28720456.5,360,111.33,0.09,0.2,55.01,16.6,4132
Gaab,86682386.00318563,330,111.82,0.26,0.18,54.79,16.6,4133
Bokoesam,45203426.19523812,525,111.73,0.14,0.33,54.83,16.6,4134
Bella Shmurda,6718240.166666667,223,110.88,0.02,0.1,55.21,16.6,4135
WATEVA,493410.8333333333,122,110.64,0.0,0.02,55.32,16.6,4136
Grupo Recluta,97605688.5,186,111.62,0.3,0.07,54.88,16.6,4137
Alex Fong,841956.0,112,110.66,0.0,0.01,55.31,16.6,4138
Gia Koka,25348879.33333334,438,111.47,0.08,0.26,54.95,16.6,4139
Nash,28629626.299999997,191,110.99,0.09,0.07,55.16,16.6,4140
JJ Lin,186248233.1923077,4967,120.62,0.57,3.78,50.77,16.59,4141
Danna,971590.1666666664,145,110.75,0.0,0.03,55.27,16.59,4142
Nayt,67012497.5,290,111.59,0.2,0.15,54.89,16.59,4143
Vybz Kartel,11170605.5,283,111.1,0.03,0.14,55.11,16.59,4144
Waa Wei,25469650.5,490,111.6,0.08,0.3,54.89,16.59,4145
Equalz,50501651.08333333,324,111.48,0.15,0.17,54.94,16.59,4146
Stan Walker,8339037.5,211,111.03,0.02,0.09,55.15,16.58,4147
Therapie TAXI,71524279.0,250,111.63,0.22,0.12,54.87,16.58,4148
NOTD,135077271.0,1383,114.19,0.41,1.0,53.71,16.58,4149
Jovanotti,76105042.75,585,112.25,0.23,0.38,54.59,16.58,4150
DJ Katch,7490026.5,117,110.85,0.02,0.01,55.23,16.58,4151
Majk Spirit,2461817.0000000005,406,111.36,0.01,0.24,55.0,16.58,4152
PORTRAIT,5804102.5,204,111.05,0.02,0.08,55.14,16.57,4153
Offlei Sounds,37843334.66666667,114,111.15,0.11,0.01,55.09,16.57,4154
Nej,9974724.0,115,110.94,0.03,0.01,55.19,16.57,4155
Kader Japonais,731397.3333333334,108,110.89,0.0,0.01,55.21,16.57,4156
BLØF,56596103.0,363,111.76,0.17,0.2,54.81,16.57,4157
Hikaru Utada,81653032.25,487,112.2,0.25,0.3,54.61,16.57,4158
Mr. Saik,807645.0,112,110.89,0.0,0.01,55.21,16.57,4159
Lil Peep,680337628.3333333,5110,125.52,2.08,3.89,48.54,16.56,4160
Gin Lee,7692147.5,403,111.49,0.02,0.24,54.94,16.56,4161
Sam Feldt,280642219.5000001,3154,118.63,0.86,2.37,51.68,16.56,4162
Valerie Broussard,26318142.166666668,221,111.36,0.08,0.09,55.0,16.56,4163
Yung Snapp,15779965.366666673,112,111.05,0.05,0.01,55.14,16.56,4164
Khontkar,75554541.2047619,507,112.29,0.23,0.32,54.57,16.56,4165
mishlawi,7171801.833333332,223,111.17,0.02,0.1,55.08,16.56,4166
Amir Dadon,11749309.83333333,506,111.78,0.04,0.32,54.8,16.55,4167
Jason French,4744236.0,123,111.06,0.01,0.02,55.13,16.55,4168
Jala Brat,4462741.666666667,156,111.09,0.01,0.04,55.12,16.55,4169
Yanitsa,1538397.0,238,111.25,0.0,0.11,55.05,16.55,4170
Blueface,480118884.9166666,955,116.7,1.47,0.66,52.56,16.55,4171
MC Hariel,183772891.92297184,504,113.37,0.56,0.31,54.08,16.54,4172
9 Miller,3513001.166666667,149,111.15,0.01,0.04,55.09,16.54,4173
Mario Fresh,1980312.3333333335,112,111.14,0.01,0.01,55.1,16.54,4174
Rels B,662369403.75,2325,120.79,2.02,1.73,50.7,16.54,4175
Walker Hayes,183559113.0,168,112.8,0.56,0.05,54.34,16.54,4176
GENERATIONS from EXILE TRIBE,6451428.0,106,111.08,0.02,0.0,55.12,16.54,4177
Savage Ga$p,39661936.0,268,111.73,0.12,0.13,54.83,16.54,4178
Louane,68421114.0,534,112.38,0.21,0.34,54.53,16.54,4179
Stephy Tang,858101.0,112,111.12,0.0,0.01,55.11,16.54,4180
benji price,2845042.5,109,111.22,0.01,0.01,55.06,16.53,4181
Sass Henno,862200.5000000005,351,111.58,0.0,0.2,54.9,16.53,4182
L'Algérino,41257424.08888888,263,111.78,0.13,0.13,54.8,16.53,4183
HONNE,88029467.0,635,112.84,0.27,0.42,54.32,16.53,4184
Khel Pangilinan,44374367.0,139,111.62,0.13,0.03,54.88,16.53,4185
MD Chefe,38241066.24242425,116,111.5,0.12,0.01,54.93,16.53,4186
Frauenarzt,23122332.00000002,156,111.46,0.07,0.04,54.95,16.53,4187
Like Mike,29223913.035714258,643,112.34,0.09,0.42,54.55,16.53,4188
Sergei Barracuda,7898332.833333332,369,111.66,0.02,0.21,54.86,16.53,4189
Adrian Delgado,4528617.666666668,116,111.18,0.01,0.01,55.08,16.53,4190
Armaan Malik,69440057.93333334,427,112.31,0.21,0.25,54.56,16.53,4191
Room 39,11645548.0,415,111.72,0.03,0.24,54.83,16.53,4192
Bermudu Divstūris,1858740.5,278,111.54,0.01,0.14,54.91,16.52,4193
Fer Palacio,97986406.50000007,759,113.22,0.3,0.51,54.15,16.52,4194
Ghetto Kids,31808214.833333336,297,111.91,0.1,0.15,54.74,16.51,4195
Tobi,4958784.166666668,104,111.29,0.01,0.0,55.03,16.51,4196
G.E.M.,173225299.5,3395,118.45,0.53,2.56,51.76,16.51,4197
Cosmos People,5130861.0,117,111.32,0.02,0.01,55.01,16.51,4198
MoonDeity,3389535.5,146,111.39,0.01,0.04,54.98,16.51,4199
State of Sound,63929353.66666667,408,112.38,0.19,0.24,54.53,16.51,4200
Marlon Roudette,43748893.0,460,112.31,0.13,0.28,54.56,16.5,4201
Adriana Proenza,109228452.0,757,113.45,0.33,0.51,54.04,16.5,4202
Irina,8255623.0,128,111.47,0.02,0.02,54.95,16.5,4203
Kat Dahlia,21012968.0,274,111.86,0.06,0.14,54.77,16.5,4204
Nause,61863431.666666664,707,112.96,0.19,0.47,54.27,16.5,4205
Jubël,47888835.0,487,112.56,0.15,0.3,54.45,16.49,4206
King Khalil,32371374.733333323,220,111.88,0.1,0.09,54.76,16.49,4207
Azzi Memo,30759637.777777776,165,111.79,0.09,0.05,54.8,16.49,4208
Juha Tapio,15635978.499999996,320,111.94,0.05,0.17,54.73,16.49,4209
CMC$,24322187.333333347,431,112.24,0.07,0.26,54.59,16.48,4210
Diego & Arnaldo,153323262.0,181,112.98,0.47,0.06,54.26,16.48,4211
Albatraoz,36433727.5,320,112.17,0.11,0.17,54.63,16.48,4212
faster,2527249.5,237,111.77,0.01,0.11,54.81,16.48,4213
Alex Aris,11127671.999999998,180,111.79,0.03,0.06,54.8,16.47,4214
Rammstein,203235222.5,1697,116.12,0.62,1.24,52.83,16.47,4215
Gajendra Verma,66321166.0,136,112.2,0.2,0.03,54.61,16.47,4216
Madd,6890037.149999996,571,112.43,0.02,0.37,54.51,16.47,4217
Low Kidd,13703690.910714285,157,111.81,0.04,0.04,54.79,16.46,4218
JUNIOR CALLY,30760671.333333332,107,111.93,0.09,0.01,54.74,16.46,4219
Z-Chen,4244726.5,151,111.76,0.01,0.04,54.81,16.46,4220
OBLADAET,18822713.4,284,112.14,0.06,0.14,54.64,16.46,4221
Okean Elzy,4106665.5,150,111.79,0.01,0.04,54.8,16.46,4222
miwa,19790813.0,179,111.91,0.06,0.06,54.74,16.46,4223
Yener Çevik,12339302.430525025,191,111.92,0.04,0.07,54.74,16.46,4224
Philipp Dittberner,22222026.763157897,274,112.16,0.07,0.14,54.63,16.46,4225
Musicologo The Libro,1608738.9750000003,196,111.83,0.0,0.07,54.78,16.46,4226
Puri,22788853.916666657,276,112.19,0.07,0.14,54.62,16.46,4227
JojoHF,6728987.5,115,111.78,0.02,0.01,54.8,16.45,4228
Eviatar Banai,11131061.5,397,112.32,0.03,0.23,54.56,16.45,4229
Silvestre Dangond,70266058.375,2121,115.77,0.21,1.57,52.98,16.45,4230
Mok Saib,3549973.0,304,112.1,0.01,0.16,54.66,16.45,4231
Palak Muchhal,6537233.1,107,111.82,0.02,0.01,54.79,16.45,4232
Izzy Bizu,25928311.5,163,112.1,0.08,0.05,54.66,16.45,4233
Oliver Heldens,92638077.00000003,1304,114.62,0.28,0.94,53.51,16.45,4234
Hooligan Hefs,41726638.833333336,194,112.36,0.13,0.07,54.54,16.44,4235
Landy,122896454.83333334,443,113.46,0.37,0.27,54.04,16.44,4236
Kranium,14588953.950000001,336,112.32,0.04,0.18,54.56,16.44,4237
Freya Ridings,95737231.0,445,113.23,0.29,0.27,54.14,16.44,4238
Kaan Tangöze,5245950.0,110,111.86,0.02,0.01,54.77,16.44,4239
Otto Knows,91792336.99999999,658,113.55,0.28,0.43,54.0,16.44,4240
Baggalútur,2576122.833333333,314,112.21,0.01,0.17,54.61,16.44,4241
Virlan Garcia,142471926.5,211,113.25,0.43,0.09,54.13,16.44,4242
DA Uzi,75231175.47619046,366,112.97,0.23,0.21,54.26,16.43,4243
Lindsey Stirling,11020313.999999998,150,112.03,0.03,0.04,54.69,16.43,4244
Bazart,11121463.0,265,112.22,0.03,0.13,54.6,16.43,4245
ANAVITÓRIA,338249399.5,843,116.16,1.03,0.58,52.81,16.43,4246
Tomas Klus,399951.5714285716,156,111.92,0.0,0.04,54.74,16.43,4247
Delano,33880429.0,166,112.28,0.1,0.05,54.58,16.43,4248
Mahmut Orhan,10872656.666666668,428,112.5,0.03,0.25,54.48,16.43,4249
队长,9582232.5,150,112.02,0.03,0.04,54.69,16.43,4250
Frayer Flexking,1171061.214285714,106,111.89,0.0,0.0,54.75,16.43,4251
iLe,1798161.333333333,108,111.95,0.0,0.01,54.73,16.42,4252
Youngn Lipz,18445698.0,122,112.17,0.06,0.02,54.63,16.42,4253
Unknown Brain,832077.9999999995,128,111.95,0.0,0.02,54.73,16.42,4254
JENCARLOS,11374812.25,1141,113.83,0.03,0.81,53.87,16.42,4255
Jex,832077.9999999995,128,111.95,0.0,0.02,54.73,16.42,4256
PlanBe,27355198.549999997,456,112.82,0.08,0.28,54.33,16.42,4257
ПОЛМАТЕРИ,3319548.0,120,112.02,0.01,0.02,54.69,16.42,4258
Rival,832077.9999999995,128,111.95,0.0,0.02,54.73,16.42,4259
88rising,47083301.38333333,585,113.26,0.14,0.38,54.13,16.41,4260
Jickson,1859780.0249999997,211,112.22,0.01,0.09,54.6,16.41,4261
Kodaline,112943966.0,1818,115.91,0.34,1.34,52.92,16.41,4262
El Reja,50941620.49999999,690,113.45,0.15,0.46,54.04,16.41,4263
Bruninho & Davi,52533655.5,157,112.55,0.16,0.04,54.45,16.41,4264
Tommaso Paradiso,101849583.75,265,113.18,0.31,0.13,54.17,16.41,4265
Kyla La Grange,8584517.5,184,112.28,0.03,0.07,54.58,16.41,4266
Giggs,103193436.16666667,382,113.37,0.31,0.22,54.08,16.41,4267
One Acen,42263884.0,156,112.56,0.13,0.04,54.45,16.4,4268
Gabriela Richardson,42273867.5,518,113.14,0.13,0.32,54.18,16.4,4269
Tjuvjakt,67349132.5,311,113.06,0.21,0.16,54.22,16.4,4270
Jay Rock,229316948.75,1284,116.12,0.7,0.92,52.83,16.4,4271
Krissy,17830257.0,126,112.25,0.05,0.02,54.59,16.4,4272
Studio Killers,27699886.0,213,112.49,0.08,0.09,54.48,16.4,4273
Agir,7002527.833333334,380,112.65,0.02,0.22,54.41,16.4,4274
Lele Blade,36895782.60606061,201,112.59,0.11,0.08,54.43,16.4,4275
Перемотка,8313515.0,106,112.22,0.02,0.0,54.6,16.39,4276
Revol,17696406.648484863,1404,114.51,0.05,1.01,53.56,16.39,4277
Tanya Chua,27077152.5,497,113.06,0.08,0.31,54.22,16.39,4278
India Martinez,28089898.63051471,325,112.83,0.09,0.17,54.33,16.39,4279
Sahamies,5303098.5,121,112.31,0.02,0.02,54.56,16.38,4280
The Kolors,33390434.0,137,112.58,0.1,0.03,54.44,16.38,4281
Tachi,956533.4499999998,116,112.28,0.0,0.01,54.58,16.38,4282
Muni Long,71539653.0,119,112.87,0.22,0.01,54.31,16.38,4283
The Pøssy Project,31007926.5,464,113.13,0.09,0.28,54.19,16.38,4284
Cleber & Cauan,78987783.5,116,113.01,0.24,0.01,54.24,16.37,4285
JORIS,14221565.263157895,159,112.5,0.04,0.05,54.48,16.37,4286
AnnenMayKantereit,128927693.75,546,114.2,0.39,0.35,53.7,16.37,4287
Bobo,28104804.416666668,188,112.69,0.09,0.07,54.39,16.37,4288
Frijo,11934259.916666672,151,112.54,0.04,0.04,54.46,16.37,4289
Freeze corleone,112429579.7797619,463,113.93,0.34,0.28,53.82,16.37,4290
Marciano Cantero,54956768.666666724,1625,115.46,0.17,1.19,53.13,16.36,4291
Sav'o,8036693.166666669,111,112.52,0.02,0.01,54.47,16.35,4292
Sam Hunt,816815535.0,1514,122.12,2.49,1.1,50.09,16.35,4293
Psycho Rhyme,5603340.0,235,112.73,0.02,0.1,54.37,16.35,4294
Sabina Ddumba,50167161.166666664,235,113.13,0.15,0.1,54.19,16.35,4295
HIRAIDAI,242293574.0,858,115.97,0.74,0.59,52.89,16.34,4296
Dimitri Vegas & Like Mike,68155992.33571427,1915,116.2,0.21,1.41,52.79,16.34,4297
La Adictiva,300362862.5,1171,117.05,0.92,0.83,52.4,16.34,4298
Ektor,40727353.33333333,1442,115.17,0.12,1.04,53.26,16.34,4299
Berkay,33092319.0,203,112.98,0.1,0.08,54.26,16.34,4300
Iacho,3572121.75,100,112.53,0.01,0.0,54.46,16.34,4301
Markul,37818215.44444444,643,113.82,0.11,0.42,53.87,16.33,4302
Kumachan,2991717.833333333,121,112.74,0.01,0.02,54.37,16.32,4303
Amit Trivedi,99707186.0666667,332,113.96,0.3,0.18,53.81,16.32,4304
Slim Jxmmi,111763891.99999997,776,114.82,0.34,0.53,53.42,16.32,4305
Mannarino,6330635.0,100,112.74,0.02,0.0,54.37,16.32,4306
OG Eastbull,6549601.916666665,131,112.8,0.02,0.02,54.34,16.32,4307
Elvis Presley,312713137.5,668,116.46,0.95,0.44,52.67,16.31,4308
BEKA,46069152.333333336,208,113.32,0.14,0.08,54.1,16.31,4309
Ashnikko,302834017.0,927,116.86,0.92,0.64,52.49,16.31,4310
Elai Botner,3129538.0,200,112.98,0.01,0.08,54.26,16.31,4311
Crookers,58989098.91666672,322,113.66,0.18,0.17,53.95,16.31,4312
Elizabeth Tan,4040907.5,141,112.91,0.01,0.03,54.29,16.3,4313
Dudu,17253715.3,192,113.09,0.05,0.07,54.21,16.3,4314
Maquiny,17253715.3,192,113.09,0.05,0.07,54.21,16.3,4315
CHANYEOL,14822883.25,452,113.52,0.04,0.27,54.01,16.3,4316
The Lumineers,328436803.0,2916,120.52,1.0,2.19,50.82,16.3,4317
Terence Siufay,8903837.0,366,113.4,0.03,0.21,54.07,16.3,4318
Bramsito,36551033.16666667,180,113.27,0.11,0.06,54.12,16.3,4319
Elderbrook,25817140.833333336,498,113.71,0.08,0.31,53.92,16.3,4320
OUENZA,3350056.15,239,113.08,0.01,0.11,54.21,16.3,4321
MACAN,27412826.5,434,113.63,0.08,0.26,53.96,16.3,4322
BKO,23044934.61666666,302,113.42,0.07,0.16,54.06,16.29,4323
RANI,192932408.0,1312,116.68,0.59,0.94,52.57,16.29,4324
Neutro Shorty,4684849.65,139,112.99,0.01,0.03,54.25,16.29,4325
DyCy,4695921.666666669,121,112.99,0.01,0.02,54.25,16.29,4326
Niko,445782.0,153,112.99,0.0,0.04,54.25,16.29,4327
JAY1,60484390.33333333,239,113.65,0.18,0.11,53.95,16.29,4328
A Touch Of Class,123139052.5,1078,115.69,0.38,0.76,53.02,16.29,4329
Abi,1890409.0,144,112.96,0.01,0.03,54.27,16.29,4330
Juanes,304635286.7117647,5440,124.73,0.93,4.15,48.9,16.29,4331
Alexander Rybak,15470397.5,226,113.29,0.05,0.1,54.12,16.29,4332
Gerardo Ortiz,204116907.0,584,115.57,0.62,0.38,53.08,16.29,4333
Yoon Mirae,7296893.75,218,113.2,0.02,0.09,54.16,16.28,4334
Paul Rey,23890987.0,140,113.19,0.07,0.03,54.16,16.28,4335
Fred again..,51666971.66666668,608,114.29,0.16,0.39,53.66,16.28,4336
104,13566623.891666662,512,113.8,0.04,0.32,53.88,16.28,4337
Stanaj,37441520.5,467,113.92,0.11,0.29,53.83,16.28,4338
Kalash Criminel,57541172.64285715,370,113.95,0.18,0.21,53.81,16.28,4339
Felix Snow,33428918.333333336,473,113.87,0.1,0.29,53.85,16.28,4340
Chloe Angelides,29420325.0,422,113.76,0.09,0.25,53.9,16.28,4341
Wolftyla,4424430.800000002,126,113.08,0.01,0.02,54.21,16.27,4342
Yanix,4705447.083333334,144,113.1,0.01,0.03,54.2,16.27,4343
"Alkilados feat. Nicky Jam, J. Alvarez, El Roockie",13577894.0,681,114.13,0.04,0.45,53.73,16.27,4344
Jack,38864093.74999999,225,113.61,0.12,0.1,53.97,16.27,4345
Gigolo Y La Exce,26446103.883333333,978,114.72,0.08,0.68,53.46,16.27,4346
Pooh Shiesty,108973491.5,115,114.04,0.33,0.01,53.77,16.27,4347
Sadek,74853440.93357754,493,114.35,0.23,0.31,53.63,16.27,4348
Seafret,200981132.0,467,115.46,0.61,0.29,53.13,16.27,4349
Musiqq,720859.0,236,113.32,0.0,0.11,54.1,16.26,4350
Платина,31614015.16666666,560,114.19,0.1,0.36,53.71,16.26,4351
Trey Songz,207182822.25,689,115.99,0.63,0.46,52.88,16.25,4352
Darren Espanto,40052352.0,177,113.68,0.12,0.06,53.94,16.25,4353
Oxxxymiron,37015997.61111111,303,113.85,0.11,0.16,53.86,16.25,4354
Yeat,179002880.5,404,115.31,0.55,0.24,53.19,16.25,4355
حمو الطيخا,2677058.0,153,113.27,0.01,0.04,54.12,16.25,4356
KM,27583593.13333334,274,113.73,0.08,0.14,53.91,16.25,4357
Dr. Bellido,14961749.5,204,113.51,0.05,0.08,54.02,16.25,4358
Gavin James,128443760.83333331,1579,116.95,0.39,1.15,52.45,16.24,4359
Pasi ja Anssi,26701375.214285713,447,114.09,0.08,0.27,53.75,16.24,4360
Armani White,166274456.5,373,115.17,0.51,0.21,53.26,16.24,4361
Gökhan Türkmen,65906044.5,481,114.54,0.2,0.3,53.55,16.24,4362
Yall,43645922.5,529,114.43,0.13,0.33,53.6,16.23,4363
Bubbi Morthens,10693163.5,1534,115.82,0.03,1.11,52.96,16.23,4364
Free Finga,1753011.6666666665,261,113.61,0.0,0.13,53.97,16.23,4365
Leah Kate,89981924.0,143,114.17,0.27,0.03,53.71,16.23,4366
Milion Plus,3081273.0785714295,504,114.05,0.01,0.31,53.77,16.23,4367
Giorgia,20443607.833333336,128,113.66,0.06,0.02,53.95,16.22,4368
Will Heard,41078452.333333336,793,114.93,0.12,0.54,53.37,16.22,4369
Alpha Wann,26138610.750000004,128,113.7,0.08,0.02,53.93,16.22,4370
Mr.Rain,179575361.5,414,115.62,0.55,0.24,53.05,16.21,4371
Milow,20509665.763157893,234,113.9,0.06,0.1,53.84,16.21,4372
Margaret,35522301.916666664,302,114.15,0.11,0.16,53.72,16.21,4373
Radikal Chef,1842408.7142857143,194,113.61,0.0,0.07,53.97,16.21,4374
M-22,19036676.0,154,113.77,0.06,0.04,53.9,16.21,4375
Black Coffee,30526453.333333325,234,114.04,0.09,0.1,53.77,16.2,4376
TAEYEON,40742108.5,804,115.13,0.12,0.55,53.28,16.2,4377
Louisa Johnson,86134678.66666667,702,115.36,0.26,0.47,53.17,16.2,4378
Sukima Switch,65698280.0,360,114.61,0.2,0.2,53.51,16.19,4379
Borges,29614769.400000006,153,113.99,0.09,0.04,53.8,16.19,4380
Denise Rosenthal,24750962.16666666,153,113.9,0.07,0.04,53.84,16.19,4381
Natalia Lafourcade,306689305.0,2150,119.91,0.94,1.59,51.1,16.18,4382
Lvcas Dope,1738882.0166666664,306,114.06,0.0,0.16,53.76,16.18,4383
Buba Corelli,4546473.333333333,144,113.79,0.01,0.03,53.89,16.18,4384
Ajebo Hustlers,3131861.5,113,113.75,0.01,0.01,53.91,16.18,4385
Sensey,2600194.5,143,113.8,0.01,0.03,53.88,16.18,4386
Djaga Djaga,33410409.583333332,148,114.06,0.1,0.04,53.76,16.18,4387
Mikko Harju,15519388.0,186,114.08,0.05,0.07,53.76,16.17,4388
Tego Calderón,75549294.0,923,115.8,0.23,0.64,52.97,16.17,4389
ETC.,4600863.0,100,113.85,0.01,0.0,53.86,16.16,4390
Dillom,21124732.0,222,114.17,0.06,0.09,53.71,16.16,4391
The xx,76697140.0,1139,116.27,0.23,0.81,52.76,16.16,4392
SAYGRACE,69111733.5,771,115.55,0.21,0.52,53.08,16.16,4393
The Minds Of 99,70063218.0,695,115.45,0.21,0.46,53.13,16.16,4394
Mayday,72917487.0,2243,118.18,0.22,1.67,51.89,16.16,4395
Jereena Montemayor,4186511.0,108,113.97,0.01,0.01,53.81,16.15,4396
SCRUBB,38545318.5,487,114.9,0.12,0.3,53.38,16.15,4397
ARIETE,131514414.95000002,338,115.48,0.4,0.18,53.12,16.15,4398
Prāta Vētra,7401922.833333332,1555,116.48,0.02,1.13,52.66,16.15,4399
Luigi 21 Plus,8332553.65,385,114.42,0.02,0.22,53.6,16.15,4400
Grand Corps Malade,35081709.0,199,114.4,0.11,0.08,53.61,16.15,4401
Paramore,104041361.0,354,115.29,0.32,0.2,53.2,16.15,4402
Alif Satar,6817739.0,159,114.12,0.02,0.05,53.74,16.15,4403
XG,27913116.0,107,114.27,0.08,0.01,53.67,16.14,4404
K3,9184732.0,132,114.13,0.03,0.02,53.73,16.14,4405
Mobtrap,1862233.0,114,114.03,0.01,0.01,53.78,16.14,4406
Jay Sean,30597616.66666666,264,114.5,0.09,0.13,53.56,16.14,4407
Clara Mae,53132427.833333336,626,115.35,0.16,0.41,53.18,16.14,4408
Debbi,359243.07142857165,151,114.09,0.0,0.04,53.75,16.14,4409
Bloody Hawk,12677118.5,364,114.54,0.04,0.21,53.55,16.14,4410
18 Karat,34098855.333333336,157,114.34,0.1,0.04,53.64,16.14,4411
Why Don't We,261293240.0,2102,119.81,0.8,1.56,51.14,16.13,4412
JOY,7308012.0,107,114.12,0.02,0.01,53.74,16.13,4413
Sigurður Guðmundsson,824116.5,136,114.14,0.0,0.03,53.73,16.13,4414
No Limit,15005476.749999998,102,114.23,0.05,0.0,53.69,16.13,4415
S.Pri Noir,40052577.85897435,313,114.75,0.12,0.17,53.45,16.13,4416
MeloMance,6539247.0,112,114.22,0.02,0.01,53.69,16.12,4417
YV,9194643.52380952,163,114.31,0.03,0.05,53.65,16.12,4418
Avraham Aviv Alush,1383624.5,106,114.15,0.0,0.0,53.72,16.12,4419
Shelow Shaq,17288005.555555552,556,115.12,0.05,0.35,53.28,16.11,4420
Against The Current,2656672.75,263,114.51,0.01,0.13,53.56,16.11,4421
Adrian Sellevoll,15170120.166666668,119,114.37,0.05,0.01,53.62,16.11,4422
Jinny Ng,1755337.0,103,114.21,0.0,0.0,53.7,16.11,4423
Homer El Mero Mero,12300608.975000001,193,114.44,0.04,0.07,53.59,16.11,4424
Dinos,63776077.833333336,237,115.0,0.19,0.11,53.34,16.11,4425
Gentle Bones,6221273.666666667,173,114.41,0.02,0.06,53.6,16.11,4426
Mitch James,15643417.0,179,114.51,0.05,0.06,53.56,16.11,4427
Francesco Renga,9164599.0,130,114.38,0.03,0.02,53.62,16.1,4428
CORPSE,57300796.16666667,419,115.32,0.17,0.25,53.19,16.1,4429
Tuna,37893007.33333333,1394,116.87,0.12,1.01,52.48,16.1,4430
Жугунусов Мирас,2882684.0,171,114.43,0.01,0.06,53.6,16.1,4431
DJ Muscleboy,868696.0,123,114.31,0.0,0.02,53.65,16.1,4432
LOVV66,26318811.833333332,432,115.1,0.08,0.26,53.29,16.1,4433
Uru,67607516.0,265,115.22,0.21,0.13,53.24,16.1,4434
3robi,79950204.34999989,827,116.21,0.24,0.57,52.78,16.1,4435
Soraia Ramos,3215907.25,139,114.41,0.01,0.03,53.6,16.09,4436
The Blessed Madonna,20085652.5,305,114.88,0.06,0.16,53.39,16.09,4437
Gabrielle,33172260.5,217,114.85,0.1,0.09,53.4,16.09,4438
Yeng Constantino,40595435.75,286,115.01,0.12,0.14,53.33,16.09,4439
Dasoul,77847543.25,736,116.1,0.24,0.49,52.83,16.09,4440
Paty Cantú,20889222.0,266,114.79,0.06,0.13,53.43,16.09,4441
Maian,643686.1666666665,129,114.42,0.0,0.02,53.6,16.09,4442
Tiziano Ferro,55618531.0,381,115.29,0.17,0.22,53.2,16.09,4443
João Bosco & Vinicius,68417374.0,197,115.13,0.21,0.08,53.28,16.09,4444
Erdem Kınay,4486995.5,118,114.37,0.01,0.01,53.62,16.09,4445
Krept & Konan,28551568.821428575,148,114.7,0.09,0.04,53.47,16.09,4446
Picture This,46066933.5,819,115.95,0.14,0.56,52.9,16.09,4447
ATR Son Son,49292296.5,103,114.84,0.15,0.0,53.41,16.08,4448
Ricky Montgomery,130799453.0,189,115.71,0.4,0.07,53.01,16.08,4449
Mad Fuentes,35415674.66666667,332,115.09,0.11,0.18,53.29,16.08,4450
Ralph Tresvant,28947048.75,835,115.94,0.09,0.57,52.91,16.08,4451
LXST CXNTURY,6512800.5,185,114.63,0.02,0.07,53.5,16.08,4452
Anuv Jain,59185900.0,136,114.99,0.18,0.03,53.34,16.08,4453
FYRE,5362371.44047619,720,115.59,0.02,0.48,53.07,16.07,4454
Funzo & Baby Loud,74838441.5,179,115.32,0.23,0.06,53.19,16.07,4455
Big Soto,28606208.833333336,270,115.04,0.09,0.13,53.32,16.07,4456
Cash Cash,52568086.833333306,1015,116.54,0.16,0.71,52.63,16.07,4457
NOËP,3369812.666666667,767,115.67,0.01,0.52,53.03,16.07,4458
ABRA,19112162.0,257,114.98,0.06,0.12,53.34,16.06,4459
Ja Rule,28948206.416666668,836,116.06,0.09,0.57,52.85,16.06,4460
SZK,2153832.6833333336,355,115.01,0.01,0.2,53.33,16.06,4461
Emanuela,2043768.0,344,115.01,0.01,0.19,53.33,16.06,4462
42 Dugg,145253879.5,308,116.18,0.44,0.16,52.8,16.06,4463
Jón Jónsson,4165130.052631579,603,115.5,0.01,0.39,53.11,16.05,4464
4Keus,43355913.5,230,115.25,0.13,0.1,53.22,16.05,4465
Syamel,3887483.5,139,114.71,0.01,0.03,53.47,16.05,4466
เขียนไขและวานิช,11617493.0,139,114.81,0.03,0.03,53.42,16.05,4467
Čis T,910311.25,209,114.79,0.0,0.08,53.43,16.05,4468
Kevin Kaarl,422159673.0,2038,121.83,1.29,1.51,50.22,16.04,4469
D.OZi,3887231.0,174,114.89,0.01,0.06,53.39,16.04,4470
Antonio José,76527899.5,382,115.85,0.23,0.22,52.95,16.04,4471
Táo,7418293.0,147,114.89,0.02,0.04,53.39,16.04,4472
Young Multi,20774718.766666673,348,115.32,0.06,0.19,53.19,16.04,4473
Chuck Berry,212852268.0,349,117.0,0.65,0.19,52.42,16.04,4474
Sirah,1422443.1666666665,140,114.74,0.0,0.03,53.45,16.04,4475
HIEUTHUHAI,9472477.58333333,277,115.13,0.03,0.14,53.28,16.04,4476
SoFLY & Nius,8999204.333333334,114,114.9,0.03,0.01,53.38,16.03,4477
Matt Terry,39122515.0,287,115.49,0.12,0.15,53.11,16.03,4478
CHO,30289240.438095234,293,115.39,0.09,0.15,53.16,16.03,4479
Dany Synthé,8999204.333333334,114,114.9,0.03,0.01,53.38,16.03,4480
DannyLux,127505085.5,310,116.29,0.39,0.16,52.75,16.03,4481
Ele A El Dominio,13659970.121212121,221,115.11,0.04,0.09,53.29,16.03,4482
Bunga Citra Lestari,46198798.166666664,245,115.44,0.14,0.11,53.14,16.03,4483
Emicida,27507463.5,134,115.1,0.08,0.03,53.29,16.03,4484
070 Shake,7090187.233333329,161,114.97,0.02,0.05,53.35,16.03,4485
Şam,12744856.866666665,100,114.97,0.04,0.0,53.35,16.02,4486
Jhonny Rivera,8516211.666666659,301,115.33,0.03,0.16,53.19,16.02,4487
Grupo Extra,1719871.0,104,114.83,0.0,0.0,53.41,16.02,4488
Endy Chow,6837208.5,302,115.28,0.02,0.16,53.21,16.02,4489
Versatile,6080505.0,102,114.93,0.02,0.0,53.37,16.02,4490
The Strumbellas,80338601.0,589,116.42,0.24,0.38,52.69,16.02,4491
Javed Ali,59070448.83333333,230,115.61,0.18,0.1,53.06,16.02,4492
Jok'air,79234179.73333332,275,115.97,0.24,0.14,52.89,16.01,4493
Dane Amar,5110450.5,128,114.98,0.01,0.02,53.34,16.01,4494
Emperor Peeter 1.,883032.0,281,115.23,0.0,0.14,53.23,16.01,4495
Amir,37608243.5,385,115.72,0.11,0.22,53.01,16.01,4496
BIGBANG,58691336.0,1733,118.21,0.18,1.27,51.87,16.01,4497
Sharmoofers,1971327.0,169,115.04,0.01,0.05,53.32,16.01,4498
Tzlil Danin,3189407.5,236,115.23,0.01,0.11,53.23,16.01,4499
Papillon,9624131.833333332,274,115.36,0.03,0.14,53.17,16.01,4500
Văn,3311782.0,121,114.98,0.01,0.02,53.34,16.01,4501
EVERGLOW,19597221.0,210,115.32,0.06,0.09,53.19,16.01,4502
Max Giesinger,39472893.5,166,115.4,0.12,0.05,53.15,16.01,4503
Ms Nina,21239644.0,151,115.3,0.06,0.04,53.2,16.0,4504
KREAM,44468650.66666667,503,116.1,0.14,0.31,52.83,16.0,4505
MAMAMOO,27533178.0,399,115.78,0.08,0.23,52.98,16.0,4506
Recycled J,30542651.893137254,130,115.31,0.09,0.02,53.19,16.0,4507
Silva,28404579.666666668,104,115.27,0.09,0.0,53.21,16.0,4508
Eden Meiri,6219137.0,248,115.3,0.02,0.12,53.2,16.0,4509
Slimane,54411430.766666666,336,115.91,0.17,0.18,52.92,16.0,4510
Lo & Leduc,18145082.0,310,115.52,0.05,0.16,53.1,16.0,4511
Beauty Brain,21239644.0,151,115.3,0.06,0.04,53.2,16.0,4512
Andrelli,56283210.0,718,116.54,0.17,0.48,52.63,16.0,4513
Join The Club,41069944.0,137,115.42,0.12,0.03,53.14,16.0,4514
LunchMoney Lewis,116870297.83333334,887,117.39,0.36,0.61,52.25,16.0,4515
Jari Sillanpää,5677289.999999999,134,115.18,0.02,0.03,53.25,15.99,4516
Luis Gabriel,2886448.0,117,115.13,0.01,0.01,53.28,15.99,4517
音阙诗听,7540817.5,224,115.4,0.02,0.1,53.15,15.98,4518
Alex Velea,1814045.8333333328,133,115.18,0.0,0.03,53.25,15.98,4519
Boombox,2247655.5,107,115.17,0.01,0.01,53.26,15.98,4520
Kim Larsen,14785910.0,134,115.36,0.04,0.03,53.17,15.98,4521
Beret,374334006.3333333,1913,121.61,1.14,1.41,50.32,15.98,4522
Matthew Wilder,39022036.0,169,115.59,0.12,0.05,53.07,15.98,4523
赵方婧,7540817.5,224,115.4,0.02,0.1,53.15,15.98,4524
Hamo ElTikha,1645647.0,100,115.19,0.0,0.0,53.25,15.98,4525
Franco126,57284826.91666667,291,116.08,0.17,0.15,52.84,15.97,4526
LouiVos,34885228.60833335,324,115.91,0.11,0.17,52.92,15.97,4527
Yemil,4683362.516666667,524,115.97,0.01,0.33,52.89,15.97,4528
Taburete,84290151.33333333,365,116.42,0.26,0.21,52.69,15.97,4529
Hugo Helmig,11266924.0,114,115.41,0.03,0.01,53.15,15.96,4530
Kylie Minogue,181820381.75,547,117.68,0.55,0.35,52.11,15.96,4531
Mohbad,4026397.666666667,146,115.38,0.01,0.04,53.16,15.96,4532
Jayh,38730019.32619048,446,116.24,0.12,0.27,52.77,15.96,4533
Zella Day,1207112.0,148,115.46,0.0,0.04,53.13,15.95,4534
Jay Park,4648544.666666667,248,115.69,0.01,0.12,53.02,15.95,4535
Idris Elba,8355975.000000002,121,115.47,0.02,0.02,53.12,15.95,4536
Trung Quân,5716530.0,119,115.5,0.02,0.01,53.11,15.94,4537
Nikos Oikonomopoulos,8526370.0,493,116.17,0.03,0.31,52.8,15.94,4538
Kim Dracula,5787189.0,101,115.51,0.02,0.0,53.1,15.94,4539
Paulina Rubio,34319020.51666668,978,117.24,0.1,0.68,52.31,15.94,4540
Calcutta ,82618760.91666666,320,116.59,0.25,0.17,52.61,15.93,4541
Marc Tatchapon,4760518.0,168,115.63,0.01,0.05,53.05,15.93,4542
APO Hiking Society,35998554.0,108,115.85,0.11,0.01,52.95,15.93,4543
Gísli Pálmi,684893.1666666667,192,115.65,0.0,0.07,53.04,15.93,4544
GLOWINTHEDARK,12849910.933333334,189,115.75,0.04,0.07,52.99,15.93,4545
Sofia Carson,17981947.0,175,115.82,0.05,0.06,52.96,15.93,4546
MUKKA,22206593.5,384,116.22,0.07,0.22,52.78,15.93,4547
MIST,42617126.083333336,159,116.08,0.13,0.05,52.84,15.92,4548
Tai Verdes,166814886.0,249,117.39,0.51,0.12,52.25,15.92,4549
Alejandro Sanz,127035127.5166667,2405,120.65,0.39,1.79,50.76,15.92,4550
The Avener,38009805.166666664,751,117.07,0.12,0.51,52.39,15.92,4551
вышел покурить,8473286.0,136,115.76,0.03,0.03,52.99,15.92,4552
TheOvertunes,124900466.0,516,117.42,0.38,0.32,52.23,15.92,4553
N'Samble,13543522.0,127,115.85,0.04,0.02,52.95,15.91,4554
Bolaget,89779296.0,429,117.03,0.27,0.26,52.41,15.91,4555
Ralphy River,1746523.6666666658,119,115.68,0.0,0.01,53.03,15.91,4556
Gen Hoshino,95644753.0,403,117.01,0.29,0.24,52.42,15.91,4557
Aleman,102029198.44999997,313,116.95,0.31,0.17,52.45,15.91,4558
Hack & Tree,1746523.6666666658,119,115.68,0.0,0.01,53.03,15.91,4559
HEIZE,2563929.333333333,139,115.74,0.01,0.03,53.0,15.91,4560
S-Crew,35102202.333333336,146,116.16,0.11,0.04,52.81,15.9,4561
Halott Pénz,17798841.63333333,1528,118.35,0.05,1.11,51.81,15.9,4562
Rainie Yang,22440883.5,533,116.65,0.07,0.34,52.58,15.9,4563
Costa Gold,39997528.749999985,184,116.26,0.12,0.07,52.76,15.9,4564
Lucky Luke,61606117.0,319,116.67,0.19,0.17,52.57,15.9,4565
Gurlez Akhtar,23929621.5,112,115.95,0.07,0.01,52.9,15.9,4566
Misshmusic,1561286.3333333333,123,115.82,0.0,0.02,52.96,15.89,4567
Javed-Mohsin,42591104.499999985,229,116.41,0.13,0.1,52.69,15.89,4568
7th Block,1174759.166666667,174,115.93,0.0,0.06,52.91,15.89,4569
Los 4,41740095.5,602,117.05,0.13,0.39,52.4,15.89,4570
Delaney Jane,7485702.166666667,214,116.06,0.02,0.09,52.85,15.89,4571
Azzy,26311086.333333332,276,116.47,0.08,0.14,52.67,15.88,4572
Clairo,410889429.5,732,120.58,1.25,0.49,50.79,15.88,4573
Musical Youth,87091863.0,156,116.74,0.27,0.04,52.54,15.88,4574
ONEMANSHOW Foundation,3975967.0,113,115.96,0.01,0.01,52.9,15.88,4575
BUMP OF CHICKEN,46812980.0,187,116.47,0.14,0.07,52.67,15.88,4576
DYSTINCT,7836756.75,221,116.25,0.02,0.09,52.77,15.87,4577
Mykola Dmytrovych Leontovych,69632446.5,255,116.82,0.21,0.12,52.51,15.87,4578
Sharo Towers,4586342.183333334,282,116.27,0.01,0.14,52.76,15.87,4579
A$AP Ferg,480346305.90000004,963,121.71,1.47,0.67,50.28,15.87,4580
Alexander Tidebrink,23114398.5,324,116.55,0.07,0.17,52.63,15.87,4581
Bhaskar,22846164.8,111,116.2,0.07,0.01,52.79,15.87,4582
MC Josh,41983941.83333332,109,116.36,0.13,0.01,52.72,15.87,4583
Rim'K,72599381.19444442,402,117.09,0.22,0.23,52.38,15.87,4584
Cami,140478255.0862069,815,118.44,0.43,0.56,51.77,15.87,4585
Soprano,76927609.19627593,641,117.61,0.23,0.42,52.15,15.86,4586
Hivi!,181816343.5,830,118.91,0.55,0.57,51.55,15.86,4587
Kymppilinja,8254015.5,135,116.13,0.02,0.03,52.82,15.86,4588
MC Menor da VG,27713892.939988114,156,116.38,0.08,0.04,52.71,15.86,4589
TAEYANG,46342729.5,292,116.77,0.14,0.15,52.53,15.86,4590
Vintage Culture,54871372.83333333,221,116.82,0.17,0.09,52.51,15.85,4591
Christine and the Queens,31754405.833333332,385,116.85,0.1,0.22,52.49,15.85,4592
Russ,422610051.00000006,738,121.0,1.29,0.5,50.6,15.85,4593
Nicklas Sahl,12327670.0,125,116.26,0.04,0.02,52.76,15.85,4594
Cano,30495354.166666657,113,116.38,0.09,0.01,52.71,15.85,4595
Dons,1319060.833333333,373,116.57,0.0,0.21,52.62,15.85,4596
Tessa Odden,7087131.333333334,112,116.17,0.02,0.01,52.8,15.85,4597
Emil Stabil,25145758.5,299,116.74,0.08,0.15,52.54,15.84,4598
Savage,25209304.666666668,483,117.03,0.08,0.3,52.41,15.84,4599
Reykon,142344655.0,2995,122.35,0.43,2.25,49.98,15.84,4600
Pineapple StormTv,80830590.41872293,867,118.24,0.25,0.6,51.86,15.84,4601
Kianush,60032881.83333336,258,116.98,0.18,0.12,52.43,15.84,4602
La Manta,446739.8333333334,101,116.19,0.0,0.0,52.79,15.84,4603
Mag Lam,2833348.0,100,116.18,0.01,0.0,52.8,15.84,4604
Ozbi,78822661.72222221,340,117.39,0.24,0.19,52.25,15.83,4605
Haftbefehl,56093684.58333332,261,117.06,0.17,0.13,52.4,15.83,4606
D.T.E,10273439.75,149,116.42,0.03,0.04,52.69,15.83,4607
K.I.Z,73052945.13333334,352,117.31,0.22,0.2,52.28,15.83,4608
Julia Wu,11893212.5,301,116.73,0.04,0.16,52.55,15.83,4609
Jory Boy,38183391.700000025,1243,118.59,0.12,0.89,51.7,15.83,4610
Randy,46663867.86666672,702,117.72,0.14,0.47,52.1,15.83,4611
MOKABY,10273439.75,149,116.42,0.03,0.04,52.69,15.83,4612
Konfuz,11564901.0,154,116.44,0.03,0.04,52.68,15.83,4613
VAX,10917723.5,118,116.38,0.03,0.01,52.71,15.83,4614
Chyno Miranda,5935021.66666667,303,116.69,0.02,0.16,52.57,15.83,4615
Rest,5602475.166666667,238,116.53,0.02,0.11,52.64,15.83,4616
JUDE,2944051.5,114,116.38,0.01,0.01,52.71,15.82,4617
JANNABI,2625442.0,138,116.43,0.01,0.03,52.68,15.82,4618
Amaia,34715477.99999999,162,116.85,0.11,0.05,52.49,15.81,4619
Atanas Kolev,1160048.5,216,116.61,0.0,0.09,52.6,15.81,4620
No.1,70556809.08333333,437,117.58,0.21,0.26,52.16,15.81,4621
Alkilados,24031719.0,1307,118.66,0.07,0.94,51.67,15.81,4622
Lynda,14943700.850000001,115,116.5,0.04,0.01,52.65,15.81,4623
Andra & The Backbone,74340532.0,291,117.39,0.23,0.15,52.25,15.81,4624
Eyal Golan,18564765.5,770,117.68,0.06,0.52,52.11,15.81,4625
Aerozen,5565976.349999997,287,116.77,0.02,0.15,52.53,15.81,4626
FEDUK,17298239.3,753,117.67,0.05,0.51,52.12,15.81,4627
Paulie Garand,2164715.166666666,276,116.82,0.01,0.14,52.51,15.8,4628
Justin Lo,11649856.0,505,117.25,0.03,0.31,52.31,15.8,4629
Laniia,24803897.5,186,116.84,0.08,0.07,52.5,15.8,4630
Raving George,2035428.5,126,116.58,0.01,0.02,52.62,15.8,4631
Jairzinho,48815714.01666668,534,117.69,0.15,0.34,52.11,15.8,4632
Elias Abbas,7066414.945833336,114,116.55,0.02,0.01,52.63,15.8,4633
Gwen Stefani,90225862.5,865,118.61,0.27,0.59,51.69,15.79,4634
Dina Rae,29302922.0,255,117.06,0.09,0.12,52.4,15.79,4635
Lucas & Steve,54681582.66666666,447,117.6,0.17,0.27,52.15,15.79,4636
Kaz Bałagane,8058158.8,106,116.57,0.02,0.0,52.62,15.79,4637
Matias Damásio,8370147.5,211,116.82,0.02,0.09,52.51,15.79,4638
Spike,4492929.833333333,232,116.79,0.01,0.1,52.52,15.79,4639
Thomas Gold,8124762.5,149,116.69,0.02,0.04,52.57,15.79,4640
Eyelar,14035084.5,109,116.77,0.04,0.01,52.53,15.78,4641
Hayki,6097725.874969474,134,116.72,0.02,0.03,52.55,15.78,4642
Afro Bros,28175764.435714263,683,117.88,0.09,0.45,52.02,15.78,4643
Hipsumhaps,763514.3859649122,106,116.6,0.0,0.0,52.61,15.78,4644
Daniel Everidge,15629940.799999993,205,117.01,0.05,0.08,52.42,15.77,4645
VELVET,1007775.5,136,116.76,0.0,0.03,52.53,15.77,4646
Tarrus Riley,38377800.33333342,1307,119.12,0.12,0.94,51.46,15.77,4647
Aminé,580026022.5,759,122.97,1.77,0.51,49.7,15.77,4648
R3HAB,172771314.33333334,2199,121.78,0.53,1.63,50.24,15.77,4649
Rod Wave,248702697.5,265,119.22,0.76,0.13,51.41,15.77,4650
Ammy Virk,18177731.0,135,116.87,0.05,0.03,52.48,15.77,4651
Lucas Sugo,8595636.833333334,371,117.21,0.03,0.21,52.33,15.77,4652
SpecialBeatz,559573.6666666665,102,116.79,0.0,0.0,52.52,15.76,4653
Yoga Lin,44071609.0,896,118.52,0.13,0.62,51.73,15.76,4654
El Vega,5828208.333333334,366,117.3,0.02,0.21,52.29,15.76,4655
Adolescent's Orquesta,58081180.0,410,117.81,0.18,0.24,52.05,15.76,4656
WC no Beat,35670675.33333335,187,117.24,0.11,0.07,52.31,15.76,4657
Los Ángeles Azules,156847351.8333333,2207,121.72,0.48,1.64,50.27,15.76,4658
Artik & Asti,10368738.5,102,116.85,0.03,0.0,52.49,15.76,4659
Yaro,20377356.766666666,115,117.01,0.06,0.01,52.42,15.75,4660
99 Souls,65621067.75,282,117.73,0.2,0.14,52.09,15.75,4661
Salve Malak,73238483.75800866,763,118.66,0.22,0.52,51.67,15.75,4662
Faster,2684753.5,252,117.16,0.01,0.12,52.35,15.75,4663
Jacob Forever,35095886.25,942,118.58,0.11,0.65,51.7,15.75,4664
Omega,17050037.0,130,117.03,0.05,0.02,52.41,15.75,4665
Michalis Hatzigiannis,2251037.0,103,116.85,0.01,0.0,52.49,15.75,4666
Yaşlı Amca,102278084.0,340,118.24,0.31,0.19,51.86,15.74,4667
CamelPhat,38158798.5,565,118.01,0.12,0.36,51.96,15.74,4668
Mc IG,69646890.4649881,157,117.68,0.21,0.04,52.11,15.73,4669
Il Pagante,58366801.5,222,117.68,0.18,0.09,52.11,15.73,4670
Jacob Banks,19318795.5,159,117.27,0.06,0.05,52.3,15.73,4671
Stray Kids,106468229.66666667,600,118.78,0.32,0.39,51.61,15.73,4672
Kelvin Jones,24810450.763157897,410,117.83,0.08,0.24,52.05,15.72,4673
Bobby Shmurda,131808262.25,446,118.78,0.4,0.27,51.61,15.72,4674
Baby Tate,62382060.333333336,203,117.78,0.19,0.08,52.07,15.72,4675
Jillian Edwards,8130632.5,150,117.23,0.02,0.04,52.32,15.72,4676
Harun Kolçak,2869438.5,102,117.1,0.01,0.0,52.38,15.72,4677
Blizzy,10218129.64166667,164,117.24,0.03,0.05,52.31,15.72,4678
8 Kambarys,1639183.3333333335,398,117.6,0.0,0.23,52.15,15.71,4679
JACKBOYS,164075385.83333322,1640,121.25,0.5,1.2,50.49,15.71,4680
Panther Chan,6561933.0,185,117.31,0.02,0.07,52.28,15.71,4681
Kyle Pearce,7746074.5,126,117.22,0.02,0.02,52.32,15.71,4682
ScHoolboy Q,229273873.53333327,1152,121.01,0.7,0.82,50.6,15.71,4683
D.O.,16217144.5,114,117.3,0.05,0.01,52.29,15.71,4684
Kevin Gates,402473276.3333334,451,121.42,1.23,0.27,50.41,15.7,4685
SPITZ,85036953.0,642,118.88,0.26,0.42,51.57,15.7,4686
Shehab,5464932.5,363,117.68,0.02,0.2,52.11,15.7,4687
Janice Vidal,18418161.5,718,118.39,0.06,0.48,51.79,15.7,4688
Hitimpulse,11743539.333333332,100,117.34,0.04,0.0,52.27,15.7,4689
CHEN,3188196.333333335,233,117.54,0.01,0.1,52.18,15.69,4690
Ozols,698988.3333333334,174,117.4,0.0,0.06,52.24,15.69,4691
The Motans,3209289.25,294,117.68,0.01,0.15,52.11,15.68,4692
BROODS,8238017.5,220,117.6,0.02,0.09,52.15,15.68,4693
Vanya,520830.5,146,117.47,0.0,0.04,52.21,15.68,4694
H.E.R.,267238074.33333334,1531,122.16,0.82,1.11,50.07,15.68,4695
ADHD,19465724.666666668,256,117.8,0.06,0.12,52.06,15.68,4696
Ivri Lider,5362921.25,266,117.74,0.02,0.13,52.09,15.67,4697
Side Baby,21870204.799999997,117,117.62,0.07,0.01,52.14,15.67,4698
Symptom,449048.0,161,117.52,0.0,0.05,52.19,15.67,4699
Noriyuki Makihara,7501232.0,107,117.48,0.02,0.01,52.2,15.67,4700
M Huncho,30107541.499999996,106,117.76,0.09,0.0,52.08,15.66,4701
Tyson Yoshi,6417391.5,196,117.73,0.02,0.07,52.09,15.66,4702
Yerin Baek,4404525.0,186,117.66,0.01,0.07,52.12,15.66,4703
ONEFOUR,34483897.63333333,177,117.9,0.1,0.06,52.01,15.66,4704
J SOUL BROTHERS III,8720584.5,135,117.71,0.03,0.03,52.1,15.65,4705
John Williams,70948403.0,271,118.49,0.22,0.13,51.74,15.65,4706
Cochise,104133327.0,487,119.15,0.32,0.3,51.44,15.65,4707
Bohemia,19410954.33333333,119,117.77,0.06,0.01,52.07,15.65,4708
Jass Manak,42627274.333333336,200,118.1,0.13,0.08,51.92,15.65,4709
Bruno Major,49599853.0,188,118.14,0.15,0.07,51.9,15.65,4710
Karan Sehmbi,4088892.2025641026,128,117.73,0.01,0.02,52.09,15.64,4711
Pell,822140.5,105,117.64,0.0,0.0,52.13,15.64,4712
D’MASIV,21218443.333333336,120,117.88,0.06,0.02,52.02,15.64,4713
Sorana,9483059.0,153,117.84,0.03,0.04,52.04,15.64,4714
Andy Panda,2046172.8333333335,107,117.71,0.01,0.01,52.1,15.64,4715
Redfoo,43463792.5,607,118.86,0.13,0.39,51.58,15.64,4716
Max Korzh,40323103.0,897,119.42,0.12,0.62,51.32,15.63,4717
DELLAFUENTE,35609545.166666664,176,118.2,0.11,0.06,51.88,15.63,4718
Fantasia,3769865.0,132,117.8,0.01,0.02,52.06,15.63,4719
The Rare Occasions,220836497.0,401,120.22,0.67,0.23,50.96,15.63,4720
Fler,50159174.25,178,118.31,0.15,0.06,51.83,15.63,4721
DJ BOY,27718894.72103174,109,117.97,0.08,0.01,51.98,15.63,4722
Jebroer,21238000.06666667,239,118.2,0.06,0.11,51.88,15.62,4723
Don Chezina,8696039.964285713,329,118.28,0.03,0.18,51.84,15.62,4724
Austin Mahone,14804248.999999998,398,118.47,0.04,0.23,51.75,15.61,4725
Beach Bunny,120069212.0,177,119.09,0.37,0.06,51.47,15.61,4726
Horváth Tamás,2811916.0,212,118.09,0.01,0.09,51.93,15.61,4727
Sunidhi Chauhan,25036972.6,144,118.12,0.08,0.03,51.91,15.61,4728
Janne Ordén,5778987.5,126,117.92,0.02,0.02,52.0,15.61,4729
Natalie Perez,26515751.0,169,118.3,0.08,0.05,51.83,15.6,4730
Wellhello,4341456.0,521,118.66,0.01,0.33,51.67,15.6,4731
KZ Tandingan,63582412.0,295,118.81,0.19,0.15,51.6,15.6,4732
Frah Quintale,66593471.33333333,269,118.84,0.2,0.13,51.58,15.59,4733
MOMOLAND,52544465.0,498,119.16,0.16,0.31,51.44,15.59,4734
Hearts & Colors,63520486.666666664,803,119.74,0.19,0.55,51.17,15.59,4735
Latifah,34713351.99999998,258,118.59,0.11,0.12,51.7,15.59,4736
Rosa Chemical,29192871.816666663,122,118.27,0.09,0.02,51.84,15.59,4737
Ali Bumaye,14870714.0,117,118.13,0.04,0.01,51.91,15.59,4738
Yung Hurn,39514128.16666666,349,118.82,0.12,0.19,51.59,15.58,4739
DJ Fresh,19044933.39999998,267,118.55,0.06,0.13,51.72,15.58,4740
KALEO,54191884.0,1884,121.62,0.16,1.39,50.32,15.58,4741
Wilkinson,28116904.5,273,118.64,0.09,0.13,51.68,15.58,4742
Prateek Kuhad,29643503.0,129,118.43,0.09,0.02,51.77,15.57,4743
SEVENTEEN,81822451.0,777,120.14,0.25,0.53,50.99,15.56,4744
Italian Somali,2916623.8833333333,302,118.62,0.01,0.16,51.68,15.56,4745
Fresto Music,16001947.0,114,118.4,0.05,0.01,51.79,15.56,4746
Monique,948658.9166666666,179,118.41,0.0,0.06,51.78,15.55,4747
Luiz Lins,11627564.23333333,158,118.51,0.03,0.05,51.74,15.55,4748
Nanpa Básico,70067694.83333334,250,119.16,0.21,0.12,51.44,15.55,4749
Yailin la Mas Viral,7401459.322222222,281,118.66,0.02,0.14,51.67,15.55,4750
Naz Tokio,14655089.0,319,118.9,0.04,0.17,51.56,15.54,4751
LISTENBEE,14655089.0,319,118.9,0.04,0.17,51.56,15.54,4752
LIL KRYSTALLL,14515228.0,207,118.72,0.04,0.08,51.64,15.53,4753
Fave,3409611.5,115,118.49,0.01,0.01,51.74,15.53,4754
Zacarias Ferreira,1362027.5,148,118.49,0.0,0.04,51.74,15.53,4755
Hook N Sling,82093053.66666666,762,120.28,0.25,0.51,50.93,15.53,4756
Valdimar Guðmundsson,323690.552631579,107,118.5,0.0,0.01,51.74,15.53,4757
Konshens,15285878.533333315,893,119.95,0.05,0.62,51.08,15.53,4758
Shreya Ghoshal,105826865.51923081,679,120.39,0.32,0.45,50.88,15.53,4759
Ily,1853816.5,169,118.59,0.01,0.05,51.7,15.53,4760
Miss Bolivia,2052377.5,129,118.52,0.01,0.02,51.73,15.53,4761
Leo García,2052377.5,129,118.52,0.01,0.02,51.73,15.53,4762
Tesher,31949775.5,346,119.23,0.1,0.19,51.41,15.52,4763
Faydee,13241918.0,573,119.41,0.04,0.37,51.32,15.52,4764
Nogizaka46,25143905.0,277,119.06,0.08,0.14,51.48,15.52,4765
Emma,25244212.833333332,211,118.95,0.08,0.09,51.53,15.52,4766
Sarah Geronimo,74274321.0,466,119.89,0.23,0.28,51.11,15.51,4767
Nocny,21117204.5,366,119.25,0.06,0.21,51.4,15.51,4768
NCT 127,35695358.5,403,119.47,0.11,0.24,51.3,15.51,4769
Elliphant,12368860.616666669,184,118.97,0.04,0.07,51.53,15.5,4770
Oscar and the Wolf,10610256.5,422,119.28,0.03,0.25,51.38,15.5,4771
sumika,37378424.0,231,119.28,0.11,0.1,51.38,15.49,4772
Dani Fernández,103541934.0,275,120.0,0.32,0.14,51.06,15.49,4773
Mert,73768215.5,291,119.74,0.22,0.15,51.17,15.48,4774
Kamil Hoffmann,3775535.685714286,585,119.71,0.01,0.38,51.19,15.48,4775
MISIA,19865635.5,259,119.22,0.06,0.12,51.41,15.48,4776
Malú,21927306.411764704,240,119.26,0.07,0.11,51.39,15.48,4777
İrem Derici,28113673.5,242,119.31,0.09,0.11,51.37,15.48,4778
Jon Z,119550106.35216463,1963,123.03,0.36,1.45,49.67,15.48,4779
Postgirobygget,13648886.166666666,150,119.09,0.04,0.04,51.47,15.47,4780
Fobia Kid,2152334.6,223,119.13,0.01,0.1,51.45,15.47,4781
David Bowie,264321897.0,2030,124.57,0.81,1.5,48.97,15.47,4782
Niro,40776485.78888889,263,119.5,0.12,0.13,51.28,15.47,4783
Sarius,23113104.655555554,352,119.49,0.07,0.2,51.29,15.47,4784
Neffa,24254881.000000004,205,119.32,0.07,0.08,51.37,15.46,4785
MARINA,67431773.66666666,417,120.14,0.21,0.25,50.99,15.46,4786
Cliff Richard,31805671.0,119,119.26,0.1,0.01,51.39,15.46,4787
Ravid Plotnik,36681257.5,1384,121.48,0.11,1.0,50.38,15.46,4788
SDP,59095270.5,308,119.8,0.18,0.16,51.15,15.46,4789
Izi,161591096.1666666,813,121.59,0.49,0.55,50.33,15.46,4790
Roman GianArthur,44027286.5,232,119.53,0.13,0.1,51.27,15.46,4791
Of Monsters and Men,35358776.0,995,120.83,0.11,0.7,50.68,15.46,4792
Wanda,3376391.0,210,119.26,0.01,0.09,51.39,15.45,4793
Blue Shade,9479564.0,128,119.18,0.03,0.02,51.43,15.45,4794
Bartofso,10666258.333333336,108,119.12,0.03,0.01,51.46,15.45,4795
Alberto Grasu,1724064.0,115,119.03,0.0,0.01,51.5,15.45,4796
BAEKHYUN,11617233.33333334,189,119.29,0.03,0.07,51.38,15.45,4797
Ella Mai,295225391.1666667,449,122.28,0.9,0.27,50.02,15.45,4798
Dvicio,68931761.38541666,508,120.32,0.21,0.32,50.91,15.45,4799
Wrabel,4953708.5,139,119.18,0.01,0.03,51.43,15.44,4800
Krono,89628695.9999998,1056,121.51,0.27,0.74,50.37,15.44,4801
Aaron Smith,89628695.9999998,1056,121.51,0.27,0.74,50.37,15.44,4802
Bob do Contra,21889493.633333333,252,119.57,0.07,0.12,51.25,15.44,4803
Diogo Piçarra,16231605.0,675,120.24,0.05,0.45,50.95,15.44,4804
Luvli,89628695.9999998,1056,121.51,0.27,0.74,50.37,15.44,4805
Yaviah,68050931.5,981,121.26,0.21,0.68,50.48,15.43,4806
Al James,89787826.0,277,120.25,0.27,0.14,50.94,15.43,4807
Cir.Cuz,8309266.0,109,119.25,0.02,0.01,51.4,15.43,4808
Gorgon City,11048084.000000002,244,119.47,0.03,0.11,51.3,15.43,4809
Westlife,13797093.0,112,119.29,0.04,0.01,51.38,15.43,4810
Melissa Robles,27211780.666666664,148,119.59,0.08,0.04,51.24,15.42,4811
KAYEF,64469442.7631579,198,120.04,0.2,0.08,51.04,15.42,4812
Highasakite,22166661.5,221,119.69,0.07,0.09,51.2,15.42,4813
Pakho Chau,14868669.5,844,120.61,0.04,0.58,50.78,15.42,4814
POLINA,9405602.0,239,119.59,0.03,0.11,51.24,15.42,4815
Fire EX.,4350062.666666666,142,119.38,0.01,0.03,51.34,15.42,4816
Vic9,14148353.783333337,146,119.47,0.04,0.04,51.3,15.42,4817
Monty,103651805.5,448,120.75,0.32,0.27,50.71,15.42,4818
XXX Rottweiler hundar,549381.3333333334,100,119.28,0.0,0.0,51.38,15.41,4819
Håkan Hellström,124403752.25,744,121.53,0.38,0.5,50.36,15.41,4820
Skinny Days,5804092.833333334,102,119.39,0.02,0.0,51.33,15.41,4821
老王樂隊,10114690.0,195,119.62,0.03,0.07,51.23,15.4,4822
Jacin Trill,21619485.0,139,119.63,0.07,0.03,51.22,15.4,4823
Pipe Bueno,3594956.0,176,119.55,0.01,0.06,51.26,15.4,4824
Moby,23459930.916666664,223,119.84,0.07,0.1,51.13,15.4,4825
Agapornis,29740988.83333332,608,120.6,0.09,0.39,50.78,15.39,4826
Ex Battalion,23726555.35,119,119.73,0.07,0.01,51.18,15.39,4827
Kali,15694455.233333327,1364,121.75,0.05,0.98,50.26,15.39,4828
Deb’s Daughter,5539567.650000003,156,119.61,0.02,0.04,51.23,15.39,4829
Hef,56574191.93809526,524,120.76,0.17,0.33,50.71,15.38,4830
Gaullin,81721183.5,341,120.71,0.25,0.19,50.73,15.38,4831
Tamer Ashour,6740222.0,499,120.25,0.02,0.31,50.94,15.38,4832
Bryce Vine,96627251.0,203,120.53,0.29,0.08,50.81,15.38,4833
Sara Bareilles,2675463.0,141,119.62,0.01,0.03,51.23,15.38,4834
Fernando Daniel,8200310.5,264,119.93,0.02,0.13,51.09,15.37,4835
säm,518708.5,126,119.65,0.0,0.02,51.22,15.37,4836
Klava Koka,9085060.5,238,119.96,0.03,0.11,51.07,15.37,4837
Vundabar,105248145.0,232,120.75,0.32,0.1,50.71,15.37,4838
Rex Orange County,303544413.0,655,123.29,0.93,0.43,49.56,15.37,4839
Marseaux,5177364.083333333,147,119.84,0.02,0.04,51.13,15.36,4840
Maná,57503604.5,2109,123.61,0.17,1.56,49.41,15.36,4841
Guyon Waton,48492034.5,130,120.15,0.15,0.02,50.99,15.36,4842
KSHMR,26834701.99999999,693,120.93,0.08,0.46,50.63,15.36,4843
Joker Xue,50005418.5,1107,121.81,0.15,0.78,50.23,15.36,4844
Santaferia,157438118.0862069,714,122.17,0.48,0.48,50.07,15.36,4845
Diona,657787.0,177,119.81,0.0,0.06,51.14,15.36,4846
Tattoo Colour,44162151.5,549,120.85,0.13,0.35,50.67,15.36,4847
Wyclef Jean,36887215.083333336,582,120.81,0.11,0.37,50.69,15.36,4848
Demarco Flamenco,30416057.5,164,120.06,0.09,0.05,51.03,15.36,4849
Christos Mastoras,3260329.0,161,119.93,0.01,0.05,51.09,15.35,4850
Orochi,121385715.1357142,591,121.66,0.37,0.38,50.3,15.35,4851
HammAli & Navai,17711834.5,350,120.33,0.05,0.19,50.91,15.35,4852
Mark B.,7734968.588888884,644,120.71,0.02,0.42,50.73,15.35,4853
RÜFÜS DU SOL,36573884.0,262,120.34,0.11,0.13,50.9,15.35,4854
OH MY GIRL,4718578.0,132,119.93,0.01,0.02,51.09,15.34,4855
Sun-El Musician,972282.5,113,119.85,0.0,0.01,51.12,15.34,4856
HGEMONA$,6280371.5,221,120.18,0.02,0.09,50.97,15.33,4857
MONATIK,1873147.6666666667,118,119.92,0.01,0.01,51.09,15.33,4858
Janax,18567330.500000007,117,120.13,0.06,0.01,51.0,15.33,4859
Byejack,2597606.0,125,120.04,0.01,0.02,51.04,15.32,4860
Play-N-Skillz,15297147.666666668,487,120.77,0.05,0.3,50.7,15.32,4861
C AllStar,19517364.0,608,121.04,0.06,0.39,50.58,15.32,4862
Princess Nokia,49238255.0,260,120.68,0.15,0.12,50.75,15.32,4863
Sheena Ringo,28691085.5,232,120.5,0.09,0.1,50.83,15.32,4864
Cepeda,32447597.5,109,120.37,0.1,0.01,50.89,15.31,4865
Cynthia Luz,35714040.952380955,231,120.59,0.11,0.1,50.79,15.31,4866
Alexis y Fido,84825977.50000003,2231,124.43,0.26,1.66,49.04,15.31,4867
Fleur East,59739438.0,289,120.93,0.18,0.15,50.63,15.31,4868
Kadebostany,2267044.0,113,120.18,0.01,0.01,50.97,15.3,4869
Dim4ou,396594.8571428572,173,120.27,0.0,0.06,50.93,15.3,4870
Brainstorm,631351.0,196,120.27,0.0,0.07,50.93,15.3,4871
Wany Hasrita,5117763.5,123,120.2,0.01,0.02,50.96,15.3,4872
ARASHI,79462979.5,406,121.36,0.24,0.24,50.44,15.3,4873
Yuridia,114228881.0,272,121.5,0.35,0.13,50.37,15.29,4874
YBN Nahmir,293609546.9999998,331,123.23,0.9,0.18,49.58,15.29,4875
Kempi,15805084.191666666,202,120.53,0.05,0.08,50.81,15.29,4876
Mataya,3074506.0000000005,116,120.23,0.01,0.01,50.95,15.29,4877
Pusha T,74527067.53333329,423,121.43,0.23,0.25,50.4,15.29,4878
Murat Boz,23001560.0,253,120.68,0.07,0.12,50.75,15.29,4879
Decky,3390129.5833333326,285,120.56,0.01,0.14,50.8,15.29,4880
ILOVEMAKONNEN,50859042.0,538,121.44,0.15,0.34,50.4,15.28,4881
lIlBOI,650728.5327380954,123,120.33,0.0,0.02,50.91,15.28,4882
Liro Shaq,3511312.350000003,249,120.59,0.01,0.12,50.79,15.28,4883
Empire of the Sun,30557582.5,219,120.74,0.09,0.09,50.72,15.28,4884
Lourena,28383762.17222221,207,120.69,0.09,0.08,50.74,15.28,4885
Rytmus,7090461.166666668,1100,122.03,0.02,0.78,50.13,15.28,4886
XINDL X,1334776.0714285714,218,120.45,0.0,0.09,50.85,15.28,4887
Young Tapz,2759686.5,116,120.39,0.01,0.01,50.88,15.27,4888
Youjeen,10626806.0,109,120.44,0.03,0.01,50.86,15.27,4889
Punch,13437436.5,652,121.39,0.04,0.43,50.42,15.27,4890
Super Ed,938707.2500000005,139,120.4,0.0,0.03,50.87,15.27,4891
Tiiwtiiw,2003080.0,201,120.52,0.01,0.08,50.82,15.27,4892
Calboy,284562206.0,176,123.06,0.87,0.06,49.66,15.26,4893
Moe Phoenix,53903833.33333332,231,121.12,0.16,0.1,50.54,15.26,4894
Laurell,25752291.5,153,120.71,0.08,0.04,50.73,15.26,4895
Paperi T,9989092.499999996,269,120.8,0.03,0.13,50.69,15.26,4896
Costel Biju,3759433.499999998,224,120.64,0.01,0.1,50.76,15.26,4897
Carnival Youth,1108715.0,227,120.72,0.0,0.1,50.73,15.25,4898
BØRNS,407611282.0,875,125.45,1.24,0.6,48.57,15.25,4899
Santana,4493131.833333332,303,120.86,0.01,0.16,50.66,15.25,4900
Rhys,21428131.0,125,120.71,0.06,0.02,50.73,15.25,4901
E-40,154784015.5,1225,123.73,0.47,0.87,49.35,15.25,4902
Jhené Aiko,168778262.58333337,916,123.39,0.51,0.63,49.51,15.25,4903
KeBlack,60900785.857142866,306,121.39,0.19,0.16,50.42,15.25,4904
Kendji Girac,62504697.5,582,121.92,0.19,0.37,50.18,15.24,4905
Zefanio,13038498.400000004,142,120.74,0.04,0.03,50.72,15.24,4906
Gio,6215306.833333334,133,120.71,0.02,0.03,50.73,15.24,4907
Sena Şener,95853803.5,699,122.44,0.29,0.47,49.94,15.24,4908
Dani Martín,37091684.5952381,239,121.13,0.11,0.11,50.54,15.24,4909
2T,3480723.5,133,120.62,0.01,0.03,50.77,15.24,4910
U2,59123775.0,368,121.6,0.18,0.21,50.33,15.23,4911
The Magician,3092088.0,173,120.82,0.01,0.06,50.68,15.23,4912
Mareux,1230994.0,126,120.67,0.0,0.02,50.75,15.23,4913
Full Trunk,10464662.5,472,121.39,0.03,0.29,50.42,15.23,4914
Sara Kays,56588369.0,157,121.31,0.17,0.04,50.46,15.22,4915
Klasico,5572587.0,315,121.12,0.02,0.17,50.54,15.22,4916
FACE,41748860.0,749,122.17,0.13,0.5,50.07,15.22,4917
Seiler und Speer,8464943.0,271,121.14,0.03,0.13,50.54,15.21,4918
Luke Combs,1232477790.5,1155,133.55,3.76,0.82,44.88,15.21,4919
Laleh,115757207.5,556,122.57,0.35,0.35,49.88,15.21,4920
TIAGO IORC,119837103.0,417,122.4,0.37,0.25,49.96,15.21,4921
VÉRITÉ,72458600.5,523,122.12,0.22,0.33,50.09,15.21,4922
Dzeko & Torres,3736408.0,124,120.84,0.01,0.02,50.67,15.21,4923
Mahmoud El Esseily,2772040.166666667,277,121.08,0.01,0.14,50.56,15.21,4924
Alberto Stylee,4327366.583333336,223,121.0,0.01,0.1,50.6,15.21,4925
Giorgos Mazonakis,5293726.0,373,121.28,0.02,0.21,50.47,15.21,4926
The 1975,254218082.0,1299,125.08,0.78,0.93,48.74,15.21,4927
Nadav Guedj,2605887.0,102,120.84,0.01,0.0,50.67,15.21,4928
Elvis Crespo,65836972.833333336,794,122.59,0.2,0.54,49.87,15.2,4929
Junge Junge,10632164.5,151,121.04,0.03,0.04,50.58,15.2,4930
Albatross,686850.3333333333,239,121.11,0.0,0.11,50.55,15.2,4931
JONY,39604765.0,627,122.12,0.12,0.41,50.09,15.2,4932
Miky Woodz,63027485.58549789,1972,124.65,0.19,1.45,48.94,15.19,4933
Crush,15051465.0,256,121.3,0.05,0.12,50.46,15.19,4934
ILIRA,33770775.26315789,362,121.64,0.1,0.2,50.31,15.19,4935
Dada,2890896.5,148,121.05,0.01,0.04,50.58,15.19,4936
Delacruz,66080395.0,267,121.8,0.2,0.13,50.23,15.19,4937
$NOT,111104854.83333331,624,122.8,0.34,0.41,49.78,15.19,4938
Moss Kena,13511523.999999994,217,121.25,0.04,0.09,50.49,15.19,4939
Mother Mother,154069705.0,513,123.0,0.47,0.32,49.69,15.19,4940
Prusax,566257.1333333332,108,120.98,0.0,0.01,50.61,15.19,4941
Eric Saade,19763060.166666668,101,121.13,0.06,0.0,50.54,15.19,4942
Le Thien Hieu,3558709.5,170,121.12,0.01,0.05,50.54,15.18,4943
Ten2Five,59668835.0,443,122.14,0.18,0.27,50.08,15.18,4944
Kelly Badon,24111484.5,240,121.44,0.07,0.11,50.4,15.18,4945
Joe Flizzow,3666441.722222223,195,121.2,0.01,0.07,50.51,15.18,4946
Ilkay Sencan,26044046.66666667,242,121.46,0.08,0.11,50.39,15.18,4947
Matisse,143556231.0,430,122.96,0.44,0.26,49.71,15.17,4948
Maudy Ayunda,43035548.0,103,121.45,0.13,0.0,50.39,15.17,4949
Agust D,25811859.5,255,121.59,0.08,0.12,50.33,15.17,4950
Ankit Tiwari,27213816.6,156,121.37,0.08,0.04,50.43,15.17,4951
Gym Class Heroes,186258657.0,463,123.37,0.57,0.28,49.52,15.17,4952
Shania Twain,65290117.0,573,122.48,0.2,0.37,49.92,15.17,4953
Jess Lee,3761249.5,175,121.31,0.01,0.06,50.46,15.16,4954
James Hersey,121013288.00000001,1482,124.57,0.37,1.07,48.97,15.16,4955
Eli Hsieh,2696686.0,105,121.19,0.01,0.0,50.51,15.16,4956
Mariska,18604539.5,349,121.72,0.06,0.19,50.27,15.16,4957
Grimaso,645047.25,101,121.12,0.0,0.0,50.54,15.16,4958
Rich Homie Quan,196088085.03333342,622,123.83,0.6,0.41,49.31,15.16,4959
Fuego,84423455.63333337,941,123.35,0.26,0.65,49.53,15.16,4960
Tuğkan,97035491.5,268,122.39,0.3,0.13,49.97,15.15,4961
Dayang Nurfaizah,3320919.5,136,121.32,0.01,0.03,50.45,15.15,4962
VAMERO,24098004.0,255,121.7,0.07,0.12,50.28,15.15,4963
Octavian,25933905.166666668,268,121.77,0.08,0.13,50.25,15.15,4964
Moneybagg Yo,202274326.2,436,123.7,0.62,0.26,49.37,15.14,4965
AK26,2054895.0,123,121.38,0.01,0.02,50.43,15.14,4966
The Puppini Sisters,39962289.0,468,122.32,0.12,0.29,50.0,15.14,4967
Bo Burnham,162073736.0,310,123.09,0.49,0.16,49.65,15.14,4968
Dalia,3107920.5,139,121.34,0.01,0.03,50.44,15.14,4969
Kensington,80044888.5,482,122.74,0.24,0.3,49.81,15.13,4970
RedOne,13557980.933333343,354,121.92,0.04,0.2,50.18,15.13,4971
Juanse Diez,3322691.857142857,124,121.47,0.01,0.02,50.39,15.13,4972
Daniela Sierra,3322691.857142857,124,121.47,0.01,0.02,50.39,15.13,4973
Laylow,77343086.0,386,122.55,0.24,0.22,49.89,15.13,4974
Shlomo Artzi,6674933.0,278,121.83,0.02,0.14,50.22,15.12,4975
Mirai,24365538.07142857,823,122.87,0.07,0.56,49.75,15.12,4976
Sak Noel,8205651.000000005,325,121.83,0.02,0.17,50.22,15.12,4977
J Spooks,110870042.66666666,387,122.93,0.34,0.22,49.72,15.12,4978
J. Davi$,110870042.66666666,387,122.93,0.34,0.22,49.72,15.12,4979
Apink,4939268.0,103,121.5,0.01,0.0,50.37,15.11,4980
Faizal Tahir,9625640.833333334,353,122.13,0.03,0.2,50.08,15.1,4981
Sam Fischer,206606879.5,839,124.66,0.63,0.57,48.93,15.1,4982
Ezio Oliva,5065098.666666666,130,121.68,0.01,0.02,50.29,15.1,4983
Anuel,916630.7142857142,169,121.65,0.0,0.05,50.3,15.1,4984
El Super Hobby,11188444.5,333,122.12,0.03,0.18,50.09,15.09,4985
Koray Avcı,4332344.0,108,121.73,0.01,0.01,50.27,15.09,4986
Папин Олимпос,20718842.0,287,122.14,0.06,0.15,50.08,15.09,4987
Pijama Party,8258717.0,368,122.25,0.02,0.21,50.03,15.08,4988
Tempo,4937200.4,619,122.67,0.01,0.4,49.84,15.08,4989
Emma Louise,10522879.666666666,296,122.18,0.03,0.15,50.06,15.08,4990
ASHE 22,9848738.44642857,101,121.84,0.03,0.0,50.22,15.08,4991
HAIM,62396737.36666666,596,123.22,0.19,0.39,49.59,15.07,4992
No Party For Cao Dong,7209721.0,189,122.03,0.02,0.07,50.13,15.07,4993
Klash,3393522.0,178,121.98,0.01,0.06,50.15,15.07,4994
Ryan Gosling,21918249.5,378,122.52,0.07,0.22,49.91,15.07,4995
Rob $tone,112798914.66666666,395,123.37,0.34,0.23,49.52,15.06,4996
Alexio,2573497.265151515,402,122.38,0.01,0.23,49.97,15.06,4997
Greg,1790536.6666666667,113,121.97,0.0,0.01,50.16,15.05,4998
Pekeño 77,9090636.591666665,213,122.21,0.03,0.09,50.05,15.05,4999
LVNDSCAPE,21661847.41666666,318,122.52,0.07,0.17,49.91,15.05,5000
Karlyn,4329567.333333332,179,122.09,0.01,0.06,50.1,15.05,5001
LIBERATO,63050992.33333333,166,122.66,0.19,0.05,49.84,15.04,5002
Tourist LeMC,4257022.0,222,122.23,0.01,0.09,50.04,15.04,5003
Los Bonnitos,15756133.0,380,122.62,0.05,0.22,49.86,15.04,5004
Timmy Trumpet,37065527.000000015,597,123.26,0.11,0.39,49.57,15.03,5005
Amazing Show,7053695.0,123,122.19,0.02,0.02,50.06,15.03,5006
Poshlaya Molly,34836270.666666664,497,123.12,0.11,0.31,49.63,15.03,5007
Kurdo,81535997.00000001,290,123.18,0.25,0.15,49.61,15.03,5008
INNA,30077701.916666657,929,123.86,0.09,0.64,49.3,15.02,5009
Mohit Chauhan,62287576.466666654,364,123.22,0.19,0.21,49.59,15.02,5010
Coolio,247642665.0,1909,127.51,0.76,1.41,47.63,15.02,5011
Welshly Arms,18695137.0,209,122.52,0.06,0.08,49.91,15.02,5012
Sidoka,54096183.0,110,122.65,0.16,0.01,49.85,15.02,5013
Omarion,57672096.66666669,650,123.7,0.18,0.43,49.37,15.01,5014
Nic Sarno,25868621.25,191,122.64,0.08,0.07,49.85,15.01,5015
L.V.,247376284.0,1902,127.55,0.75,1.4,47.61,15.0,5016
"Secreto ""El Famoso Biberon""",5613333.289285712,369,122.84,0.02,0.21,49.76,15.0,5017
Ismo,25725061.388095234,218,122.73,0.08,0.09,49.81,15.0,5018
Nil Moliner,121172427.71875,318,123.77,0.37,0.17,49.34,15.0,5019
Serdar Ortaç,49353112.0,255,123.04,0.15,0.12,49.67,15.0,5020
Bùi Lan Hương,2770863.0,112,122.35,0.01,0.01,49.98,15.0,5021
Salvi,7960077.000000004,317,122.75,0.02,0.17,49.8,15.0,5022
Chilling Sunday,11219747.0,166,122.57,0.03,0.05,49.88,14.99,5023
Ihab Amir,1901759.0,213,122.63,0.01,0.09,49.86,14.99,5024
Salamandra,1839707.0,443,123.0,0.0,0.27,49.69,14.99,5025
Sverrir Bergmann,1494126.1666666665,454,123.02,0.0,0.28,49.68,14.99,5026
Shiga Lin,8515309.0,441,123.07,0.03,0.27,49.66,14.99,5027
Prince Husein,5503711.999999998,100,122.52,0.02,0.0,49.91,14.98,5028
Tamer Hosny,4370542.8,336,122.91,0.01,0.18,49.73,14.98,5029
JESSIA,13242324.5,133,122.65,0.04,0.03,49.85,14.98,5030
THRILL PILL,10652784.833333334,216,122.76,0.03,0.09,49.8,14.98,5031
Reza Oktovian,5503711.999999998,100,122.52,0.02,0.0,49.91,14.98,5032
Isabel Garcés,3420655.357142857,126,122.51,0.01,0.02,49.91,14.98,5033
Batistuta,1125572.6666666667,139,122.55,0.0,0.03,49.89,14.98,5034
Billy Taner,5503711.999999998,100,122.52,0.02,0.0,49.91,14.98,5035
Fumez The Engineer,9252740.916666664,170,122.7,0.03,0.05,49.82,14.97,5036
YUZU,13186956.0,167,122.79,0.04,0.05,49.78,14.97,5037
MAX,117541576.58333333,783,124.74,0.36,0.53,48.89,14.97,5038
Pole.,30756784.499999993,164,122.9,0.09,0.05,49.73,14.97,5039
Red Band,2272588.0,152,122.74,0.01,0.04,49.81,14.96,5040
Dread Mar I,19293900.999999993,221,122.97,0.06,0.09,49.7,14.96,5041
The Knocks,13889273.749999994,304,123.1,0.04,0.16,49.64,14.96,5042
Boss Doms,27078735.616666667,316,123.22,0.08,0.17,49.59,14.96,5043
Hayden James,30094172.166666664,338,123.37,0.09,0.18,49.52,14.95,5044
NCT U,37212060.0,313,123.46,0.11,0.17,49.48,14.94,5045
Jerome,74600089.5,203,123.62,0.23,0.08,49.4,14.94,5046
Blaya,5523624.666666666,159,122.92,0.02,0.05,49.72,14.94,5047
The Notorious B.I.G.,71169687.41666667,1387,125.62,0.22,1.0,48.49,14.94,5048
Michael Schulte,50965069.49999999,163,123.29,0.15,0.05,49.56,14.94,5049
Jay Electronica,5996224.499999997,117,122.9,0.02,0.01,49.73,14.93,5050
Carlie Hanson,5071377.0,150,122.91,0.01,0.04,49.73,14.93,5051
Rekha Bhardwaj,25589051.000000004,172,123.2,0.08,0.06,49.6,14.93,5052
Alex Newell,7046652.3,106,122.9,0.02,0.0,49.73,14.93,5053
Ruel,52372689.0,239,123.55,0.16,0.11,49.44,14.93,5054
Mon Laferte,206991580.08620688,1382,126.87,0.63,1.0,47.92,14.93,5055
Sacky,23140908.779761907,142,123.12,0.07,0.03,49.63,14.93,5056
DAT ADAM,14958793.0,190,123.18,0.05,0.07,49.61,14.92,5057
Jia Jia,14397275.0,350,123.49,0.04,0.19,49.46,14.91,5058
Remmy Valenzuela,28894959.0,129,123.28,0.09,0.02,49.56,14.91,5059
Lykke Li,8065462.5,132,123.05,0.02,0.02,49.66,14.91,5060
Dave Dobbyn,5062523.5,146,123.07,0.01,0.04,49.66,14.91,5061
Kristian Kristensen,13441780.5,145,123.14,0.04,0.03,49.62,14.91,5062
CHUNG HA,14573071.0,299,123.52,0.04,0.15,49.45,14.9,5063
Marian Hill,83540548.5,274,124.09,0.25,0.14,49.19,14.9,5064
Ash King,6009626.600000001,125,123.18,0.02,0.02,49.61,14.9,5065
LSP,28246867.0,467,123.92,0.09,0.29,49.27,14.9,5066
Cordae,25854213.333333332,103,123.27,0.08,0.0,49.56,14.9,5067
LOBODA,4473045.0,101,123.09,0.01,0.0,49.65,14.9,5068
Kryštof,5852941.5,331,123.48,0.02,0.18,49.47,14.9,5069
The Wombats,9725577.0,132,123.14,0.03,0.02,49.62,14.9,5070
Kenji Wu,2075643.0,103,123.16,0.01,0.0,49.61,14.89,5071
Flenn,1801412.5,190,123.32,0.0,0.07,49.54,14.88,5072
Mares,63098814.0,299,124.07,0.19,0.15,49.2,14.88,5073
Encanto - Elenco,3460647.857142857,128,123.25,0.01,0.02,49.57,14.88,5074
Amaal Mallik,17467680.900000002,187,123.5,0.05,0.07,49.46,14.88,5075
Manu Pilas,7682939.0,176,123.4,0.02,0.06,49.51,14.88,5076
Young Nudy,35770612.333333336,177,123.6,0.11,0.06,49.41,14.88,5077
Axolotes Mexicanos,28192095.0,124,123.58,0.09,0.02,49.42,14.87,5078
Hit-Boy,25611541.333333336,103,123.52,0.08,0.0,49.45,14.87,5079
EXO,65735657.0,829,125.09,0.2,0.57,48.73,14.87,5080
ATL,20461115.0,238,123.7,0.06,0.11,49.37,14.87,5081
Marek Ztraceny,4866913.071428572,268,123.56,0.01,0.13,49.43,14.87,5082
John Gibbons,33111417.5,332,124.01,0.1,0.18,49.23,14.86,5083
Instrumenti,1089869.0,220,123.51,0.0,0.09,49.46,14.86,5084
Gerry Cinnamon,35310576.0,277,123.94,0.11,0.14,49.26,14.86,5085
T3R Elemento,45064151.5,117,123.81,0.14,0.01,49.32,14.85,5086
Eka Gustiwana,5516302.666666665,102,123.49,0.02,0.0,49.46,14.85,5087
Tears For Fears,239203490.0,242,125.79,0.73,0.11,48.42,14.85,5088
Alejo Isakk,16343963.850000001,142,123.62,0.05,0.03,49.4,14.85,5089
Carolina Deslandes,5173683.833333334,157,123.57,0.02,0.04,49.43,14.85,5090
Andy Rivera,68500249.9833333,1126,125.83,0.21,0.8,48.4,14.84,5091
Chucky73,11186883.8,227,123.78,0.03,0.1,49.33,14.84,5092
Hermitude,2924333.0,127,123.62,0.01,0.02,49.4,14.83,5093
TIA,3697363.5,181,123.72,0.01,0.06,49.36,14.83,5094
keshi,59451878.0,422,124.65,0.18,0.25,48.94,14.83,5095
Young Dolph,53748924.833333336,117,124.03,0.16,0.01,49.22,14.83,5096
Sherine,1845387.5,250,123.86,0.0,0.12,49.3,14.83,5097
Giorgos Sabanis,11959619.0,544,124.52,0.04,0.35,48.99,14.82,5098
StarBoi3,55878753.5,324,124.48,0.17,0.17,49.01,14.82,5099
Kingpin Skinny Pimp,7522537.833333333,232,123.91,0.02,0.1,49.27,14.82,5100
Oskar Linnros,34212796.0,207,124.06,0.1,0.08,49.2,14.82,5101
Emma Stone,20679901.0,443,124.46,0.06,0.27,49.02,14.81,5102
Siboy,19144585.666666675,165,123.99,0.06,0.05,49.24,14.81,5103
Michal Hruza,3371547.571428572,223,123.98,0.01,0.1,49.24,14.81,5104
3D,28807497.666666668,168,124.08,0.09,0.05,49.2,14.81,5105
Leellamarz,1024418.6666666667,100,123.7,0.0,0.0,49.37,14.81,5106
Fréro Delavega,10476355.0,123,123.85,0.03,0.02,49.3,14.81,5107
Gracias,4560555.095238096,216,123.98,0.01,0.09,49.24,14.8,5108
Banda Tierra Sagrada,8488908.0,129,123.91,0.03,0.02,49.27,14.8,5109
Simba La Rue,34398217.41666667,166,124.23,0.1,0.05,49.13,14.79,5110
Rossa,73909471.33333334,252,124.79,0.23,0.12,48.87,14.79,5111
Frsh,14061651.633333337,131,124.03,0.04,0.02,49.22,14.79,5112
Alejandro González,1512872.5,228,124.09,0.0,0.1,49.19,14.79,5113
Hyper Act,4576656.0,128,123.98,0.01,0.02,49.24,14.78,5114
VINAI,24993624.0,266,124.41,0.08,0.13,49.04,14.78,5115
Pusho,10022870.02272727,278,124.38,0.03,0.14,49.06,14.77,5116
Smilers,979536.0,144,124.07,0.0,0.03,49.2,14.77,5117
Baco Exu do Blues,75965265.46666667,120,124.71,0.23,0.02,48.91,14.77,5118
Camila,6647495.0,263,124.38,0.02,0.13,49.06,14.77,5119
Klamydia,6762025.5,137,124.13,0.02,0.03,49.17,14.77,5120
Hidra,33467053.3,219,124.47,0.1,0.09,49.02,14.77,5121
Alta Consigna,77680966.0,198,124.92,0.24,0.08,48.81,14.76,5122
El General Gadiel,3292399.1666666693,383,124.56,0.01,0.22,48.98,14.76,5123
Ronald Cheng,8331380.5,326,124.48,0.02,0.18,49.01,14.76,5124
Clara Luciani,46241949.0,139,124.5,0.14,0.03,49.0,14.76,5125
Henri René and His Orchestra,72534840.0,248,124.95,0.22,0.12,48.8,14.76,5126
Abel Pintos,70846661.41176471,882,126.07,0.22,0.61,48.29,14.76,5127
Danny Yash,3290005.2333333334,268,124.49,0.01,0.13,49.01,14.75,5128
Hilltop Hoods,85484267.83333331,642,125.84,0.26,0.42,48.39,14.75,5129
CantoParaBailar,5044510.0,222,124.38,0.01,0.09,49.06,14.75,5130
Masew,4108387.833333333,290,124.53,0.01,0.15,48.99,14.75,5131
Olga Lucía Vives,3558611.357142857,130,124.23,0.01,0.02,49.13,14.75,5132
GOT7,13699730.0,177,124.44,0.04,0.06,49.03,14.74,5133
Ummet Ozcan,4249090.5,141,124.31,0.01,0.03,49.09,14.74,5134
Knox Fortune,37537113.5,198,124.7,0.11,0.08,48.91,14.74,5135
Huncho Jack,47293603.99999999,207,124.84,0.14,0.08,48.85,14.74,5136
Quality Control,102187000.98333338,200,125.36,0.31,0.08,48.61,14.73,5137
Melendi,191280352.88541666,1492,128.35,0.58,1.08,47.25,14.73,5138
Blake Shelton,121417037.5,397,125.91,0.37,0.23,48.36,14.73,5139
Lida,5717445.5,105,124.38,0.02,0.0,49.06,14.73,5140
Luis Miguel,927897021.0,3583,138.55,2.83,2.71,42.6,14.73,5141
Imen Es,36590322.55,162,124.72,0.11,0.05,48.9,14.73,5142
Raisa,50924826.25,594,125.58,0.15,0.38,48.51,14.73,5143
Johanna Kurkela,9335807.0,228,124.61,0.03,0.1,48.95,14.73,5144
Joseph Vincent,32963337.0,157,124.73,0.1,0.04,48.9,14.72,5145
Nashley,40589104.5,136,124.81,0.12,0.03,48.86,14.72,5146
Jamie Lawson,39468019.0,255,125.02,0.12,0.12,48.77,14.72,5147
Mohombi,31421008.1666667,1017,126.25,0.1,0.71,48.21,14.72,5148
The Macarons Project,24996143.0,104,124.59,0.08,0.0,48.96,14.72,5149
Faith Evans,4758369.0,258,124.76,0.01,0.12,48.89,14.71,5150
Idan Raichel,15495589.0,696,125.56,0.05,0.46,48.52,14.71,5151
吳青峰,17615323.0,320,124.94,0.05,0.17,48.8,14.71,5152
Grupo Niche,24295139.0,143,124.72,0.07,0.03,48.9,14.71,5153
Nas,33374038.19999999,220,124.9,0.1,0.09,48.82,14.71,5154
Padelis Padelidis,725909.0,209,124.66,0.0,0.08,48.93,14.7,5155
Akim And The Majistret,3944113.0,186,124.71,0.01,0.07,48.91,14.7,5156
Dani Ribba,20528569.333333332,185,124.86,0.06,0.07,48.84,14.7,5157
Theresa Rex,69175379.83333334,735,126.27,0.21,0.49,48.2,14.69,5158
Callalily,79250472.0,334,125.68,0.24,0.18,48.47,14.69,5159
Carlos Baute,87981379.88541667,2216,129.01,0.27,1.64,46.95,14.69,5160
Ariff Bahran,4750416.0,112,124.71,0.01,0.01,48.91,14.68,5161
Dreamville,28895033.640476197,141,124.95,0.09,0.03,48.8,14.68,5162
Grupo Menos É Mais,141453612.99999994,271,126.17,0.43,0.13,48.24,14.68,5163
Louis The Child,32022872.833333332,220,125.14,0.1,0.09,48.71,14.68,5164
Pashata,705184.8333333334,185,124.88,0.0,0.07,48.83,14.67,5165
PHARAOH,21801131.5,379,125.44,0.07,0.22,48.57,14.67,5166
Nipsey Hussle,44479494.16666667,122,125.2,0.14,0.02,48.68,14.67,5167
Torino,705184.8333333334,185,124.88,0.0,0.07,48.83,14.67,5168
D-Double,15829362.778571429,249,125.14,0.05,0.12,48.71,14.67,5169
Ude Af Kontrol,63340283.83333333,805,126.56,0.19,0.55,48.06,14.66,5170
Stefanie Sun,18318163.858974364,524,125.72,0.06,0.33,48.45,14.66,5171
TIA RAY,3432443.5,127,124.94,0.01,0.02,48.8,14.65,5172
Thái Đinh,6949028.0,227,125.15,0.02,0.1,48.71,14.65,5173
GASHI,13604238.583333328,231,125.24,0.04,0.1,48.67,14.65,5174
FLETCHER,49148286.0,458,126.02,0.15,0.28,48.31,14.64,5175
Maija Vilkkumaa,7132555.866666667,115,125.01,0.02,0.01,48.77,14.64,5176
Baby Gang,85329010.04166667,496,126.36,0.26,0.31,48.16,14.64,5177
Дайте танк (!),10042930.0,124,125.08,0.03,0.02,48.74,14.64,5178
Dame,3138214.999999998,402,125.5,0.01,0.23,48.55,14.64,5179
Sanluis,1257309.5,170,125.15,0.0,0.05,48.71,14.63,5180
IamNeeta,5682414.25,124,125.13,0.02,0.02,48.72,14.63,5181
Punnany Massif,9221235.5,885,126.47,0.03,0.61,48.11,14.63,5182
Furelise,1976074.6666666667,177,125.19,0.01,0.06,48.69,14.63,5183
Bárbara Tinoco,10903760.5,243,125.36,0.03,0.11,48.61,14.63,5184
GAMPER & DADONI,38705599.0,174,125.58,0.12,0.06,48.51,14.62,5185
Delaossa,27175585.833333332,155,125.43,0.08,0.04,48.58,14.62,5186
Jhoni The Voice,7465329.0,342,125.62,0.02,0.19,48.49,14.61,5187
Sheila On 7,140313520.0,877,127.75,0.43,0.6,47.52,14.61,5188
Sergio Contreras,22324904.833333332,193,125.52,0.07,0.07,48.54,14.61,5189
Jimmy P,2172778.5,123,125.23,0.01,0.02,48.67,14.61,5190
Spine,1223673.429761904,183,125.27,0.0,0.06,48.65,14.61,5191
Ski Mask The Slump God,343508773.7,446,128.9,1.05,0.27,47.0,14.6,5192
Aluna,17120403.666666675,183,125.5,0.05,0.06,48.55,14.6,5193
Ligabue,7830034.0,120,125.37,0.02,0.02,48.61,14.6,5194
JC Stewart,16665383.666666666,100,125.36,0.05,0.0,48.61,14.6,5195
DJ Wich,1857897.3333333328,254,125.49,0.01,0.12,48.55,14.6,5196
Alisia,908563.0,220,125.45,0.0,0.09,48.57,14.6,5197
Krúbi,12724553.500000004,572,126.27,0.04,0.37,48.2,14.59,5198
Fly Project,10486901.0,121,125.43,0.03,0.02,48.58,14.59,5199
Cody Simpson,26615930.5,672,126.5,0.08,0.44,48.09,14.59,5200
KDA,8027320.000000001,122,125.39,0.02,0.02,48.6,14.59,5201
La La Love You,30376988.0,134,125.63,0.09,0.03,48.49,14.59,5202
Rendy Pandugo,6226640.666666666,118,125.41,0.02,0.01,48.59,14.59,5203
WhoHeem,57020484.0,109,125.83,0.17,0.01,48.4,14.59,5204
Shay,23471994.833333332,125,125.65,0.07,0.02,48.48,14.58,5205
Tunechikidd,9269894.942857144,114,125.47,0.03,0.01,48.56,14.58,5206
Kina,338707514.0,1904,131.57,1.03,1.4,45.78,14.57,5207
Columbine,69893975.83333334,218,126.28,0.21,0.09,48.19,14.57,5208
John Mayer,388431518.5,2261,132.62,1.19,1.68,45.3,14.57,5209
The Prince Karma,37119009.0,234,125.97,0.11,0.1,48.33,14.57,5210
Hanybal,16901468.539682537,149,125.7,0.05,0.04,48.46,14.57,5211
Tony Bennett,94857120.0,402,126.81,0.29,0.23,47.95,14.57,5212
Rafaga,20161905.5,196,125.75,0.06,0.07,48.43,14.57,5213
Lost Sky,1041561.5,104,125.46,0.0,0.0,48.57,14.57,5214
Seksendört,64044459.0,253,126.27,0.19,0.12,48.2,14.57,5215
YONII,16656908.666666666,106,125.59,0.05,0.0,48.51,14.57,5216
Chacho Ramos,1167176.8333333333,102,125.57,0.0,0.0,48.52,14.56,5217
Nicole Cherry,2275917.5,103,125.56,0.01,0.0,48.52,14.56,5218
Ivan Cornejo,105851530.0,149,126.52,0.32,0.04,48.08,14.56,5219
Grupo Codiciado,39871629.5,119,125.88,0.12,0.01,48.37,14.56,5220
Racoon,122193104.0,563,127.4,0.37,0.36,47.68,14.56,5221
The Glowsticks,556280.5,102,125.63,0.0,0.0,48.49,14.55,5222
Momina Mustehsan,16308469.0,149,125.82,0.05,0.04,48.4,14.55,5223
Landon Cube,218824433.5,481,128.23,0.67,0.3,47.3,14.55,5224
Tuna Kiremitçi,11916850.0,167,125.81,0.04,0.05,48.41,14.55,5225
Max Jenmana,4029666.0,132,125.67,0.01,0.02,48.47,14.55,5226
FILV,2114733.6666666665,157,125.7,0.01,0.04,48.46,14.55,5227
Theo Rose,1701107.3333333335,136,125.75,0.0,0.03,48.43,14.54,5228
Nino Freestyle,1139551.5642857146,144,125.78,0.0,0.03,48.42,14.54,5229
La Kuppe,4722149.499999997,138,125.8,0.01,0.03,48.41,14.54,5230
Kukon,58113686.03333334,473,126.94,0.18,0.29,47.89,14.53,5231
Kavita Seth,31526775.333333332,108,126.08,0.1,0.01,48.28,14.53,5232
Tkay Maidza,20676221.5,301,126.3,0.06,0.16,48.18,14.53,5233
Kchiporros,9408786.0,993,127.36,0.03,0.69,47.7,14.53,5234
Кишлак,5592713.0,131,125.92,0.02,0.02,48.36,14.52,5235
Bright Sparks,10660885.5,277,126.33,0.03,0.14,48.17,14.51,5236
Emma Bale,2451247.75,152,126.03,0.01,0.04,48.31,14.51,5237
Black Jonas Point,3808215.808333336,216,126.12,0.01,0.09,48.26,14.51,5238
Spanker,7399440.299999999,100,125.93,0.02,0.0,48.35,14.51,5239
kojikoji,10437978.75,100,126.0,0.03,0.0,48.32,14.51,5240
Arthur Pirozhkov,1509029.0,102,125.97,0.0,0.0,48.33,14.5,5241
Pizzera & Jaus,8650264.0,318,126.41,0.03,0.17,48.13,14.5,5242
Stavangerkameratene,28892913.0,317,126.6,0.09,0.17,48.05,14.5,5243
Bon Iver,153467006.0,658,128.31,0.47,0.43,47.27,14.5,5244
Heja,8781720.2,106,126.14,0.03,0.0,48.26,14.49,5245
Harmonie,2565480.5,117,126.08,0.01,0.01,48.28,14.49,5246
Emiliano Brancciari,1137471.0,196,126.18,0.0,0.07,48.24,14.49,5247
SkandaU,1589837.6666666665,384,126.5,0.0,0.22,48.09,14.49,5248
La La Land Cast,16878674.0,143,126.36,0.05,0.03,48.16,14.48,5249
X-Tense,6006308.0,192,126.32,0.02,0.07,48.17,14.48,5250
Allan Kingdom,14045583.5,212,126.44,0.04,0.09,48.12,14.48,5251
DAVICHI,3440024.0,119,126.13,0.01,0.01,48.26,14.48,5252
KęKę,11022529.835714284,165,126.28,0.03,0.05,48.19,14.48,5253
Daryl Hall & John Oates,259200766.0,841,129.8,0.79,0.58,46.59,14.47,5254
Kimberly Anne,29880590.833333336,671,127.42,0.09,0.44,47.67,14.47,5255
Lil Lano,46065319.233333334,153,126.68,0.14,0.04,48.01,14.47,5256
Adje,21158447.26428572,284,126.66,0.06,0.14,48.02,14.47,5257
Cesar Mc,19600034.388888884,164,126.54,0.06,0.05,48.07,14.46,5258
Metallica,181920961.0,679,128.82,0.55,0.45,47.03,14.46,5259
Oh Wonder,220151299.0,577,129.06,0.67,0.37,46.92,14.46,5260
James TW,90679646.0,663,128.03,0.28,0.44,47.39,14.46,5261
Adamlar,182696117.0,989,129.39,0.56,0.69,46.77,14.46,5262
Anelia,621100.5,152,126.4,0.0,0.04,48.14,14.45,5263
Batuhan Kordel,47706741.0,139,126.88,0.15,0.03,47.92,14.45,5264
Zak Abel,20695593.0,282,126.79,0.06,0.14,47.96,14.45,5265
Kidd Keo,85179180.0,335,127.47,0.26,0.18,47.65,14.45,5266
Miriam Yeung,10357304.5,495,127.09,0.03,0.31,47.82,14.45,5267
A R I Z O N A,102184742.0,980,128.71,0.31,0.68,47.08,14.45,5268
Llane,5777642.642857145,288,126.8,0.02,0.15,47.95,14.44,5269
Josman,71208172.0,210,127.27,0.22,0.09,47.74,14.44,5270
Sokrat St,6628168.38888889,103,126.45,0.02,0.0,48.11,14.44,5271
Chelsea Cutler,55693569.50000001,710,127.93,0.17,0.47,47.44,14.44,5272
Bruce Springsteen,141169166.0,442,128.31,0.43,0.27,47.27,14.43,5273
DJ Gimi-O,3041137.0,144,126.55,0.01,0.03,48.07,14.43,5274
Sofi Tukker,29123806.249999996,318,127.1,0.09,0.17,47.82,14.43,5275
Banda El Recodo,19318117.0,299,126.96,0.06,0.15,47.88,14.43,5276
SIDEPIECE,4428467.0,257,126.74,0.01,0.12,47.98,14.43,5277
RAN,41153323.0,333,127.24,0.13,0.18,47.75,14.43,5278
Jhorrmountain,21951457.633333325,226,126.87,0.07,0.1,47.92,14.43,5279
МОТ,8253746.0,173,126.65,0.02,0.06,48.02,14.43,5280
Céline Dion,34949285.75,325,127.18,0.11,0.17,47.78,14.43,5281
Antonis Remos,683150.5,100,126.59,0.0,0.0,48.05,14.42,5282
Hardwell,14717442.833333332,310,126.99,0.04,0.16,47.87,14.42,5283
DREAMS COME TRUE,27672948.0,251,127.02,0.08,0.12,47.85,14.42,5284
Lil Barty,2174475.866666666,112,126.64,0.01,0.01,48.03,14.42,5285
kent,62492021.5,293,127.42,0.19,0.15,47.67,14.42,5286
Paloma Faith,260716323.0,1163,130.7,0.8,0.83,46.18,14.42,5287
AG,783795.5,152,126.72,0.0,0.04,47.99,14.41,5288
Matej Straka,1388020.6666666667,245,126.86,0.0,0.11,47.93,14.41,5289
Dallass,105421540.79166669,279,127.89,0.32,0.14,47.46,14.41,5290
Bolier,17064170.83333333,231,126.99,0.05,0.1,47.87,14.41,5291
Tove Styrke,16335278.833333334,130,126.82,0.05,0.02,47.95,14.41,5292
Shabjdeed,1501673.5,186,126.83,0.0,0.07,47.94,14.4,5293
Wafia,32914477.5,237,127.23,0.1,0.11,47.76,14.4,5294
Sondre Justad,26089530.0,269,127.22,0.08,0.13,47.76,14.4,5295
Daniel Adams-Ray,20789996.5,134,127.0,0.06,0.03,47.86,14.39,5296
SJUR,14504443.833333336,243,127.12,0.04,0.11,47.81,14.39,5297
Faris Shafi,1364270.6666666672,108,126.76,0.0,0.01,47.97,14.39,5298
Sneazzy,13253533.317307696,157,127.02,0.04,0.04,47.85,14.38,5299
Nasrin Kadri,4320780.0,238,127.1,0.01,0.11,47.82,14.38,5300
Lilas ir Innomine,3587566.5,870,128.17,0.01,0.6,47.33,14.38,5301
YL,29642687.47222222,150,127.21,0.09,0.04,47.77,14.38,5302
Zkr,34634475.666666664,110,127.29,0.11,0.01,47.73,14.37,5303
Seinabo Sey,23793364.666666668,372,127.6,0.07,0.21,47.59,14.37,5304
Michael Calfan,20330859.0,202,127.33,0.06,0.08,47.71,14.36,5305
hoshie star,2401180.5,151,127.21,0.01,0.04,47.77,14.35,5306
Plumbo,14525079.333333334,125,127.23,0.04,0.02,47.76,14.35,5307
Nessa Barrett,24969065.0,157,127.37,0.08,0.04,47.69,14.35,5308
Rebzyyx,2401180.5,151,127.21,0.01,0.04,47.77,14.35,5309
Strapo,923446.1666666667,236,127.33,0.0,0.11,47.71,14.35,5310
B.o.B,9703495.583333332,155,127.31,0.03,0.04,47.72,14.34,5311
Keizer,5684216.116666667,120,127.25,0.02,0.02,47.75,14.34,5312
Ludwig,29951629.0,108,127.49,0.09,0.01,47.64,14.33,5313
Jason Aldean,113810754.5,111,128.37,0.35,0.01,47.24,14.32,5314
Karl-Erik Taukar,2307801.0,527,128.06,0.01,0.33,47.38,14.32,5315
MisterWives,21825446.0,230,127.69,0.07,0.1,47.55,14.32,5316
NERVO,1965336.0,142,127.41,0.01,0.03,47.68,14.32,5317
Theophilus London,14896056.0,292,127.74,0.04,0.15,47.53,14.32,5318
Evgenya Redko,529346.0,111,127.3,0.0,0.01,47.73,14.32,5319
Julie Anne San Jose,57244430.71428572,297,128.16,0.17,0.15,47.33,14.31,5320
Lior Narkis,2047797.1666666667,139,127.43,0.01,0.03,47.67,14.31,5321
MadeinTYO,201749595.41666663,233,129.41,0.62,0.1,46.76,14.31,5322
Bigflo & Oli,74105656.54166666,399,128.55,0.23,0.23,47.16,14.31,5323
SUNMI,17850390.0,484,128.16,0.05,0.3,47.33,14.31,5324
Yo Gotti,250146440.3916667,616,130.44,0.76,0.4,46.29,14.31,5325
Eleuthero Pneuma,751067.3666666666,155,127.52,0.0,0.04,47.63,14.3,5326
Eartha Kitt,84721581.0,329,128.6,0.26,0.18,47.13,14.3,5327
Logos Timis,751067.3666666666,155,127.52,0.0,0.04,47.63,14.3,5328
Wu Bai,5421919.833333334,104,127.55,0.02,0.0,47.61,14.29,5329
Saint Motel,6969525.0,140,127.64,0.02,0.03,47.57,14.29,5330
Paluch,36377857.58888889,567,128.58,0.11,0.36,47.14,14.29,5331
Keith Urban,75521585.66666666,253,128.47,0.23,0.12,47.19,14.28,5332
SonaOne,4244899.888888889,228,127.85,0.01,0.1,47.48,14.28,5333
Epik High,1212927.25,112,127.59,0.0,0.01,47.59,14.28,5334
Takeoff,129835014.48333335,381,129.25,0.4,0.22,46.84,14.28,5335
Cigarettes After Sex,197672313.0,733,130.45,0.6,0.49,46.29,14.27,5336
Rivers Cuomo,11843553.0,161,127.98,0.04,0.05,47.42,14.26,5337
Dick,1325876.0,119,127.76,0.0,0.01,47.52,14.26,5338
Tofu,1325876.0,119,127.76,0.0,0.01,47.52,14.26,5339
Nina,55066710.33333333,312,128.55,0.17,0.16,47.16,14.26,5340
Jah Khalib,9652510.5,238,128.1,0.03,0.11,47.36,14.25,5341
Afgan,17939097.66666667,187,128.12,0.05,0.07,47.35,14.25,5342
Rilès,15505342.0,168,128.07,0.05,0.05,47.38,14.25,5343
Leiva,120727388.09523809,462,129.59,0.37,0.28,46.68,14.24,5344
Hotel Ugly,75011100.0,188,128.69,0.23,0.07,47.09,14.24,5345
Gummy,2411906.0,106,127.92,0.01,0.0,47.44,14.24,5346
HRVY,10919293.333333334,140,128.0,0.03,0.03,47.41,14.24,5347
DTF,65760536.5,255,128.79,0.2,0.12,47.05,14.23,5348
Gene Kasidit,8920297.0,130,128.05,0.03,0.02,47.38,14.23,5349
Manuel Carrasco,114936153.63051471,557,129.74,0.35,0.36,46.61,14.23,5350
Brett Eldredge,85448517.16666667,422,129.24,0.26,0.25,46.84,14.23,5351
MYMP,84519653.0,490,129.33,0.26,0.3,46.8,14.23,5352
TJ Monterde,41934898.0,134,128.4,0.13,0.03,47.23,14.23,5353
Mousv,3561044.1666666665,178,128.12,0.01,0.06,47.35,14.23,5354
Mura Masa,39866544.0,457,129.01,0.12,0.28,46.95,14.22,5355
Naif,45900609.0,119,128.41,0.14,0.01,47.22,14.22,5356
The Sam Willows,7058636.192307692,216,128.26,0.02,0.09,47.29,14.22,5357
SALES,53354038.0,137,128.64,0.16,0.03,47.12,14.21,5358
Pokáč,5693792.0,243,128.39,0.02,0.11,47.23,14.21,5359
Mike WiLL Made-It,64100299.08333333,394,129.16,0.2,0.23,46.88,14.21,5360
Glades,21896754.333333332,284,128.58,0.07,0.14,47.14,14.21,5361
Robert DeLong,1298330.0,122,128.13,0.0,0.02,47.35,14.21,5362
Casso,20870171.5,248,128.52,0.06,0.12,47.17,14.21,5363
Pepe Frantik,498716.09642857144,162,128.26,0.0,0.05,47.29,14.2,5364
Sodagreen,13858047.0,383,128.76,0.04,0.22,47.06,14.2,5365
Jozo,14276886.975000003,228,128.6,0.04,0.1,47.13,14.19,5366
Bantu,18398546.666666668,248,128.65,0.06,0.12,47.11,14.19,5367
Maggie Rogers,19006044.0,113,128.45,0.06,0.01,47.2,14.19,5368
Pablo López,35250471.9117647,348,129.01,0.11,0.19,46.95,14.19,5369
Liz Gillies,53071489.5,337,129.07,0.16,0.18,46.92,14.19,5370
Särre,2735167.6666666665,127,128.35,0.01,0.02,47.25,14.18,5371
Jelen,5148016.071428572,270,128.66,0.02,0.13,47.11,14.18,5372
Jesús Reik,14030116.333333332,192,128.57,0.04,0.07,47.15,14.18,5373
Wulf,18713776.33333333,218,128.67,0.06,0.09,47.1,14.18,5374
Hens,17912567.499999993,112,128.46,0.05,0.01,47.2,14.18,5375
Lord Huron,729949798.5,3787,141.11,2.23,2.87,41.43,14.18,5376
BK,8744121.28333333,197,128.65,0.03,0.08,47.11,14.17,5377
Lily James,13037553.375000004,258,128.8,0.04,0.12,47.04,14.16,5378
Judy Garland,59564118.25,135,129.09,0.18,0.03,46.91,14.15,5379
Onur Can Özcan,30754184.0,183,128.97,0.09,0.06,46.97,14.15,5380
Architrackz,17456102.0,192,128.85,0.05,0.07,47.02,14.15,5381
Thomas Rhett,416490449.5000001,669,133.31,1.27,0.44,44.99,14.14,5382
Cyndi Wang,16212501.5,316,129.1,0.05,0.17,46.91,14.14,5383
Carl Brave x Franco126,47072774.0,217,129.21,0.14,0.09,46.86,14.14,5384
Ten Walls,4562867.0,172,128.88,0.01,0.06,47.01,14.13,5385
Thundercat,15780826.766666671,139,128.91,0.05,0.03,46.99,14.13,5386
ChildsPlay,14731062.000000002,183,128.96,0.04,0.06,46.97,14.13,5387
Borixon,4322014.45,110,128.82,0.01,0.01,47.03,14.12,5388
Hunter Hayes,29266089.5,188,129.16,0.09,0.07,46.88,14.12,5389
Cakra Khan,3766964.0,118,128.79,0.01,0.01,47.05,14.12,5390
London On Da Track,25027030.916666664,119,129.08,0.08,0.01,46.92,14.11,5391
DizzyTooSkinny,1034567.5000000001,122,128.84,0.0,0.02,47.02,14.11,5392
Orange & Lemons,56279719.0,217,129.62,0.17,0.09,46.67,14.1,5393
Tochi Raina,39949825.66666669,271,129.53,0.12,0.13,46.71,14.1,5394
Bring Me The Horizon,98443773.16666666,768,130.92,0.3,0.52,46.08,14.1,5395
Los 2 de la S,73961469.5,148,129.72,0.23,0.04,46.62,14.09,5396
347aidan,86152173.5,346,130.19,0.26,0.19,46.41,14.08,5397
Agebeat & Kovary,647575.0,115,129.15,0.0,0.01,46.88,14.07,5398
DJ Kayz,9083771.916666668,100,129.18,0.03,0.0,46.87,14.07,5399
Summer Walker,134163444.16666666,534,131.04,0.41,0.34,46.02,14.07,5400
Bilderbuch,4591857.5,178,129.3,0.01,0.06,46.81,14.07,5401
Belly,21645421.199999996,131,129.34,0.07,0.02,46.8,14.07,5402
Edison Lighthouse,54796693.0,117,129.68,0.17,0.01,46.64,14.06,5403
Brooze,348955.8333333334,107,129.28,0.0,0.01,46.82,14.05,5404
Los Verduleros,9585062.0,296,129.66,0.03,0.15,46.65,14.05,5405
La Duraca,6331798.25,104,129.28,0.02,0.0,46.82,14.05,5406
FANN,3421193.6666666674,106,129.28,0.01,0.0,46.82,14.05,5407
Andrés Cepeda,25066692.0,728,130.56,0.08,0.49,46.24,14.05,5408
Chlöe,77946495.5,103,129.94,0.24,0.0,46.52,14.05,5409
Emilie Nicolas,7381418.6,104,129.39,0.02,0.0,46.77,14.04,5410
La Marisoul,38706872.75,301,130.04,0.12,0.16,46.48,14.04,5411
La Exce,888946.6857142856,104,129.31,0.0,0.0,46.81,14.04,5412
Manuel Medrano,81065423.0,1928,133.17,0.25,1.42,45.05,14.04,5413
Stephanie Cheng,5919394.0,232,129.76,0.02,0.1,46.6,14.02,5414
Pattesutter,11594018.0,157,129.68,0.03,0.04,46.64,14.02,5415
G&G Sindikatas,615097.5,171,129.68,0.0,0.06,46.64,14.01,5416
Alicia Keys,78334849.33333328,567,131.05,0.24,0.36,46.02,14.01,5417
Chase Atlantic,79395804.0,954,131.82,0.24,0.66,45.67,14.0,5418
Los Gemelos De Sinaloa,65567983.0,108,130.26,0.2,0.01,46.38,14.0,5419
Rocazino,13920235.0,181,129.93,0.04,0.06,46.53,13.99,5420
menace Santana,45108433.0,108,130.11,0.14,0.01,46.45,13.99,5421
Side A & Freestyle,17454348.0,146,129.91,0.05,0.04,46.54,13.99,5422
Marco Antonio Solís,6137779.85,215,129.94,0.02,0.09,46.52,13.99,5423
Luis Alfonso Partida El Yaki,49114093.0,127,130.17,0.15,0.02,46.42,13.99,5424
TaynguyenSound,2258331.25,171,129.96,0.01,0.06,46.51,13.98,5425
Sharlene Taule,3481408.5,132,129.86,0.01,0.02,46.56,13.98,5426
Moshiko Mor,2943536.0,143,129.87,0.01,0.03,46.55,13.98,5427
August Alsina,9801890.76190476,214,130.09,0.03,0.09,46.45,13.97,5428
Money Man,48391877.5,108,130.31,0.15,0.01,46.35,13.97,5429
Josef Salvat,6592275.0,287,130.22,0.02,0.15,46.4,13.97,5430
Lil Skies,620469242.3333335,975,136.85,1.89,0.68,43.37,13.97,5431
Pepe Aguilar,47521000.75,531,130.95,0.14,0.33,46.06,13.97,5432
Medellin,16338595.816666666,114,130.07,0.05,0.01,46.46,13.96,5433
Keyakizaka46,15554215.0,218,130.36,0.05,0.09,46.33,13.95,5434
Sel,842856.5,172,130.11,0.0,0.06,46.45,13.95,5435
Sivan Talmor,2586551.5,184,130.19,0.01,0.07,46.41,13.95,5436
Kaza,63268581.5,195,130.68,0.19,0.07,46.19,13.95,5437
ODZ,15763881.75,221,130.33,0.05,0.09,46.35,13.95,5438
SAM WHITE,9458843.0,156,130.23,0.03,0.04,46.39,13.94,5439
Denny Caknan,47231295.5,169,130.59,0.14,0.05,46.23,13.94,5440
Yam Refaeli,2955808.0,139,130.21,0.01,0.03,46.4,13.93,5441
Ada Band,56089554.0,406,131.18,0.17,0.24,45.96,13.93,5442
Genetikk,30301931.833333332,218,130.62,0.09,0.09,46.21,13.93,5443
Eyedress,19992734.5,375,130.73,0.06,0.21,46.16,13.93,5444
Víctor Manuelle,4292228.333333333,160,130.39,0.01,0.05,46.32,13.92,5445
Qaayel,837042.5,123,130.24,0.0,0.02,46.39,13.92,5446
BANNERS,239330328.0,933,133.75,0.73,0.65,44.79,13.92,5447
Mark McCabe,43526218.5,454,131.21,0.13,0.28,45.94,13.92,5448
FKA twigs,19984368.25,284,130.69,0.06,0.14,46.18,13.92,5449
Brent Faiyaz,184856960.66666672,364,132.3,0.56,0.21,45.45,13.92,5450
Pei-Yu Hung,3895081.0,113,130.34,0.01,0.01,46.34,13.91,5451
BONES,9258306.5,276,130.66,0.03,0.14,46.19,13.91,5452
Mike Williams,22346847.333333336,609,131.34,0.07,0.4,45.88,13.91,5453
Coleman Hell,38163669.333333336,505,131.34,0.12,0.31,45.88,13.91,5454
Ari Lasso,47997294.5,202,130.93,0.15,0.08,46.07,13.91,5455
O.T. Genasis,93988530.5,383,131.74,0.29,0.22,45.7,13.89,5456
Ashley Gosiengfiao,12363782.5,178,130.66,0.04,0.06,46.19,13.89,5457
Serayah,8443905.533333331,210,130.69,0.03,0.09,46.18,13.89,5458
Dulce María,4629339.6428571455,100,130.44,0.01,0.0,46.29,13.89,5459
Alejandro Fernández,489880848.35,3736,141.09,1.5,2.83,41.44,13.88,5460
FAULHABER,20540966.000000007,198,130.82,0.06,0.08,46.12,13.88,5461
Loote,34316893.8333333,686,131.84,0.1,0.46,45.66,13.88,5462
Moral Distraida,31380321.252873566,233,131.0,0.1,0.1,46.04,13.88,5463
UM44K,92008694.33333333,175,131.55,0.28,0.06,45.79,13.87,5464
A-Wall,75127425.0,107,131.29,0.23,0.01,45.91,13.87,5465
Tujamo,17350851.666666664,174,130.89,0.05,0.06,46.09,13.87,5466
Mc Th,20334878.81666668,128,130.89,0.06,0.02,46.09,13.86,5467
Gorillaz,145152144.3333333,626,132.84,0.44,0.41,45.2,13.86,5468
Alexander Jarl,946467.0,173,130.82,0.0,0.06,46.12,13.85,5469
13 Block,35345530.5,124,131.1,0.11,0.02,45.99,13.85,5470
Smokepurpp,56638998.03333334,260,131.5,0.17,0.12,45.81,13.85,5471
Zivert,9643921.0,451,131.41,0.03,0.27,45.85,13.85,5472
You Salsa,13909467.0,129,131.05,0.04,0.02,46.02,13.83,5473
Pepe Quintana,1812902.0999999992,587,131.67,0.0,0.38,45.73,13.83,5474
Monsieur Periné,28087880.5,209,131.29,0.09,0.08,45.91,13.83,5475
The Beach Boys,93365117.0,119,131.69,0.28,0.01,45.72,13.83,5476
Chrisye,31959470.0,221,131.35,0.1,0.09,45.88,13.83,5477
PSICOLOGI,113710546.83333331,362,132.29,0.35,0.2,45.45,13.83,5478
Cults,46640472.00000002,381,131.75,0.14,0.22,45.7,13.83,5479
Chet Faker,19563744.5,618,131.97,0.06,0.4,45.6,13.82,5480
M. Pokora,25823355.5,100,131.17,0.08,0.0,45.96,13.82,5481
Mesa,852565.3333333333,181,131.1,0.0,0.06,45.99,13.82,5482
Linkin Park,487921564.4999999,4463,142.83,1.49,3.39,40.64,13.81,5483
VI-EM,11030376.0,497,131.79,0.03,0.31,45.68,13.81,5484
Jessie Ware,14521415.0,304,131.51,0.04,0.16,45.81,13.81,5485
Chayanne,29390334.85,1417,133.56,0.09,1.02,44.87,13.8,5486
Negramaro,27506805.499999996,200,131.45,0.08,0.08,45.83,13.8,5487
iRO,27155167.66666667,127,131.46,0.08,0.02,45.83,13.79,5488
Lars Winnerbäck,15940005.5,106,131.3,0.05,0.0,45.9,13.79,5489
G Herbo,67613567.91666666,215,131.94,0.21,0.09,45.61,13.79,5490
Jidenna,45765301.1,291,131.88,0.14,0.15,45.64,13.79,5491
Austyn Johnson,5507808.666666668,104,131.22,0.02,0.0,45.94,13.79,5492
Cameron Seely,5507808.666666668,104,131.22,0.02,0.0,45.94,13.79,5493
Adriel Favela,78822874.5,265,132.14,0.24,0.13,45.52,13.79,5494
Above The Hood,742680.429761905,216,131.42,0.0,0.09,45.85,13.78,5495
The Neptunes,20107681.450000007,106,131.42,0.06,0.0,45.85,13.78,5496
Amber Coffman,37668225.50000002,360,131.98,0.11,0.2,45.59,13.78,5497
JAZN,27764607.5,101,131.55,0.08,0.0,45.79,13.77,5498
Messiah,3780571.118181819,880,132.64,0.01,0.61,45.29,13.77,5499
Betty Who,6275013.166666665,114,131.45,0.02,0.01,45.83,13.76,5500
Ted Gärdestad,34291789.0,187,131.79,0.1,0.07,45.68,13.76,5501
Los Negroni,1452064.75,134,131.54,0.0,0.03,45.79,13.75,5502
Shayfeen,821166.7333333334,115,131.51,0.0,0.01,45.81,13.75,5503
Pasto,43574645.0,203,132.09,0.13,0.08,45.54,13.74,5504
Alisson Shore,17148032.0,123,131.8,0.05,0.02,45.67,13.73,5505
SyKo,1757857.0,124,131.67,0.0,0.02,45.73,13.73,5506
Montaigne,17096774.666666664,250,132.03,0.05,0.12,45.57,13.73,5507
Rahat Fateh Ali Khan,6846218.935897436,128,131.7,0.02,0.02,45.72,13.73,5508
кис-кис,11786483.0,149,131.86,0.04,0.04,45.65,13.72,5509
Imani Williams,17723973.999999974,350,132.31,0.05,0.19,45.44,13.71,5510
Kevo DJ,9754701.5,105,131.83,0.03,0.0,45.66,13.71,5511
Atif Aslam,165726045.3499999,1044,134.88,0.51,0.73,44.27,13.7,5512
Stunna 4 Vegas,43039827.25,177,132.36,0.13,0.06,45.42,13.7,5513
Sant,15192630.392857142,139,132.11,0.05,0.03,45.53,13.69,5514
emre aydın,5928698.0,148,132.03,0.02,0.04,45.57,13.69,5515
Model,71510656.5,430,133.1,0.22,0.26,45.08,13.69,5516
Efecto Pasillo,31491613.21875,196,132.34,0.1,0.07,45.43,13.69,5517
SKiNNY BARBER,1293393.8333333335,106,131.9,0.0,0.0,45.63,13.69,5518
KVR,11114814.5,479,132.67,0.03,0.29,45.28,13.68,5519
Andiez,8287945.0,302,132.39,0.02,0.16,45.41,13.68,5520
Tom Thum,16683405.666666659,239,132.33,0.05,0.11,45.43,13.68,5521
Longus Mongus,18056583.822222225,141,132.35,0.05,0.03,45.42,13.66,5522
Duman,196279343.0,1210,135.8,0.6,0.86,43.85,13.65,5523
KSLV Noh,3748199.0,177,132.34,0.01,0.06,45.43,13.65,5524
Грибы,1078721.0,223,132.51,0.0,0.1,45.35,13.64,5525
Della,8565727.5,273,132.66,0.03,0.13,45.28,13.64,5526
Banda Los Recoditos,39497433.0,272,132.88,0.12,0.13,45.18,13.64,5527
The Jackson 5,303637815.0,693,135.98,0.93,0.46,43.77,13.64,5528
RADWIMPS,48371062.0,319,133.17,0.15,0.17,45.05,13.63,5529
Quimico Ultra Mega,3595181.508333334,357,132.79,0.01,0.2,45.22,13.63,5530
Chris Crone,10939591.0,187,132.58,0.03,0.07,45.32,13.63,5531
Riaan Benadé,5704571.0,217,132.58,0.02,0.09,45.32,13.63,5532
Jazzu,784560.6666666667,159,132.47,0.0,0.05,45.37,13.63,5533
MC Loma e As Gêmeas Lacração,42743844.75,108,132.81,0.13,0.01,45.21,13.62,5534
Javier Rosas Y Su Artillería Pesada,43909269.5,167,132.9,0.13,0.05,45.17,13.62,5535
Radistai Dj's,257426.5,110,132.45,0.0,0.01,45.38,13.62,5536
Pause,9496620.5,295,132.85,0.03,0.15,45.2,13.62,5537
Märkä-Simo,3262570.3333333335,102,132.52,0.01,0.0,45.35,13.61,5538
anders,14678621.5,179,132.77,0.04,0.06,45.23,13.6,5539
Rod Stewart,30071764.999999996,722,133.9,0.09,0.48,44.72,13.6,5540
алёна швец.,10812465.0,125,132.68,0.03,0.02,45.27,13.6,5541
Michael Patrick Kelly,25008642.0,204,133.11,0.08,0.08,45.08,13.58,5542
B.U.G. Mafia,1735285.5,118,132.81,0.0,0.01,45.21,13.57,5543
Frej Larsson,6957483.000000002,100,132.81,0.02,0.0,45.21,13.57,5544
Rapital,2045734.916666667,143,132.87,0.01,0.03,45.19,13.57,5545
Carla Morrison,28434023.166666668,242,133.3,0.09,0.11,44.99,13.57,5546
Alfredo Olivas,196259885.5,286,134.83,0.6,0.14,44.29,13.57,5547
Jessi Uribe,33025542.333333325,767,134.19,0.1,0.52,44.58,13.57,5548
Silvio Rodríguez,3336048.5,397,133.29,0.01,0.23,45.0,13.57,5549
Tankcsapda,5526370.0,231,133.14,0.02,0.1,45.06,13.56,5550
Hot Shade,13798563.999999996,426,133.47,0.04,0.25,44.91,13.56,5551
GAC (Gamaliél Audrey Cantika),4520019.5,103,132.85,0.01,0.0,45.2,13.56,5552
Bacilos,169105226.0,3449,140.15,0.52,2.6,41.87,13.55,5553
Robinson,21708023.500000004,195,133.37,0.07,0.07,44.96,13.54,5554
Alex Gargola,1370442.2000000002,200,133.16,0.0,0.08,45.05,13.54,5555
Sub Urban,53855947.0,413,133.97,0.16,0.24,44.69,13.54,5556
Cristiano Araújo,27422508.0,298,133.51,0.08,0.15,44.89,13.54,5557
The Dibasic,1200119.5,292,133.3,0.0,0.15,44.99,13.54,5558
Yeison Jimenez,9367900.499999996,195,133.28,0.03,0.07,45.0,13.53,5559
Adham Nabulsi,2116889.0,185,133.3,0.01,0.07,44.99,13.52,5560
grandson,12716867.0,471,133.9,0.04,0.29,44.72,13.52,5561
Yaga & Mackie,6311035.000000003,228,133.44,0.02,0.1,44.93,13.52,5562
Georgia Ku,18881242.66666666,433,133.87,0.06,0.26,44.73,13.52,5563
Hensonn,5301132.0,194,133.43,0.02,0.07,44.93,13.51,5564
Mumford & Sons,167865768.5,1386,136.9,0.51,1.0,43.35,13.51,5565
Los Plebes del Rancho de Ariel Camacho,105236410.5,431,134.68,0.32,0.26,44.36,13.51,5566
Río Roma,34265639.5,737,134.62,0.1,0.5,44.39,13.51,5567
Tomer Yosef,5541308.5,183,133.48,0.02,0.06,44.91,13.5,5568
Djonga,31320666.20555555,167,133.68,0.09,0.05,44.82,13.5,5569
Cartel De Santa,460631534.0,907,138.79,1.41,0.63,42.49,13.5,5570
ABBA,89841506.0,505,134.84,0.27,0.31,44.29,13.49,5571
Luke Bryan,210855782.5,474,135.85,0.64,0.29,43.83,13.49,5572
GFRIEND,9914191.0,122,133.51,0.03,0.02,44.89,13.49,5573
Donny Hathaway,54007637.0,100,133.82,0.16,0.0,44.75,13.49,5574
Jovani,940579.75,282,133.68,0.0,0.14,44.82,13.49,5575
Lauren Jauregui,16083276.5,169,133.66,0.05,0.05,44.83,13.48,5576
MC Davo,23778543.21818182,103,133.74,0.07,0.0,44.79,13.47,5577
Katie Pearlman,4199401.5,137,133.63,0.01,0.03,44.84,13.47,5578
Tony Igy,35536407.0,277,134.14,0.11,0.14,44.61,13.47,5579
PC,3469596.25,194,133.75,0.01,0.07,44.79,13.46,5580
Vicetone,35537436.5,278,134.23,0.11,0.14,44.57,13.46,5581
Tritonal,3830999.5,133,133.68,0.01,0.03,44.82,13.46,5582
Dillon Francis,23560031.833333336,984,135.28,0.07,0.69,44.09,13.46,5583
Lauren Daigle,35325001.0,195,134.15,0.11,0.07,44.6,13.45,5584
DUSTY LOCANE,23690580.0,108,133.94,0.07,0.01,44.7,13.44,5585
Horkýže Slíže,4833364.5,182,133.88,0.01,0.06,44.73,13.44,5586
Can Bonomo,26142465.0,284,134.24,0.08,0.14,44.56,13.44,5587
Don Diablo,7658356.583333341,286,134.06,0.02,0.14,44.64,13.44,5588
Disturbed,87517798.0,706,135.51,0.27,0.47,43.98,13.44,5589
Kabát,15807422.0,393,134.39,0.05,0.23,44.49,13.44,5590
Caleb Santos,29458453.0,138,134.02,0.09,0.03,44.66,13.44,5591
Konex,2073486.4238095235,237,134.04,0.01,0.11,44.65,13.43,5592
OTP,2419252.5,111,133.82,0.01,0.01,44.75,13.43,5593
La Arrolladora Banda El Limón De Rene Camacho,184114329.0,768,136.67,0.56,0.52,43.45,13.42,5594
G-DRAGON,4508793.5,204,134.07,0.01,0.08,44.64,13.42,5595
Antonio Orozco,28653195.411764707,239,134.54,0.09,0.11,44.43,13.4,5596
Vince Staples,29953212.95,162,134.43,0.09,0.05,44.48,13.4,5597
Toby Romeo,11204364.083333336,168,134.18,0.03,0.05,44.59,13.4,5598
Chayín Rubio,97791386.0,197,135.11,0.3,0.08,44.17,13.4,5599
Dj Chetas,7781819.466666665,112,134.25,0.02,0.01,44.56,13.38,5600
MASN,2594168.0,112,134.2,0.01,0.01,44.58,13.38,5601
Denise Ho,2694396.0,163,134.26,0.01,0.05,44.55,13.38,5602
Ocean Alley,45266182.0,181,134.71,0.14,0.06,44.35,13.38,5603
Darkiel,15434231.066666663,765,135.53,0.05,0.52,43.97,13.37,5604
James Vincent McMorrow,6186361.5,122,134.34,0.02,0.02,44.52,13.37,5605
Kőváry Zoli,463297.0,109,134.32,0.0,0.01,44.53,13.36,5606
Andrea Bocelli,5595011.25,102,134.47,0.02,0.0,44.46,13.35,5607
Fumaratto,9027711.0,114,134.46,0.03,0.01,44.46,13.35,5608
Conjunto Primavera,41688925.0,100,134.85,0.13,0.0,44.28,13.34,5609
Sander Mölder,265520.5,114,134.49,0.0,0.01,44.45,13.34,5610
FiNCH,51761216.00000002,169,135.07,0.16,0.05,44.18,13.33,5611
O.S.T.R.,5669468.583333334,156,134.71,0.02,0.04,44.35,13.33,5612
Kita Alexander,13486973.0,106,134.74,0.04,0.0,44.33,13.32,5613
Anahí,4709216.642857143,110,134.69,0.01,0.01,44.36,13.32,5614
LIZOT,18853981.5,199,134.92,0.06,0.08,44.25,13.32,5615
Fynn Kliemann,56098259.0,118,135.19,0.17,0.01,44.13,13.31,5616
Binomio de Oro de América,37750543.0,1151,136.79,0.11,0.82,43.4,13.31,5617
Ella Fitzgerald,64718396.33333333,271,135.51,0.2,0.13,43.98,13.31,5618
Julius Packiam,8564795.25,141,134.93,0.03,0.03,44.25,13.3,5619
Irshad Kamil,8887274.583333334,144,134.93,0.03,0.03,44.25,13.3,5620
Sorriso Maroto,50164830.666666664,142,135.28,0.15,0.03,44.09,13.3,5621
Milbo,7836204.833333333,119,134.82,0.02,0.01,44.3,13.3,5622
Papp Szabi,493007.76666666666,119,134.8,0.0,0.01,44.31,13.3,5623
Rivermaya,29026250.0,131,135.11,0.09,0.02,44.17,13.29,5624
Juan Gabriel,22311225.166666664,254,135.33,0.07,0.12,44.06,13.28,5625
Los De La Nazza,3574851.5,183,135.03,0.01,0.06,44.2,13.28,5626
Ernie Zakri,5105072.5,106,134.95,0.01,0.0,44.24,13.28,5627
Pink Floyd,5110305.5,190,135.05,0.01,0.07,44.19,13.28,5628
Sara Hartman,4698317.0,132,135.01,0.01,0.02,44.21,13.27,5629
Al Nather,904310.5,118,134.99,0.0,0.01,44.22,13.27,5630
Müslüm Gürses,94122341.0,703,136.87,0.29,0.47,43.36,13.26,5631
Benab,21604583.944444448,112,135.36,0.07,0.01,44.05,13.25,5632
Joey Bada$$,68478571.5,225,136.11,0.21,0.1,43.71,13.23,5633
Sergi,10521352.5,172,135.47,0.03,0.06,44.0,13.23,5634
Sertab Erener,54261540.0,273,136.03,0.17,0.13,43.75,13.23,5635
KID FLEX,10521352.5,172,135.47,0.03,0.06,44.0,13.23,5636
t.A.T.u.,10296805.0,162,135.46,0.03,0.05,44.01,13.23,5637
Ghostface Playa,4568966.0,154,135.44,0.01,0.04,44.01,13.22,5638
The Goo Goo Dolls,213847401.0,722,138.46,0.65,0.48,42.64,13.2,5639
De Jeugd Van Tegenwoordig,59101841.0,325,136.4,0.18,0.17,43.58,13.2,5640
Divididos,58617064.0,315,136.43,0.18,0.17,43.56,13.19,5641
Ulices Chaidez,39561933.0,116,135.99,0.12,0.01,43.76,13.18,5642
Sasha Alex Sloan,47072298.5,761,137.19,0.14,0.51,43.22,13.17,5643
Los Enanitos Verdes,258020801.0,2181,141.55,0.79,1.62,41.23,13.17,5644
RØMANS,3894481.0,143,135.82,0.01,0.03,43.84,13.17,5645
Young Earth Sauce,7883775.500000002,114,135.81,0.02,0.01,43.85,13.17,5646
Yo Lee,11587082.833333334,217,136.06,0.03,0.09,43.73,13.16,5647
Gustavo Cerati,106502238.0,1084,138.36,0.32,0.76,42.68,13.16,5648
Ivy Queen,8232926.16666667,376,136.46,0.02,0.21,43.55,13.14,5649
Carlitos Rossy,13037396.25,195,136.2,0.04,0.07,43.67,13.14,5650
Gepe,12501246.0862069,107,136.11,0.04,0.01,43.71,13.13,5651
maNga,107313998.33333333,565,137.7,0.33,0.36,42.98,13.13,5652
Disney,77742771.5,337,137.06,0.24,0.18,43.28,13.13,5653
$uicideboy$,224106647.3333333,631,138.93,0.68,0.41,42.42,13.12,5654
Ulises Bueno,32970193.0,183,136.51,0.1,0.06,43.53,13.12,5655
Leslie Cheung,5778427.0,224,136.48,0.02,0.1,43.54,13.1,5656
Nate Dogg,558431096.5,7736,154.25,1.7,5.93,35.44,13.09,5657
MBT,762482.5,113,136.28,0.0,0.01,43.63,13.09,5658
El Bebeto,82632161.0,201,137.2,0.25,0.08,43.21,13.09,5659
T-Fest,6131469.416666667,294,136.72,0.02,0.15,43.43,13.08,5660
Código FN,54623012.25,105,136.88,0.17,0.0,43.36,13.08,5661
TOKYO’S REVENGE,105432651.0,140,137.36,0.32,0.03,43.14,13.08,5662
Tommee Profitt,541148.9999999999,119,136.41,0.0,0.01,43.57,13.07,5663
Jack Stauber,31997304.0,231,136.92,0.1,0.1,43.34,13.07,5664
Pasabordo,3810911.4999999995,229,136.69,0.01,0.1,43.44,13.07,5665
Los Nota Lokos,16978801.5,121,136.62,0.05,0.02,43.48,13.07,5666
Trailerpark,30467834.0,215,136.93,0.09,0.09,43.34,13.07,5667
Nemir,25571862.700000003,196,136.79,0.08,0.07,43.4,13.07,5668
6cyclemind,28336875.5,198,136.87,0.09,0.08,43.36,13.07,5669
Leona Lewis,137177776.0,558,138.51,0.42,0.36,42.61,13.06,5670
Jarryd James,11464748.5,267,136.88,0.03,0.13,43.36,13.06,5671
The Pussycat Dolls,60942069.0,323,137.54,0.19,0.17,43.06,13.05,5672
Captain Cuts,16374657.000000002,393,137.24,0.05,0.23,43.19,13.05,5673
First Aid Kit,10191622.5,116,136.76,0.03,0.01,43.41,13.04,5674
Long3,347650.52976190473,104,136.63,0.0,0.0,43.47,13.04,5675
Ha*Ash,105009816.0,1512,139.97,0.32,1.1,41.95,13.04,5676
Ori Ben Ari,3586209.0,173,136.94,0.01,0.06,43.33,13.02,5677
Kiyo,41778040.5,230,137.42,0.13,0.1,43.11,13.02,5678
Jandy Feliz,31263468.0,1244,139.02,0.09,0.89,42.38,13.02,5679
Jordan Davis,100703979.5,167,137.89,0.31,0.05,42.9,13.01,5680
Gryffin,60857786.99999995,1397,139.62,0.19,1.01,42.11,13.01,5681
Ukendt Kunstner,11613890.0,235,137.14,0.03,0.1,43.24,13.01,5682
Emil Assergård,22507360.0,132,137.11,0.07,0.02,43.25,13.01,5683
Ninety One,1725233.0,126,136.93,0.0,0.02,43.34,13.01,5684
Jennifer Hudson,16430932.333333332,172,137.27,0.05,0.06,43.18,12.99,5685
Yot Club,137496622.0,169,138.34,0.42,0.05,42.69,12.99,5686
The-Dream,8914633.96666667,137,137.28,0.03,0.03,43.18,12.98,5687
Family of the Year,34421626.0,787,138.6,0.1,0.53,42.57,12.97,5688
Arko,30827853.5,194,137.62,0.09,0.07,43.02,12.96,5689
Smuggler,511083.86309523805,131,137.27,0.0,0.02,43.18,12.96,5690
Ryan Cabrera,17809093.0,186,137.69,0.05,0.07,42.99,12.94,5691
DMX,56274836.5,421,138.43,0.17,0.25,42.65,12.94,5692
Howie Day,27997909.0,241,137.95,0.08,0.11,42.87,12.93,5693
Regula,1898141.8333333333,162,137.59,0.01,0.05,43.03,12.93,5694
KURT,105191543.0,750,139.57,0.32,0.51,42.13,12.92,5695
Andreas Gabalier,12575322.0,131,137.76,0.04,0.02,42.96,12.91,5696
Holak,5729820.583333334,131,137.69,0.02,0.02,42.99,12.91,5697
玖壹壹,4182101.8333333335,181,137.83,0.01,0.06,42.92,12.9,5698
Ducon,10804895.277777778,153,138.07,0.03,0.04,42.82,12.87,5699
12:00,603666.0,101,137.95,0.0,0.0,42.87,12.86,5700
Stephen Speaks,67550591.0,305,138.93,0.21,0.16,42.42,12.86,5701
RSAC,864325.5,117,138.05,0.0,0.01,42.82,12.85,5702
Ayo & Teo,192990539.0,302,140.07,0.59,0.16,41.9,12.85,5703
Stevie Wonder,205558788.66666666,675,140.87,0.63,0.45,41.54,12.85,5704
Pentatonix,168183276.80000004,512,140.4,0.51,0.32,41.75,12.83,5705
Intoxicados,72141881.0,519,139.58,0.22,0.33,42.13,12.83,5706
Valeria Gau,772721.8333333333,111,138.28,0.0,0.01,42.72,12.82,5707
Senkise,1136000.0,157,138.35,0.0,0.04,42.69,12.82,5708
Negros Tou Moria,2021466.85,135,138.34,0.01,0.03,42.69,12.82,5709
Tee Grizzley,122120285.16666667,111,139.52,0.37,0.01,42.15,12.8,5710
Chris Wandell,835587.5,137,138.45,0.0,0.03,42.64,12.8,5711
InfaRed,25769777.25,230,138.89,0.08,0.1,42.44,12.79,5712
Youssoupha,6861503.732142858,112,138.53,0.02,0.01,42.61,12.79,5713
Leonard Cohen,5729830.0,103,138.6,0.02,0.0,42.57,12.78,5714
Luciano Pereyra,8674117.5,156,138.75,0.03,0.04,42.51,12.78,5715
Leo Rizzi,59731124.0,141,139.15,0.18,0.03,42.32,12.78,5716
Remy Ma,25790117.25,231,139.07,0.08,0.1,42.36,12.77,5717
Yiyo Sarante,17118928.0,650,139.8,0.05,0.43,42.03,12.76,5718
Lincoln Jesser,589668.0,209,138.84,0.0,0.08,42.46,12.76,5719
SAMSONS,52996654.08,324,139.54,0.16,0.17,42.15,12.76,5720
Kings of Leon,109909775.0,1166,141.61,0.34,0.83,41.2,12.75,5721
Mc Lipi,22544598.486363634,100,138.99,0.07,0.0,42.4,12.75,5722
2Kvėpavimas,762973.0,116,138.79,0.0,0.01,42.49,12.75,5723
ChiChi Peralta,37994239.0,1427,141.34,0.12,1.03,41.32,12.75,5724
La Santa Grifa,63755429.0,137,139.39,0.19,0.03,42.21,12.75,5725
Luis Alberto Spinetta,63641944.0,357,139.79,0.19,0.2,42.03,12.75,5726
Mayonnaise,49501258.0,122,139.25,0.15,0.02,42.28,12.75,5727
Johan Olsen,14291146.5,274,139.28,0.04,0.14,42.26,12.74,5728
Mama Santa,1824381.5,139,138.9,0.0,0.03,42.44,12.74,5729
Emelie Cyréus,16124087.0,145,139.06,0.05,0.03,42.36,12.74,5730
DJ SpinKing,59924449.5,208,139.63,0.18,0.08,42.1,12.73,5731
alt-J,28193276.0,747,140.27,0.09,0.5,41.81,12.73,5732
Bag Raiders,35700650.0,201,139.58,0.11,0.08,42.13,12.71,5733
Whatcharawale,25585257.0,383,139.8,0.08,0.22,42.03,12.71,5734
Eshconinco,2266862.5,116,139.2,0.01,0.01,42.3,12.7,5735
Gripin,32837086.0,130,139.48,0.1,0.02,42.17,12.7,5736
Los Palmeras,42263333.5,179,139.65,0.13,0.06,42.09,12.7,5737
Nirvana,917278349.0,2434,151.29,2.8,1.81,36.79,12.7,5738
RHODES,12141855.0,266,139.51,0.04,0.13,42.16,12.7,5739
Monk,12250722.766666666,105,139.3,0.04,0.0,42.25,12.69,5740
Ratatat,39522508.99999999,160,139.73,0.12,0.05,42.06,12.68,5741
Better Weather,8442136.0,190,139.49,0.03,0.07,42.17,12.68,5742
Maria,13222365.420634925,198,139.67,0.04,0.08,42.09,12.67,5743
Phùng Khánh Linh,3400577.5,167,139.58,0.01,0.05,42.13,12.66,5744
Chamaco,1508019.233333333,199,139.62,0.0,0.08,42.11,12.66,5745
Dixie,13561856.0,108,139.55,0.04,0.01,42.14,12.66,5746
MUNA,3650311.5,125,139.52,0.01,0.02,42.15,12.66,5747
Antonio Carmona,6910758.245098041,137,139.64,0.02,0.03,42.1,12.65,5748
WINNER,8129030.0,282,139.94,0.02,0.14,41.96,12.64,5749
Snøw,229325841.5,1143,143.42,0.7,0.81,40.38,12.64,5750
FINNEAS,8764511.0,224,139.95,0.03,0.1,41.96,12.63,5751
girl in red,121397734.0,260,141.0,0.37,0.12,41.48,12.63,5752
Fonseca,85050886.00000003,2419,144.34,0.26,1.8,39.96,12.63,5753
TOTO,562059996.0,2686,149.16,1.72,2.01,37.76,12.62,5754
Musketeers,19620736.5,254,140.26,0.06,0.12,41.82,12.61,5755
Tyron Hapi,8784089.5,115,139.91,0.03,0.01,41.98,12.61,5756
Shoffy,603543.0,215,139.99,0.0,0.09,41.94,12.61,5757
Justin Hurwitz,10021969.5,261,140.25,0.03,0.13,41.82,12.6,5758
Birdy,40738264.83333333,1152,142.0,0.12,0.82,41.02,12.6,5759
Turma do Pagode,126610144.5,233,141.21,0.39,0.1,41.38,12.6,5760
bülow,16368534.000000002,157,140.17,0.05,0.04,41.86,12.59,5761
Cheer Chen,3078453.0,131,140.04,0.01,0.02,41.92,12.59,5762
Zpecial,3118234.5,108,139.94,0.01,0.01,41.96,12.59,5763
Jesse McCartney,45825215.0,353,140.85,0.14,0.2,41.55,12.58,5764
Lloyiso,3646240.0,114,140.04,0.01,0.01,41.92,12.58,5765
YERM,7018873.0,117,140.21,0.02,0.01,41.84,12.56,5766
Natos y Waor,86255435.91666666,361,141.35,0.26,0.2,41.32,12.56,5767
Imran Khan,33337417.0,174,140.64,0.1,0.06,41.64,12.55,5768
Justine Skye,18370154.833333336,163,140.52,0.06,0.05,41.7,12.55,5769
Popcaan,35378525.583333306,632,141.5,0.11,0.41,41.25,12.54,5770
Marpo,2038587.3333333335,150,140.55,0.01,0.04,41.68,12.52,5771
Fat Joe,27122597.41666666,253,141.02,0.08,0.12,41.47,12.51,5772
Hilary Duff,20349300.0,288,141.02,0.06,0.15,41.47,12.51,5773
*NSYNC,103467600.0,346,142.06,0.32,0.19,41.0,12.49,5774
WANIMA,26294327.0,198,141.11,0.08,0.08,41.43,12.49,5775
Gene Noble,1145201.666666665,137,140.8,0.0,0.03,41.57,12.48,5776
Adam Ďurica,3926844.0,164,140.9,0.01,0.05,41.52,12.48,5777
Sharlene,1370964.0,104,140.71,0.0,0.0,41.61,12.48,5778
Gadiel,4108958.000000002,262,141.04,0.01,0.13,41.46,12.48,5779
iri,14883707.0,108,140.98,0.04,0.01,41.49,12.47,5780
KK,59399603.833333336,194,141.49,0.18,0.07,41.26,12.47,5781
2Pac,6619554.833333335,183,141.1,0.02,0.06,41.43,12.46,5782
Twins,3054535.0,152,141.25,0.01,0.04,41.37,12.43,5783
Jaden,45116386.0,168,141.65,0.14,0.05,41.18,12.42,5784
Melissa,11502989.75,155,141.34,0.03,0.04,41.32,12.42,5785
Colbie Caillat,86205907.5,980,143.43,0.26,0.68,40.37,12.42,5786
Outlawz,3138040.0,106,141.3,0.01,0.0,41.34,12.41,5787
Volbeat,18808488.0,341,141.9,0.06,0.19,41.07,12.4,5788
Kahitna,31308616.0,192,141.73,0.09,0.07,41.15,12.4,5789
Marcell,47377179.25,219,141.95,0.14,0.09,41.05,12.4,5790
Remo,53716702.75,223,142.1,0.16,0.1,40.98,12.39,5791
Wanna One,7400729.0,244,141.68,0.02,0.11,41.17,12.39,5792
Ciro y los Persas,103890199.0,730,143.46,0.32,0.49,40.36,12.38,5793
Destiny's Child,26232593.0,203,141.89,0.08,0.08,41.07,12.38,5794
EXID,4503952.0,172,141.69,0.01,0.06,41.16,12.37,5795
Mac DeMarco,177083704.0,171,143.29,0.54,0.06,40.44,12.37,5796
Jason Mraz,577891222.0,4810,154.72,1.76,3.66,35.22,12.37,5797
Los Macorinos,17189830.0,174,141.91,0.05,0.06,41.06,12.36,5798
Cold Chisel,38787770.0,152,142.11,0.12,0.04,40.97,12.35,5799
Lights,3853605.5,214,141.9,0.01,0.09,41.07,12.35,5800
Athena,12935725.0,202,142.08,0.04,0.08,40.99,12.34,5801
Japiaguar,2572201.0,284,142.11,0.01,0.14,40.97,12.34,5802
Alexander 23,44414388.0,208,142.29,0.13,0.08,40.89,12.34,5803
Mike Taylor,13852507.0,305,142.24,0.04,0.16,40.91,12.34,5804
Lennox,1660917.8166666676,151,141.95,0.0,0.04,41.05,12.33,5805
Edwin Luna y La Trakalosa de Monterrey,56171507.0,561,143.13,0.17,0.36,40.51,12.33,5806
Juan Luis Guerra 4.40,9285479.85,1491,144.45,0.03,1.08,39.91,12.31,5807
Lauren Alaina,60753406.666666664,122,142.55,0.18,0.02,40.77,12.31,5808
Cheb Bello,655705.2500000002,131,142.03,0.0,0.02,41.01,12.31,5809
Vicente Garcia,25015358.0,277,142.65,0.08,0.14,40.73,12.29,5810
Joey Cool,2567109.75,136,142.22,0.01,0.03,40.92,12.29,5811
SXTN,60669642.0,188,142.78,0.18,0.07,40.67,12.29,5812
King Iso,2567109.75,136,142.22,0.01,0.03,40.92,12.29,5813
Alzate,3831086.500000001,129,142.26,0.01,0.02,40.9,12.28,5814
Dzharo & Khanza,1589054.5,117,142.18,0.0,0.01,40.94,12.28,5815
Wallows,128136456.5,286,143.65,0.39,0.14,40.27,12.28,5816
Amanda Seyfried,3667929.958333333,122,142.37,0.01,0.02,40.85,12.27,5817
Los Auténticos Decadentes,28036711.0,237,142.76,0.08,0.11,40.68,12.27,5818
Hoobastank,5266962.0,146,142.44,0.02,0.04,40.82,12.27,5819
Will Pan,3284107.6666666665,132,142.35,0.01,0.02,40.86,12.27,5820
Ayo97,3830692.5,140,142.53,0.01,0.03,40.78,12.25,5821
Dr. Dre,129718174.75000003,1111,145.3,0.4,0.79,39.52,12.25,5822
Pipa Para Tabaco,3304295.0,515,143.15,0.01,0.32,40.5,12.25,5823
The Itchyworms,39003558.0,121,142.99,0.12,0.02,40.57,12.23,5824
Jung,8659427.0,113,142.64,0.03,0.01,40.73,12.23,5825
Zemfira,12667501.0,150,142.76,0.04,0.04,40.68,12.23,5826
Calle 13,3923936.75,518,143.39,0.01,0.32,40.39,12.22,5827
La Beriso,53373370.5,723,144.15,0.16,0.48,40.04,12.22,5828
Lenny,1419712.5,107,142.64,0.0,0.01,40.73,12.22,5829
Dwayne Johnson,6072403.75,171,142.91,0.02,0.06,40.61,12.21,5830
Wilfred Lau,3379007.0,143,142.8,0.01,0.03,40.66,12.21,5831
頑童Mj116,6119841.0,135,142.84,0.02,0.03,40.64,12.21,5832
machineheart,380230.5,109,142.85,0.0,0.01,40.64,12.2,5833
Maldita Nerea,20186043.0,129,143.02,0.06,0.02,40.56,12.2,5834
Eliza Doolittle,4762500.66666667,429,143.54,0.01,0.26,40.32,12.18,5835
André Hazes Jr.,35875419.14285714,274,143.57,0.11,0.14,40.31,12.18,5836
Moose,1205593.2880952377,125,142.94,0.0,0.02,40.59,12.18,5837
Missy Elliott,18769691.5,124,143.24,0.06,0.02,40.46,12.17,5838
Vanic,504891.0,110,143.02,0.0,0.01,40.56,12.17,5839
Mawi,1568495.5,105,142.98,0.0,0.0,40.58,12.17,5840
Vaults,7325699.5,136,143.18,0.02,0.03,40.49,12.16,5841
Kayuá,11175050.361111114,140,143.21,0.03,0.03,40.47,12.16,5842
Keane,105705613.5,335,144.73,0.32,0.18,39.78,12.12,5843
Alexandra Stan,1929807.1666666665,146,143.55,0.01,0.04,40.32,12.11,5844
Juhn Allstar,1523075.3333333356,330,143.87,0.0,0.18,40.17,12.11,5845
Oriente,22804277.83333333,113,143.66,0.07,0.01,40.27,12.11,5846
Altimet,2115561.833333333,126,143.5,0.01,0.02,40.34,12.11,5847
УННВ,7293358.0,103,143.49,0.02,0.0,40.34,12.11,5848
Two Door Cinema Club,34571421.0,154,143.88,0.1,0.04,40.17,12.1,5849
Lucenzo,64840038.5,879,145.59,0.2,0.61,39.39,12.08,5850
Carlos Rivera,91268917.83333334,438,145.17,0.28,0.26,39.58,12.06,5851
Göksel,17512330.5,219,144.17,0.05,0.09,40.03,12.06,5852
Carpenters,33827365.0,149,144.26,0.1,0.04,39.99,12.05,5853
Stargate,7445590.500000002,201,144.17,0.02,0.08,40.03,12.04,5854
Teoman,50187623.5,770,145.55,0.15,0.52,39.4,12.04,5855
Nfasis,443251.1388888889,100,144.02,0.0,0.0,40.1,12.03,5856
Zac Brown Band,68737058.5,172,144.94,0.21,0.06,39.68,12.01,5857
Madonna,25216564.5,335,144.85,0.08,0.18,39.72,12.0,5858
Freestyle,48130695.0,255,144.97,0.15,0.12,39.67,12.0,5859
Tan Bionica,21865165.5,351,144.99,0.07,0.2,39.66,11.99,5860
Quinn XCII,32856781.333333332,260,144.96,0.1,0.12,39.67,11.98,5861
Eagles,103202123.0,669,146.32,0.31,0.44,39.05,11.97,5862
EDX,3117088.333333333,161,144.68,0.01,0.05,39.8,11.96,5863
Newtimers,9571219.5,241,144.84,0.03,0.11,39.73,11.96,5864
blink-182,39862155.0,101,144.97,0.12,0.0,39.67,11.95,5865
Alfred Hui,4911661.5,253,144.95,0.01,0.12,39.68,11.94,5866
Thomas Jack,22060895.0,260,145.14,0.07,0.12,39.59,11.94,5867
Ceylan Ertem,10900221.5,172,145.13,0.03,0.06,39.6,11.91,5868
Laura Pausini,7694297.411764704,167,145.16,0.02,0.05,39.58,11.9,5869
Morissette,20224900.0,225,145.44,0.06,0.1,39.45,11.89,5870
Bob Marley & The Wailers,20071264.833333325,327,145.71,0.06,0.18,39.33,11.88,5871
Daniel Padilla,24660501.0,281,145.68,0.07,0.14,39.35,11.88,5872
Cultura Profética,7879146.0,685,146.34,0.02,0.45,39.04,11.86,5873
Estopa,84088784.0,317,146.39,0.26,0.17,39.02,11.86,5874
Nathan Sykes,15828424.0,309,145.9,0.05,0.16,39.24,11.84,5875
Eddy Lover,12814193.5,493,146.27,0.04,0.31,39.08,11.83,5876
DDG,41926687.666666664,141,145.91,0.13,0.03,39.24,11.83,5877
Johnny Mathis,17994979.5,127,145.7,0.05,0.02,39.34,11.83,5878
Lyan,1575492.7878787878,504,146.24,0.0,0.31,39.09,11.82,5879
Brave,456850.5,186,145.83,0.0,0.07,39.28,11.81,5880
George Maple,1224162.5,128,145.74,0.0,0.02,39.32,11.8,5881
Dido,54508137.0,636,147.1,0.17,0.42,38.7,11.8,5882
Jme,12979164.333333332,148,145.91,0.04,0.04,39.24,11.8,5883
Graham Candy,6874774.0,228,146.04,0.02,0.1,39.18,11.79,5884
Lifehouse,55236945.0,369,146.82,0.17,0.21,38.83,11.78,5885
Shaarib Toshi,7425030.5,101,145.91,0.02,0.0,39.24,11.78,5886
Rotlaus,38203649.0,409,146.81,0.12,0.24,38.83,11.77,5887
Molchat Doma,1598848.0,114,145.97,0.0,0.01,39.21,11.77,5888
Slipknot,11914848.0,134,146.16,0.04,0.03,39.13,11.76,5889
Nabález,12730280.0,318,146.6,0.04,0.17,38.93,11.75,5890
Panteon Rococo,79181855.0,186,147.02,0.24,0.07,38.73,11.74,5891
Fabolous,7876378.583333333,148,146.26,0.02,0.04,39.08,11.74,5892
Grupo Bryndis,5737217.0,194,146.53,0.02,0.07,38.96,11.72,5893
Stuðmenn,1103337.0,169,146.44,0.0,0.05,39.0,11.72,5894
Tiki Taane,5369086.0,107,146.49,0.02,0.01,38.98,11.7,5895
BOL4,13389752.0,136,146.68,0.04,0.03,38.89,11.69,5896
LIZER,17084609.5,347,147.08,0.05,0.19,38.71,11.69,5897
Letto,36546215.0,202,147.06,0.11,0.08,38.72,11.68,5898
"Grover Washington, Jr.",5707540.5,140,146.74,0.02,0.03,38.86,11.67,5899
Baby Rasta & Gringo,8998942.0,181,146.93,0.03,0.06,38.78,11.66,5900
Bill Withers,8866113.5,148,146.88,0.03,0.04,38.8,11.66,5901
Fito y Fitipaldis,84734628.0,356,147.94,0.26,0.2,38.31,11.66,5902
Tech N9ne,5865178.249999999,160,146.91,0.02,0.05,38.78,11.66,5903
Journey,385739269.5,2601,154.56,1.18,1.94,35.3,11.64,5904
Katharine McPhee,14517539.5,181,147.12,0.04,0.06,38.69,11.64,5905
Vanesa Martín,14441911.630514707,206,147.13,0.04,0.08,38.68,11.64,5906
Låpsley,2211461.0,162,147.07,0.01,0.05,38.71,11.63,5907
Banda Neira,49644762.0,307,147.73,0.15,0.16,38.41,11.63,5908
Eraserheads,106207052.0,556,148.74,0.32,0.35,37.95,11.62,5909
Train,97361296.0,888,149.3,0.3,0.61,37.69,11.61,5910
Vierre Cloud,981712.0,140,147.24,0.0,0.03,38.63,11.6,5911
YENTED,9108110.666666668,169,147.34,0.03,0.05,38.59,11.6,5912
T-Pain,33308219.833333343,316,147.87,0.1,0.17,38.35,11.6,5913
Jarabe De Palo,137445878.0,1395,150.69,0.42,1.01,37.06,11.59,5914
Thiaguinho,76803871.5,143,147.99,0.23,0.03,38.29,11.59,5915
Jason Reeves,14370901.5,179,147.46,0.04,0.06,38.53,11.59,5916
Thirty Seconds To Mars,8014128.5,129,147.4,0.02,0.02,38.56,11.58,5917
Robbie Williams,8579747.0,102,147.42,0.03,0.0,38.55,11.58,5918
Leon Somov,372824.5,138,147.56,0.0,0.03,38.49,11.56,5919
Janice Yan,8004978.0,175,147.66,0.02,0.06,38.44,11.56,5920
Bryan Adams,194137880.0,1039,150.81,0.59,0.73,37.01,11.56,5921
Oasis,855771051.0,4387,162.52,2.61,3.33,31.67,11.54,5922
Sinfonico,566367.875,209,147.78,0.0,0.08,38.39,11.54,5923
Chinaski,10246418.5,503,148.41,0.03,0.31,38.1,11.54,5924
Tame Impala,636670401.1666666,1368,155.47,1.94,0.99,34.88,11.54,5925
iZaak,1863587.7142857143,119,147.75,0.01,0.01,38.4,11.53,5926
Briga,7185752.333333333,117,147.72,0.02,0.01,38.41,11.53,5927
DeJ Loaf,54356339.5,232,148.59,0.17,0.1,38.02,11.5,5928
Airbag,43895379.0,256,148.7,0.13,0.12,37.97,11.48,5929
Tim Legend,487208.0,208,148.3,0.0,0.08,38.15,11.47,5930
Las Pastillas del Abuelo,13119654.0,133,148.36,0.04,0.03,38.12,11.46,5931
Sin Bandera,23417668.0,399,148.95,0.07,0.23,37.85,11.45,5932
WEEDMANE,4030336.5,193,148.45,0.01,0.07,38.08,11.45,5933
Suicideyear,4030336.5,193,148.45,0.01,0.07,38.08,11.45,5934
Los Cadillac's,1993123.833333334,304,148.7,0.01,0.16,37.97,11.44,5935
Gabby Barrett,110628999.0,111,149.52,0.34,0.01,37.59,11.42,5936
Mario,7089092.0,228,148.75,0.02,0.1,37.95,11.42,5937
Lil Geniuz,2514997.875,230,148.83,0.01,0.1,37.91,11.41,5938
阿涵,14749555.5,365,149.3,0.04,0.21,37.69,11.39,5939
ayaka,14197791.0,253,149.31,0.04,0.12,37.69,11.36,5940
Tez Cadey,12625812.0,278,149.31,0.04,0.14,37.69,11.36,5941
Beit Habubot,3105977.9999999986,196,149.15,0.01,0.07,37.76,11.35,5942
REDZED,3691164.5,184,149.34,0.01,0.07,37.68,11.33,5943
El Villano,7870899.666666664,308,149.61,0.02,0.16,37.55,11.32,5944
Sitti,14900878.0,117,149.39,0.04,0.01,37.65,11.31,5945
Dierks Bentley,37529245.5,111,149.64,0.11,0.01,37.54,11.31,5946
Madeon,2287579.5,123,149.35,0.01,0.02,37.67,11.31,5947
El Cuarteto De Nos,1794103.0,269,149.72,0.0,0.13,37.5,11.29,5948
Dwele,44807279.5,186,150.0,0.14,0.07,37.38,11.29,5949
DEAN,1868946.8333333335,163,149.59,0.01,0.05,37.56,11.29,5950
Darius Rucker,24921943.0,118,149.75,0.08,0.01,37.49,11.28,5951
Tamia,1937293.5,141,149.63,0.01,0.03,37.54,11.27,5952
Busy Signal,11635366.25,458,150.32,0.03,0.28,37.23,11.26,5953
Café Tacvba,67532626.0,173,150.38,0.21,0.06,37.2,11.26,5954
Tash Sultana,14702356.0,102,149.79,0.04,0.0,37.47,11.26,5955
Javada,1801732.25,108,149.66,0.0,0.01,37.53,11.26,5956
LÉON,4860550.166666666,112,149.97,0.01,0.01,37.39,11.22,5957
Ricardo Montaner,5182801.35,105,150.04,0.02,0.0,37.36,11.22,5958
Ken-Y,6361594.166666669,357,150.67,0.02,0.2,37.07,11.19,5959
Ximena Sariñana,13918387.666666668,108,150.32,0.04,0.01,37.23,11.19,5960
Mugison,695634.0,120,150.25,0.0,0.02,37.26,11.18,5961
Dimension,2542460.5,154,150.41,0.01,0.04,37.19,11.17,5962
Yüksek Sadakat,50318138.0,277,151.01,0.15,0.14,36.91,11.17,5963
"Luis Angel ""El Flaco""",62343444.0,163,150.96,0.19,0.05,36.94,11.17,5964
Foo Fighters,67946644.0,462,151.63,0.21,0.28,36.63,11.16,5965
Tom Rosenthal,4246294.5,116,150.49,0.01,0.01,37.15,11.15,5966
Giang Pham,1139973.6666666665,111,150.59,0.0,0.01,37.11,11.14,5967
Dimension Latina,13257393.0,138,150.74,0.04,0.03,37.04,11.14,5968
Villa Cariño,35050560.0,266,151.33,0.11,0.13,36.77,11.11,5969
Diego Torres,7031168.5,200,150.98,0.02,0.08,36.93,11.11,5970
The Kooks,181320316.0,574,153.29,0.55,0.37,35.87,11.09,5971
La De Roberto,1025570.0,186,151.09,0.0,0.07,36.88,11.09,5972
Sub Focus,3116575.0,193,151.07,0.01,0.07,36.89,11.09,5973
"Franco ""El Gorilla""",3640476.2023809524,147,151.16,0.01,0.04,36.85,11.07,5974
MiyaGi,13129136.666666666,333,151.65,0.04,0.18,36.62,11.06,5975
J Alvarez,22907012.838888913,667,152.3,0.07,0.44,36.33,11.06,5976
Los Angeles De Charly,13262224.0,444,151.93,0.04,0.27,36.5,11.05,5977
Beach House,190298527.0,230,153.16,0.58,0.1,35.93,11.04,5978
Dudu Tassa,2159547.5,173,151.42,0.01,0.06,36.73,11.04,5979
AX 13,6055100.166666666,221,151.6,0.02,0.09,36.65,11.03,5980
FISHER,18213596.0,323,151.93,0.05,0.17,36.5,11.02,5981
Boy Wonder CF,2312523.2,140,151.51,0.01,0.03,36.69,11.02,5982
Sálin hans Jóns míns,2205404.0,370,152.08,0.01,0.21,36.43,11.0,5983
Cumbia Juan,10328708.0,332,152.0,0.03,0.18,36.46,11.0,5984
Sevenn,3464275.166666668,106,151.68,0.01,0.0,36.61,10.99,5985
Red Hot Chili Peppers,123546852.0,1761,155.64,0.38,1.29,34.8,10.98,5986
The Cranberries,20928841.0,228,152.19,0.06,0.1,36.38,10.97,5987
Intars Busulis,360858.33333333326,165,151.93,0.0,0.05,36.5,10.97,5988
Sad Eye,928798.6666666666,117,151.96,0.0,0.01,36.48,10.95,5989
Daddy Was a Milkman,915630.5,198,152.13,0.0,0.08,36.4,10.94,5990
Catfish and the Bottlemen,26956314.0,100,152.29,0.08,0.0,36.33,10.93,5991
Ñejo & Dalmata,35525906.0,630,153.36,0.11,0.41,35.84,10.92,5992
Franco De Vita,1364760.8333333333,213,152.35,0.0,0.09,36.3,10.92,5993
Mitski,39953499.0,306,152.95,0.12,0.16,36.03,10.91,5994
Benal,6295354.5,107,152.35,0.02,0.01,36.3,10.9,5995
Lee Brice,81994717.5,136,153.18,0.25,0.03,35.93,10.89,5996
Carrie Underwood,28481851.5,100,152.71,0.09,0.0,36.14,10.88,5997
Us The Duo,3519487.0,199,152.69,0.01,0.08,36.15,10.87,5998
Sixpence None The Richer,6731544.0,150,152.67,0.02,0.04,36.16,10.87,5999
Hombres G,235957361.0,1338,156.81,0.72,0.96,34.27,10.86,6000
Cardenales De Nuevo León,119263923.0,162,153.86,0.36,0.05,35.61,10.84,6001
Ricardo Arjona,13737182.0,1563,155.34,0.04,1.14,34.94,10.84,6002
Wale,64818424.53333334,529,154.03,0.2,0.33,35.54,10.84,6003
filous,11897944.5,569,153.65,0.04,0.36,35.71,10.84,6004
Lost Kings,3317206.6666666665,120,152.89,0.01,0.02,36.06,10.83,6005
Bahari,6212222.5,218,153.15,0.02,0.09,35.94,10.82,6006
La Vela Puerca,24384981.5,581,153.91,0.07,0.37,35.59,10.82,6007
Rozalén,7602063.225752799,138,153.07,0.02,0.03,35.98,10.81,6008
Moberg,6775298.166666666,135,153.14,0.02,0.03,35.94,10.8,6009
Nelly Furtado,50648926.5,542,154.19,0.15,0.34,35.46,10.8,6010
Marvin Gaye,26710742.0,887,154.65,0.08,0.61,35.25,10.79,6011
Vanessa Carlton,27705345.0,239,153.64,0.08,0.11,35.72,10.78,6012
Dj spin magic,621272.0,126,153.27,0.0,0.02,35.88,10.77,6013
Mackie,2277132.530952382,131,153.34,0.01,0.02,35.85,10.77,6014
Angus & Julia Stone,28400187.5,220,153.79,0.09,0.09,35.65,10.76,6015
Genka,216215.3928571429,166,153.57,0.0,0.05,35.75,10.74,6016
Talento de Barrio,3077491.0,114,153.7,0.01,0.01,35.69,10.71,6017
Mr.,2813632.0,110,153.7,0.01,0.01,35.69,10.71,6018
Ketsumeishi,11027028.0,182,154.05,0.03,0.06,35.53,10.69,6019
Geike,13004906.0,154,154.22,0.04,0.04,35.45,10.66,6020
El Polaco,7418306.666666667,107,154.08,0.02,0.01,35.51,10.66,6021
Serena,45365120.666666664,115,154.54,0.14,0.01,35.3,10.65,6022
Matstubs,2995954.5,126,154.38,0.01,0.02,35.38,10.62,6023
Kamikazee,27077787.5,126,154.77,0.08,0.02,35.2,10.6,6024
"Tito ""El Bambino""",13421654.666666666,608,155.53,0.04,0.39,34.85,10.59,6025
Vasco Rossi,16631328.5,121,154.77,0.05,0.02,35.2,10.59,6026
Toploader,99064650.0,475,156.19,0.3,0.29,34.55,10.57,6027
Jacky Cheung,2018621.0,131,154.74,0.01,0.02,35.21,10.57,6028
Tommy Torres,1481802.2450980386,124,154.73,0.0,0.02,35.22,10.57,6029
Jetta,2967370.0,122,154.87,0.01,0.02,35.15,10.56,6030
Timbaland,53783191.16666666,578,156.25,0.16,0.37,34.53,10.53,6031
Peter Manos,14802999.0,124,155.23,0.04,0.02,34.99,10.52,6032
1nonly,1477333.0,143,155.26,0.0,0.03,34.98,10.5,6033
FS Green,1883431.5,423,155.96,0.01,0.25,34.66,10.48,6034
Zoé,139107335.5,640,157.49,0.42,0.42,33.96,10.48,6035
Yann Tiersen,2985803.0,221,155.66,0.01,0.09,34.79,10.47,6036
Loco,2175461.1666666665,213,155.7,0.01,0.09,34.78,10.47,6037
The Flexican,1885939.5,424,156.15,0.01,0.25,34.57,10.45,6038
Secondhand Serenade,8946643.0,143,155.83,0.03,0.03,34.72,10.44,6039
ayokay,2117490.0,122,155.78,0.01,0.02,34.74,10.43,6040
Buddha Bless,1401570.0,121,155.75,0.0,0.02,34.75,10.43,6041
เกรียน Peace,1401570.0,121,155.75,0.0,0.02,34.75,10.43,6042
Callejeros,81210431.0,877,158.0,0.25,0.6,33.73,10.4,6043
flora cash,8640144.0,160,156.16,0.03,0.05,34.57,10.4,6044
Michel Teló,24395050.0,149,156.47,0.07,0.04,34.42,10.37,6045
Benjamin Francis Leftwich,4141329.5,610,157.06,0.01,0.4,34.16,10.37,6046
Sticky Fingers,17466854.5,375,157.01,0.05,0.21,34.18,10.34,6047
Audien,1375242.3000000003,101,156.45,0.0,0.0,34.43,10.33,6048
Alex Adair,6900691.5,156,156.77,0.02,0.04,34.29,10.31,6049
The Beatles,77362063.0,742,158.44,0.24,0.5,33.53,10.31,6050
Hellbillies,21555351.0,295,157.29,0.07,0.15,34.05,10.29,6051
Aldo Trujillo,53320871.66666667,105,157.68,0.16,0.0,33.87,10.23,6052
George Michael,30115163.0,127,157.48,0.09,0.02,33.96,10.23,6053
No Te Va Gustar,87592822.83333334,1476,160.45,0.27,1.07,32.61,10.21,6054
Christian Bautista,23612019.0,143,157.78,0.07,0.03,33.83,10.19,6055
The Barden Bellas,2411944.2666666666,155,157.75,0.01,0.04,33.84,10.17,6056
Intocable,80792315.0,111,158.37,0.25,0.01,33.56,10.17,6057
The Chemical Brothers,2685749.0,101,157.74,0.01,0.0,33.85,10.16,6058
Florence + The Machine,78062088.0,992,159.91,0.24,0.69,32.86,10.16,6059
The Temper Trap,22146683.0,174,158.11,0.07,0.06,33.68,10.15,6060
La Factoria,110666347.0,605,159.65,0.34,0.39,32.97,10.14,6061
Jordan Chan,3638279.0,144,157.99,0.01,0.03,33.73,10.13,6062
Christina Perri,76933058.5,1565,161.3,0.23,1.14,32.22,10.1,6063
Roni Alter,2891758.0,233,158.59,0.01,0.1,33.46,10.07,6064
Annie Lennox,9492420.666666672,448,159.01,0.03,0.27,33.27,10.07,6065
Los Abuelos De La Nada,48471180.0,326,159.34,0.15,0.18,33.12,10.05,6066
The Calling,17291012.0,140,158.75,0.05,0.03,33.39,10.05,6067
Son Feci Bisiklet,29481719.0,186,159.13,0.09,0.07,33.21,10.02,6068
Anjulie,4396183.0,130,159.04,0.01,0.02,33.25,9.99,6069
Bohemia Urbana,3659707.0,144,159.03,0.01,0.03,33.26,9.99,6070
Ronan Keating,19161629.5,164,159.45,0.06,0.05,33.07,9.96,6071
Little Glee Monster,11983887.0,144,159.35,0.04,0.03,33.11,9.96,6072
Valdimar,740917.0,138,159.28,0.0,0.03,33.14,9.95,6073
Inspector,74399248.0,126,159.96,0.23,0.02,32.83,9.95,6074
Extreme,16208092.0,112,159.43,0.05,0.01,33.07,9.94,6075
Soda Stereo,168439857.0,2015,164.21,0.51,1.49,30.9,9.92,6076
Backstreet Boys,73402409.5,576,161.02,0.22,0.37,32.35,9.9,6077
Acda en de Munnik,20219698.0,110,159.97,0.06,0.01,32.83,9.88,6078
Deepend,3400596.1666666674,111,159.97,0.01,0.01,32.83,9.86,6079
fun.,6231708.5,328,160.52,0.02,0.18,32.58,9.84,6080
Two Feet,3949263.0,201,160.24,0.01,0.08,32.71,9.84,6081
The Doobie Brothers,7799104.0,167,160.26,0.02,0.05,32.7,9.83,6082
MGMT,43434606.00000001,374,161.12,0.13,0.21,32.3,9.81,6083
Van Morrison,50038859.0,454,161.41,0.15,0.28,32.17,9.8,6084
The Police,579660971.0,1887,168.63,1.77,1.39,28.88,9.79,6085
Pappo,34152454.0,189,161.11,0.1,0.07,32.31,9.75,6086
Chili Fernandez,2531005.0,110,160.73,0.01,0.01,32.48,9.75,6087
Samuray,3124558.0,106,160.72,0.01,0.0,32.49,9.75,6088
Jeff Bernat,7407753.166666667,139,160.78,0.02,0.03,32.46,9.75,6089
Roy English,12147685.0,307,161.24,0.04,0.16,32.25,9.74,6090
Damien Jurado,4110041.0,247,161.06,0.01,0.11,32.33,9.74,6091
Once Tiros,1563970.0,139,160.97,0.0,0.03,32.37,9.72,6092
El Komander,16058988.5,198,161.3,0.05,0.08,32.22,9.71,6093
Creep Hyp,13919516.0,104,161.47,0.04,0.0,32.14,9.66,6094
Gregory Porter,5852535.0,140,161.79,0.02,0.03,32.0,9.62,6095
Lady A,6193698.0,130,161.86,0.02,0.02,31.97,9.6,6096
Erik Santos,22394206.5,139,162.37,0.07,0.03,31.73,9.56,6097
Ice Cube,56492833.25,222,162.92,0.17,0.09,31.48,9.54,6098
Endah N Rhesa,20720896.0,159,163.05,0.06,0.05,31.42,9.47,6099
Grupo 5,19805920.666666664,211,163.27,0.06,0.09,31.32,9.45,6100
Foals,9345066.0,132,163.01,0.03,0.02,31.44,9.45,6101
Edward Sharpe & The Magnetic Zeros,7556169.0,645,163.93,0.02,0.42,31.02,9.44,6102
Ben Howard,13962297.0,233,163.79,0.04,0.1,31.09,9.37,6103
Hu Xia,7311621.0,183,163.66,0.02,0.06,31.15,9.37,6104
Kany García,5885403.0,175,163.73,0.02,0.06,31.11,9.36,6105
Float,6282219.0,102,163.79,0.02,0.0,31.09,9.33,6106
Las Pelotas,31747573.0,211,164.3,0.1,0.09,30.85,9.32,6107
Patrick Watson,11173850.5,233,164.26,0.03,0.1,30.87,9.3,6108
Guns N' Roses,198539922.0,1345,168.08,0.61,0.97,29.13,9.27,6109
Gloc 9,19785019.5,135,164.51,0.06,0.03,30.76,9.26,6110
Lynyrd Skynyrd,35802869.0,341,165.63,0.11,0.19,30.25,9.18,6111
Alex & Sierra,15509431.0,299,165.37,0.05,0.15,30.37,9.18,6112
Dire Straits,21811778.0,316,165.78,0.07,0.17,30.18,9.13,6113
Jericho Rosales,15848730.0,125,165.48,0.05,0.02,30.32,9.12,6114
Old Dominion,138931228.0,175,166.69,0.42,0.06,29.76,9.11,6115
Pereza,54462493.0,212,166.26,0.17,0.09,29.96,9.08,6116
TV Girl,38983090.0,146,166.44,0.12,0.04,29.88,9.02,6117
Foster The People,115296828.5,1714,170.01,0.35,1.25,28.25,8.99,6118
POWERS,1454437.5,142,166.37,0.0,0.03,29.91,8.98,6119
Silly Fools,6355711.0,130,166.55,0.02,0.02,29.83,8.96,6120
Radiohead,10523651.0,269,166.81,0.03,0.13,29.71,8.96,6121
Mako,1115740.5,122,166.54,0.0,0.02,29.83,8.96,6122
Andrés Calamaro,76760101.5,1028,168.85,0.23,0.72,28.78,8.94,6123
La Sandonga,1074126.5,124,166.73,0.0,0.02,29.75,8.93,6124
La Quinta Estacion,46943927.5,103,167.07,0.14,0.0,29.59,8.93,6125
Lara Liang,3962604.0,185,166.9,0.01,0.07,29.67,8.93,6126
SR,14607120.0,116,166.97,0.04,0.01,29.64,8.91,6127
Pedro Suárez-Vértiz,15161734.0,265,167.37,0.05,0.13,29.45,8.89,6128
Turf,48937596.0,321,168.02,0.15,0.17,29.16,8.86,6129
Kina Grannis,5804121.5,139,167.4,0.02,0.03,29.44,8.85,6130
Frankie Ruiz,18507332.0,250,167.77,0.06,0.12,29.27,8.84,6131
Kowalsky Meg A Vega,1987398.0,173,167.87,0.01,0.06,29.23,8.79,6132
Jamie Foxx,31567757.0,543,168.82,0.1,0.34,28.79,8.78,6133
Blackstreet,5506855.666666664,122,167.96,0.02,0.02,29.19,8.77,6134
José González,5808521.0,568,168.86,0.02,0.36,28.77,8.75,6135
Lil Tracy,1392499.5,217,168.17,0.0,0.09,29.09,8.75,6136
Electric Light Orchestra,44699751.0,179,168.63,0.14,0.06,28.88,8.74,6137
Eurythmics,4757109.666666669,335,168.63,0.01,0.18,28.88,8.72,6138
Dave Stewart,4757109.666666669,335,168.63,0.01,0.18,28.88,8.72,6139
Tammi Terrell,4223790.5,402,169.13,0.01,0.23,28.65,8.67,6140
TLC,32749305.0,258,169.2,0.1,0.12,28.62,8.66,6141
Angel Y Khriz,4955732.833333334,194,169.27,0.01,0.07,28.59,8.6,6142
Gian Marco,4055070.0166666666,101,169.12,0.01,0.0,28.66,8.6,6143
Joan Sebastian,26641093.0,119,169.42,0.08,0.01,28.52,8.59,6144
Ludacris,11225991.583333334,149,169.54,0.03,0.04,28.46,8.56,6145
Nando Reis,37061536.5,130,169.74,0.11,0.02,28.37,8.56,6146
The White Stripes,43845219.0,1089,171.49,0.13,0.77,27.58,8.56,6147
Creedence Clearwater Revival,20964026.0,233,169.89,0.06,0.1,28.3,8.54,6148
Smash Mouth,19853943.0,332,170.28,0.06,0.18,28.13,8.52,6149
Los Fabulosos Cadillacs,46423540.0,142,170.34,0.14,0.03,28.1,8.5,6150
Ana Cañas,34390989.0,120,170.33,0.1,0.02,28.1,8.48,6151
MC Eiht,14398121.0,145,170.4,0.04,0.03,28.07,8.45,6152
System Of A Down,1939493.0,187,170.55,0.01,0.07,28.0,8.43,6153
La Renga,14018687.0,115,170.51,0.04,0.01,28.02,8.42,6154
"Earth, Wind & Fire",108051780.0,544,172.34,0.33,0.35,27.19,8.39,6155
Moxie Raia,5313775.5,120,171.28,0.02,0.02,27.67,8.32,6156
Los Tipitos,32987677.0,183,171.7,0.1,0.06,27.48,8.3,6157
Chencho,2574836.0,144,171.73,0.01,0.03,27.47,8.25,6158
Gotye,68396563.0,419,172.92,0.21,0.25,26.92,8.24,6159
Taio Cruz,9088710.0,176,172.01,0.03,0.06,27.34,8.23,6160
Jósean Log,47464523.0,430,172.86,0.14,0.26,26.95,8.22,6161
Muse,16517137.0,485,172.68,0.05,0.3,27.03,8.22,6162
Keren Peles,1309355.5,113,171.96,0.0,0.01,27.36,8.21,6163
Corinne Bailey Rae,2414101.0,147,172.12,0.01,0.04,27.29,8.2,6164
Juan Casanova,3993829.5,182,172.2,0.01,0.06,27.25,8.2,6165
Beck,7664842.0,104,172.38,0.02,0.0,27.17,8.16,6166
Marta Sánchez,12346163.0,645,173.38,0.04,0.42,26.71,8.16,6167
Kimbra,68223096.0,400,173.42,0.21,0.23,26.7,8.16,6168
Angeline Quinto,11687273.0,113,172.88,0.04,0.01,26.94,8.1,6169
Patricio Rey y sus Redonditos de Ricota,31522939.0,173,173.2,0.1,0.06,26.8,8.1,6170
Jamie xx,7422731.500000002,390,173.73,0.02,0.23,26.55,8.04,6171
Gaby Moreno,2514988.5,417,173.8,0.01,0.25,26.52,8.04,6172
Papa Roach,13549340.0,301,174.9,0.04,0.16,26.02,7.87,6173
Reyli Barba,51473910.0,277,175.53,0.16,0.14,25.73,7.82,6174
Snow Patrol,54197424.0,399,175.76,0.16,0.23,25.63,7.82,6175
Caifanes,58409674.0,162,175.49,0.18,0.05,25.75,7.81,6176
Parov Stelar,7838677.0,165,175.01,0.02,0.05,25.97,7.81,6177
Outkast,54686897.0,986,177.39,0.17,0.69,24.88,7.74,6178
Janelle Monáe,4071657.0,243,175.92,0.01,0.11,25.56,7.7,6179
La Oreja de Van Gogh,24415988.0,116,176.49,0.07,0.01,25.3,7.62,6180
Santiago Cruz,1111223.0,110,176.84,0.0,0.01,25.14,7.55,6181
Peterpan,9970048.0,122,177.48,0.03,0.02,24.84,7.47,6182
AC/DC,59987385.0,842,179.81,0.18,0.58,23.78,7.38,6183
Gnarls Barkley,14101110.0,221,178.41,0.04,0.09,24.42,7.37,6184
Roo Panes,740507.0,133,178.12,0.0,0.03,24.55,7.37,6185
Tracy Chapman,6365284.5,135,178.36,0.02,0.03,24.44,7.35,6186
Amy Winehouse,10950100.0,134,178.74,0.03,0.03,24.27,7.3,6187
Mancha De Rolando,14693285.0,190,179.17,0.04,0.07,24.07,7.26,6188
Gardiner Sisters,456606.0,120,180.18,0.0,0.02,23.61,7.09,6189
Mikky Ekko,2229491.5,270,180.51,0.01,0.13,23.46,7.08,6190
a-ha,29829593.0,379,181.82,0.09,0.22,22.86,6.96,6191
Giorgio Moroder,1997426.0,149,181.62,0.01,0.04,22.96,6.9,6192
The Fray,10663539.0,292,182.83,0.03,0.15,22.4,6.78,6193
Luis Enrique,8202698.0,276,182.72,0.02,0.14,22.45,6.78,6194
The Clash,5533554.0,114,182.6,0.02,0.01,22.51,6.76,6195
Joe Fox,6836060.083333333,101,184.64,0.02,0.0,21.58,6.48,6196
KONGOS,2985784.0,121,189.16,0.01,0.02,19.52,5.87,6197
Jack Johnson,2043564.0,244,201.28,0.01,0.11,13.99,4.23,6198
B.B. King,1386811.5,121,231.96,0.0,0.02,0.0,0.01,6199
