genre,total_streams,chart_appearances,avg_position,rank
pop,222724484792.33044,2190394,93.06,1
dance pop,86195379976.99527,1463799,92.0,2
rap,64221235124.2513,654495,97.73,3
trap latino,55832355640.35915,725245,89.0,4
reggaeton,52075872893.138115,712017,89.31,5
uk pop,48172103880.59236,703753,92.9,6
canadian pop,32436075066.3759,314703,88.12,7
melodic rap,26950359810.61572,200444,97.04,8
hip hop,26928957571.660305,383643,100.47,9
trap,24125182797.22947,297849,98.21,10
pop rap,23949764418.68131,507866,93.95,11
post-teen pop,23079619904.15557,524146,91.73,12
edm,23018487593.553844,699259,89.71,13
reggaeton colombiano,19393733172.44547,287961,87.57,14
pop dance,18399431985.484867,575665,90.86,15
electropop,17941036269.536667,342341,94.2,16
latin hip hop,16996063824.63388,346479,93.47,17
tropical house,16572176700.938803,511591,92.07,18
german hip hop,15087109417.866251,63039,99.32,19
latin pop,14867717322.870916,322026,101.19,20
modern rock,14762189911.749222,145010,102.01,21
arrocha,13607069018.68483,34202,91.82,22
rock,12813075108.656706,153195,114.97,23
reggaeton flow,12211493807.588371,234927,92.57,24
canadian contemporary r&b,11876360284.785883,111114,90.42,25
chicago rap,11054960304.108162,64364,106.94,26
r&b,10905988551.79651,156947,98.09,27
atl hip hop,10800803358.688913,133891,98.56,28
k-pop,10610743827.749567,84743,102.6,29
puerto rican pop,10557426390.614311,143156,88.46,30
electro house,10026948981.050901,294947,91.44,31
art pop,9247576395.812265,88931,95.83,32
miami hip hop,8929630276.74561,79333,98.64,33
southern hip hop,8765896913.166136,180666,98.55,34
colombian pop,8638906835.424688,164890,96.18,35
canadian hip hop,8441447826.6745205,99290,91.45,36
emo rap,8230181469.091439,48940,110.21,37
viral pop,8138054604.504466,90064,94.25,38
slap house,8062992844.9006,77922,98.84,39
italian pop,7905288156.003888,36320,92.06,40
dfw rap,7859686478.911863,53919,91.44,41
funk carioca,7783434827.513071,38956,93.81,42
toronto rap,7509895360.198807,94285,91.62,43
sertanejo universitario,7222613101.974377,24437,94.17,44
australian pop,7118888474.532878,101278,93.42,45
sertanejo,6603518909.780723,21622,94.24,46
italian hip hop,6511774288.404139,30964,100.16,47
indonesian pop,6443434095.030537,25677,106.81,48
pop urbaine,5910000498.703495,61600,104.75,49
french hip hop,5724508796.048202,61698,105.36,50
opm,5342213088.1999855,23809,103.13,51
sertanejo pop,5311648677.620803,19161,94.13,52
pop r&b,5238810567.691456,47197,96.11,53
j-pop,5228235729.624906,37953,97.69,54
lgbtq+ hip hop,5010230515.661603,27786,85.24,55
contemporary country,4899957331.514487,26003,113.21,56
permanent wave,4881166451.857435,73841,118.48,57
trap argentino,4824478195.903406,73186,92.78,58
k-pop boy group,4791655364.04447,39456,101.68,59
conscious hip hop,4545042597.172111,48077,99.84,60
urban contemporary,4512181630.138981,104666,99.06,61
swedish pop,4452172177.066969,66508,97.48,62
alt z,4448319201.726655,76830,97.55,63
k-pop girl group,4141498753.687769,29879,101.63,64
country,4119633977.3621035,27866,109.72,65
uk dance,4106239739.4003906,126517,86.66,66
australian hip hop,4098884186.17091,21737,74.52,67
francoton,3948310444.471343,47021,103.23,68
musica mexicana,3898736471.950603,45403,115.57,69
north carolina hip hop,3845855338.3088474,29010,97.69,70
brooklyn drill,3795114214.7521496,18963,102.35,71
indie poptimism,3754685413.3333993,72610,96.19,72
dutch hip hop,3722877181.548788,33757,100.72,73
dutch pop,3714844027.841989,31244,100.06,74
danish pop,3548273893.930467,53168,90.34,75
nueva musica mexicana,3517328609.853973,31307,107.36,76
desi pop,3496477244.377622,22849,101.38,77
house,3478288787.7937317,123379,90.19,78
argentine hip hop,3446951132.6996183,49105,94.16,79
polish hip hop,3425619822.8321514,27679,99.49,80
r&b en espanol,3342519795.939432,35528,90.1,81
pop nacional,3313839862.182921,22680,94.49,82
piano rock,3131182888.902738,38419,90.94,83
trap italiana,3120910926.793787,15978,97.69,84
viral rap,3074995875.8404727,39165,92.36,85
detroit hip hop,3039432604.6948214,46784,123.29,86
trap boricua,3028707660.601222,58738,88.88,87
german pop,3028177771.700365,17741,100.24,88
talent show,2975172344.1268163,57552,96.07,89
gangster rap,2966909479.657781,79307,104.98,90
forro,2939921447.6222253,7305,97.21,91
turkish trap,2924198125.2928624,15103,89.1,92
turkish pop,2861900385.9797626,21615,107.06,93
pop soul,2820155608.967649,45699,99.95,94
pop venezolano,2744820051.2085514,36831,88.72,95
norwegian pop,2684164636.9756107,45938,98.31,96
polish trap,2635875421.248822,22125,97.83,97
neo mellow,2620779961.4836607,65224,114.67,98
bedroom pop,2619689975.828201,12653,95.37,99
modern bollywood,2612701188.443394,17994,100.37,100
west coast rap,2556820703.4198694,37569,113.85,101
panamanian pop,2542523262.894387,43826,87.01,102
folk-pop,2517851298.917078,36666,105.64,103
classic rock,2490564785.6288176,39016,131.9,104
boy band,2474870997.6517086,45807,98.35,105
adult standards,2464248643.91375,19652,104.05,106
uk hip hop,2448665029.5220757,19106,101.4,107
spanish pop,2405535922.2003574,29188,117.16,108
dutch rap pop,2394162736.0067124,23172,105.23,109
australian dance,2382241284.109782,54756,90.38,110
hip pop,2380465894.137321,63744,90.06,111
pop edm,2351554529.092112,88841,95.18,112
mexican pop,2344044393.3326154,75077,111.63,113
glam rock,2248370613.340429,27439,110.45,114
turkish hip hop,2216427725.4238114,15945,96.24,115
rap francais,2178030878.1265955,25257,105.93,116
rap conscient,2173220337.473859,25951,102.98,117
filmi,2166740231.677912,14982,103.4,118
pop rock,2155193255.5553894,68766,115.43,119
neo soul,2142296963.7729714,40312,97.8,120
atl trap,2131938316.7917032,26884,98.15,121
trap queen,2116130950.4039085,18698,94.17,122
philly rap,2010437835.674053,13889,108.51,123
german drill,2002775192.3523796,9704,97.62,124
japanese teen pop,1991804862.4499972,7436,89.96,125
indie rock italiano,1982201270.8500001,8831,79.88,126
pop reggaeton,1962863301.433486,34798,84.53,127
modern alternative pop,1956985907.0690458,4262,79.82,128
hollywood,1950975211.691238,18883,101.45,129
progressive house,1934647621.603418,75395,86.41,130
urbano espanol,1925860252.6699846,13036,106.77,131
afrofuturism,1884857062.6952696,4519,107.88,132
metropopolis,1881351640.0004456,76594,88.37,133
nyc rap,1873100774.1146567,8701,99.79,134
indietronica,1861077931.3306274,33988,89.92,135
lounge,1849536197.9078696,16643,101.14,136
italian adult pop,1848191905.470621,12954,103.82,137
british soul,1838406520.2893686,25309,108.23,138
irish singer-songwriter,1817727743.601407,16098,104.04,139
country road,1808331257.206145,19541,112.26,140
brostep,1803379731.0835717,50980,91.33,141
etherpop,1793304791.6622968,29310,93.32,142
vapor trap,1784568917.4712067,16475,101.5,143
sad sierreno,1777613920.9880898,10573,111.78,144
scandipop,1757665237.1035545,37947,90.73,145
urbano chileno,1728789135.606317,9380,85.51,146
funk mtg,1726602884.019662,6633,95.58,147
pop argentino,1726299683.8815,18713,99.64,148
progressive electro house,1704801659.8537974,54684,97.26,149
corrido,1690398759.1749926,10487,111.9,150
turkish alt pop,1675137191.7499998,6260,104.58,151
indie pop,1670539327.7449954,14361,100.31,152
rap canario,1626619108.8198411,4457,83.96,153
afro r&b,1616356382.999892,5419,87.37,154
thai pop,1607926861.1916652,23829,92.82,155
trap triste,1597151082.1299078,26939,97.04,156
urbano latino,1595775982.1100926,11232,78.84,157
big room,1594485175.4203968,60143,90.96,158
queens hip hop,1581352065.0967152,34758,93.43,159
electro,1553826331.0527446,27810,82.35,160
mandopop,1546684341.9223254,59006,107.23,161
rap latina,1542559499.5704472,40754,91.51,162
kentucky hip hop,1518739559.664394,12004,83.16,163
gauze pop,1514172218.6082492,14435,85.72,164
escape room,1506908236.4669886,12049,99.21,165
turkish trap pop,1505885377.1630902,10430,94.64,166
hamburg hip hop,1483656845.765875,10223,101.85,167
cali rap,1475656866.2886872,17284,101.82,168
funk ostentacao,1448184556.7798688,11469,94.9,169
mellow gold,1409606440.6223123,30428,107.44,170
danish hip hop,1387513636.1185043,20897,96.67,171
sierreno,1379225572.2781744,9760,111.97,172
filter house,1367372980.4249978,21446,87.91,173
modern alternative rock,1351629894.0039418,27572,105.05,174
funk pop,1350589469.1196404,15288,90.71,175
finnish dance pop,1349808351.522474,38750,96.46,176
underground hip hop,1348642752.0270796,20636,112.44,177
barbadian pop,1347312155.613186,30387,90.37,178
israeli pop,1339815750.7860057,21358,96.42,179
sad rap,1339051333.4923036,7563,101.58,180
cumbia pop,1338764715.4300141,21170,104.45,181
latin arena pop,1330784624.4179382,42549,118.04,182
shiver pop,1303301249.0179446,6629,66.64,183
polish pop,1294863741.5000005,9419,94.72,184
swedish idol pop,1286662439.023664,10927,95.02,185
german dance,1275363304.8186746,45548,86.58,186
punjabi pop,1259877548.4324315,5386,95.54,187
nigerian pop,1244849297.1414454,21295,93.46,188
latin alternative,1240798272.8681207,29817,136.62,189
swedish hip hop,1237111487.403177,14874,98.27,190
arrochadeira,1232060011.198808,2920,89.99,191
trap brasileiro,1220477123.8374863,4974,107.41,192
rock en espanol,1206310028.3843503,46826,138.98,193
deep underground hip hop,1206125893.281676,8538,75.78,194
ranchera,1193851819.9076262,24743,115.4,195
dominican pop,1173416785.980658,39994,99.43,196
funk paulista,1172331529.6037877,7410,98.14,197
turkce drill,1165137532.6880956,4884,80.27,198
indonesian singer-songwriter,1161311761.9055588,5834,103.26,199
latin viral pop,1153087210.8640015,24419,93.55,200
pluggnb,1151115496.7768018,6450,108.33,201
bachata,1128126873.80204,32757,102.2,202
easy listening,1119214287.2416651,8690,96.94,203
italian indie pop,1118907583.0576885,7129,103.28,204
grime,1115934062.106075,12939,101.77,205
rap napoletano,1115052158.2158737,7483,101.0,206
melodic drill,1109678750.5710876,5921,95.26,207
anime,1078745071.385715,9788,96.9,208
minnesota hip hop,1077754405.803031,5604,90.5,209
norteno,1065321016.1926572,11917,119.07,210
desi hip hop,1061130378.3330076,8106,99.5,211
russian hip hop,1059463723.3591263,33108,100.5,212
turkish rock,1049969872.17619,10991,126.06,213
finnish pop,1049303416.183985,33618,97.27,214
electronic trap,1049093803.822896,34656,85.69,215
pagode,1033796221.5266087,3786,102.97,216
deep german hip hop,1024426485.4321063,9129,108.77,217
soft rock,1002738090.4942745,23520,124.33,218
reggae fusion,1000960821.4329925,17489,89.07,219
rap marseille,997942181.960102,10088,103.37,220
pagode baiano,997038624.836118,10567,92.24,221
memphis hip hop,994909048.6530359,11795,92.9,222
finnish hip hop,993460555.737953,29102,96.25,223
tropical,973634570.172218,54643,118.59,224
chicago indie,973038815.9166662,1980,103.48,225
florida rap,951190873.2710171,6091,108.63,226
swedish trap pop,943909451.8884914,12388,96.27,227
album rock,929833072.4346217,20845,128.32,228
europop,923885960.8857995,16011,101.04,229
uk funky,922460515.7107112,30753,83.75,230
german trap,916972673.3884212,5846,101.17,231
shimmer pop,916167312.2813135,10763,105.93,232
corridos tumbados,912700777.2432545,4902,114.77,233
mambo chileno,903895285.1702391,3545,76.92,234
dutch edm,902515952.0068417,36816,88.86,235
banda,894309645.348444,12815,122.87,236
german cloud rap,892732665.5865078,6236,101.25,237
houston rap,880503716.0519196,7828,92.68,238
nz pop,874027862.5207663,18350,86.71,239
albanian hip hop,868159446.7503345,7681,99.75,240
perreo,861864621.7097961,20017,102.88,241
nyc pop,851877705.7918333,10377,94.64,242
east coast hip hop,849122970.2734696,23138,104.16,243
mariachi,840190888.0231801,19257,108.88,244
frauenrap,833798698.7150788,5229,96.54,245
aussietronica,829510726.1525267,16647,77.52,246
punjabi hip hop,825928515.5286635,1900,85.53,247
moombahton,810994689.3326026,34439,86.26,248
j-rock,809731570.5731615,12264,102.85,249
swedish electropop,785263165.3616918,33735,89.8,250
afro dancehall,783087785.2938637,17749,87.81,251
bedroom soul,782997844.8666666,4115,87.68,252
afroswing,775788849.7808745,6014,99.74,253
neo-singer-songwriter,774296957.8919424,8006,108.01,254
dirty south rap,768524588.4559612,23904,95.19,255
latin rock,766824231.593921,23500,143.96,256
mexican hip hop,763912013.5196378,3451,105.94,257
gen z singer-songwriter,759462453.9634199,3883,99.28,258
anime rock,753937561.8761888,6832,87.9,259
ohio hip hop,739453403.875089,6680,103.96,260
chill r&b,737395029.4620671,7673,88.1,261
v-pop,734664686.5261922,21347,94.19,262
brega funk,721961290.6857148,2560,94.07,263
trap soul,720098931.9433713,22214,92.62,264
girl group,719187496.4270585,23770,94.36,265
brill building pop,715192570.0563488,4849,90.75,266
uk contemporary r&b,711489540.9032032,19735,90.47,267
australian electropop,707669530.1590044,15552,80.36,268
turkish alternative rock,704971853.8261898,4707,108.69,269
alternative hip hop,704786046.3409014,4117,101.03,270
dancehall,703813268.9581653,24967,102.99,271
french pop,699151644.5410533,10972,111.79,272
brazilian hip hop,691754647.2279176,3923,110.7,273
social media pop,689007244.5375443,7080,99.44,274
cantopop,688790689.6452377,31176,102.23,275
rome indie,683913664.0492054,4480,109.6,276
chill pop,682778799.8833331,4178,90.07,277
indie pop rap,682120904.1349461,14838,92.89,278
dutch rock,675012704.9790759,7322,106.71,279
funk 150 bpm,668351694.6892402,2000,88.98,280
basshall,665770858.5217794,9155,98.74,281
electro latino,663252865.9595395,23087,99.45,282
bolero,659886936.570295,4718,126.21,283
greek trap,659258924.1026067,24951,90.49,284
pop rap brasileiro,648865798.9604975,2666,112.28,285
sheffield indie,648179364.599997,13937,113.28,286
new wave pop,645730133.6512458,7602,92.96,287
london rap,643232128.0595217,4865,95.9,288
stomp and holler,642885802.6044947,14338,137.44,289
musical advocacy,637579018.0416666,1070,76.94,290
jazz pop,636646091.0496747,7980,106.55,291
eurovision,636551293.6428549,12003,102.87,292
seattle hip hop,629790912.5539707,17462,94.51,293
italian underground hip hop,626831509.821428,4102,100.53,294
show tunes,626640264.4075412,7718,99.95,295
nova mpb,616645446.231684,4424,112.54,296
la pop,614107297.6641589,9529,104.77,297
complextro,608096180.3065051,26704,86.7,298
cumbia 420,607534802.7547609,6199,97.62,299
garage rock,607037188.9752495,14397,118.88,300
canadian trap,598261955.1037881,12662,95.94,301
pinoy hip hop,592287042.5000001,4867,93.58,302
deep house,588337274.3549279,26838,86.4,303
piseiro,585200226.8857138,1446,97.8,304
r&b brasileiro,576865122.9943261,2658,109.23,305
vocal jazz,575002355.8008653,4611,115.83,306
country pop,564820493.4519823,7958,107.8,307
funk consciente,562877580.5708873,2955,99.48,308
new orleans rap,562572873.8422515,9906,100.59,309
new school turkce rap,557953123.6500008,4838,101.16,310
alternative dance,554083214.896473,12067,79.83,311
trap funk,553625621.0958767,2143,102.86,312
art rock,543580647.8288202,10463,99.13,313
taiwan pop,543511365.3678578,30015,108.83,314
latin talent show,540682367.2980157,4302,105.77,315
indie triste,535327072.58333427,3521,119.09,316
viral trap,531374357.91742355,5353,85.52,317
pittsburgh rap,526711399.31687874,11154,102.24,318
rap dominicano,522910652.45915496,22267,100.62,319
cubaton,520184987.4511913,14998,95.44,320
flamenco urbano,520144315.07286364,2773,96.92,321
oakland hip hop,513275100.4374358,12186,95.89,322
indonesian jazz,509899691.70833224,4350,111.85,323
baton rouge rap,509094245.88002896,2333,113.96,324
deep euro house,508359880.63858277,25377,85.86,325
previa,505112736.5726184,6623,108.44,326
drill francais,502971305.3656573,3786,99.4,327
pinoy rock,502218028.64999896,5172,115.91,328
reggaeton chileno,499989740.9749062,4416,95.4,329
country rock,499653676.7479242,4798,101.44,330
swedish gangsta rap,497199218.67817324,7885,95.05,331
nigerian hip hop,495492766.95097727,11421,91.13,332
soul,494824850.06530017,6125,133.1,333
rhode island rap,493222588.4166666,3317,80.62,334
trap chileno,484166650.2742657,5007,89.29,335
milan indie,479657062.7655672,3321,91.77,336
concurso de talentos argentino,479267933.25714284,1499,87.24,337
rap genovese,476646826.38418823,3219,100.8,338
trance,474543905.4031371,20626,89.76,339
indonesian indie,470385902.3666656,5685,110.64,340
modern indie pop,467472722.8416669,2060,112.97,341
rockabilly,462967688.29920703,3072,91.23,342
indie folk,461872773.15250725,7610,146.77,343
azonto,460560934.66939646,11778,82.01,344
pop lgbtq+ brasileira,459689189.3613327,2475,102.7,345
dance rock,454095793.5142238,7054,110.32,346
brazilian edm,451558456.1227713,3218,106.88,347
belgian hip hop,446976267.2699836,7425,101.63,348
spanish hip hop,446313046.7697065,5239,122.32,349
modern country rock,445764028.8843072,7206,106.61,350
pagode novo,445188859.7833338,1391,118.9,351
belgian edm,442477040.99163467,12947,87.01,352
dark trap,441105627.4750003,5062,104.57,353
dembow,440145205.506946,17885,101.42,354
czsk hip hop,439724020.9023819,32414,100.26,355
dmv rap,439140758.10169196,7901,97.59,356
german techno,438263638.7810784,19166,88.43,357
plugg,437350721.29964674,4617,119.01,358
greek hip hop,435897349.99610186,20574,91.08,359
la indie,435036127.9388887,4048,106.81,360
russian trap,433353726.2646824,17409,99.94,361
swedish trap,431696393.6325387,7155,94.43,362
singer-songwriter,427590775.9214129,6910,127.79,363
drill espanol,423692444.52582115,2498,100.98,364
belgian pop,421637563.5397249,6770,98.64,365
german underground rap,419027588.08528197,3502,107.42,366
afropop,413100512.79580265,12482,93.19,367
bubblegrunge,409096371.26111245,3635,81.07,368
alternative rock,405679451.66606617,7341,143.94,369
classic swedish pop,403275467.00277805,4823,111.1,370
eurodance,402777414.3330251,9318,100.25,371
musica chihuahuense,397510518.51666677,750,55.32,372
argentine rock,394775662.4551581,14958,151.01,373
g funk,394199855.83897233,15916,134.34,374
tagalog rap,393229281.2000004,2890,96.72,375
japanese singer-songwriter,392775357.6047614,4168,105.27,376
malaysian pop,391617131.1163864,8521,112.48,377
thai indie pop,389586939.4666664,7969,96.36,378
yacht rock,388430936.1730169,8155,137.18,379
rap belge,386217412.5314925,6877,101.83,380
rave funk,385099280.7226193,1350,96.17,381
forro de favela,384451497.41428554,917,96.28,382
swedish pop rap,382973575.7178573,4801,100.25,383
funk bh,379215508.43488467,1581,95.7,384
trap colombiano,375819331.2738098,2175,82.79,385
hard rock,372070675.8699031,7811,147.16,386
new jersey rap,371593886.0370245,9188,94.31,387
weirdcore,371293193.0,1501,106.58,388
pop house,370373665.7851421,9915,97.41,389
batidao romantico,365950557.9882112,1905,89.28,390
russian pop,361784908.9825391,14013,109.44,391
disco,358760938.333062,8030,88.41,392
irish pop,352828538.02500117,8362,103.33,393
trap baiano,352317342.6378786,1396,105.48,394
turkish singer-songwriter,352026806.96666676,2484,115.15,395
sad lo-fi,351686102.57857144,2727,128.79,396
j-acoustic,348983144.21666664,3146,89.94,397
indian instrumental,346897362.6932543,2184,102.06,398
hip hop tuga,346560649.178651,9997,98.97,399
deep talent show,346164556.1428574,4268,84.54,400
rkt,344733611.89722204,2831,95.07,401
german alternative rap,342813057.6095235,2778,100.71,402
pakistani pop,340881821.20119053,2090,99.47,403
old school rap francais,340534467.8481242,4291,100.56,404
drill,338466713.77462924,3691,105.25,405
polish alternative rap,336888659.3000004,4485,104.98,406
russelater,336638878.6365083,4252,103.97,407
san diego rap,333253085.3333333,395,123.37,408
beatlesque,330217836.80079323,10069,128.74,409
drill brasileiro,330150384.9047619,1597,87.08,410
rap cearense,325756926.74444455,1156,105.19,411
neo-psychedelic,322855323.9791667,1457,148.32,412
australian psych,322332876.8055556,1369,155.55,413
greek drill,319911762.4666664,8528,90.05,414
indonesian pop rock,316885873.64999986,3837,130.44,415
american folk revival,312683367.5833335,1135,103.4,416
italo dance,311752807.45443684,6354,96.09,417
video game music,310930168.8376695,4302,78.72,418
indonesian folk pop,310120321.6499994,2230,101.75,419
alternative pop rock,308367087.48333335,1628,108.81,420
grunge,306332466.43055546,2496,150.72,421
speedrun,305324083.91840583,4208,78.64,422
ninja,305163589.1131277,14629,91.96,423
pop virale italiano,305066954.967857,1757,101.7,424
hungarian pop,303227178.5500002,13399,101.64,425
oklahoma country,303142576.9749999,776,123.41,426
champeta,302777229.2211604,15190,101.33,427
trap carioca,301689082.3422618,1183,100.2,428
dutch house,301681040.8211271,12414,97.12,429
australian indie,299318899.7248714,8316,99.57,430
canadian old school hip hop,298159474.8606063,2747,77.02,431
french indie pop,296336352.54166824,7379,87.23,432
rap sardegna,296202650.3833334,1642,91.97,433
christlicher rap,294388943.17777777,1717,114.08,434
czech hip hop,294025757.81904924,21731,100.39,435
indonesian r&b,293387592.4555553,2317,109.3,436
pinoy indie,286690042.85,1782,93.66,437
tamil pop,284398811.633145,1073,110.23,438
k-rap,283436254.22903764,4862,104.68,439
rock-and-roll,283129081.20277774,1965,107.42,440
yakut pop,282605170.7763153,8207,75.2,441
norwegian indie,281010836.239322,5661,107.21,442
r&b argentino,278889308.6789681,4081,90.19,443
cuarteto,278526420.50000006,1069,118.62,444
cumbia,276452390.60588926,2075,94.09,445
emo,276140673.0547619,4597,106.62,446
romanian pop,275350349.19676423,6672,106.74,447
pinoy pop punk,274651928.0,1345,97.66,448
cdo indie,274514905.4999997,1065,80.27,449
spanish pop rock,272708701.27266467,5154,125.1,450
c-pop,272297242.1663867,22983,114.05,451
suomi rock,271061508.9826844,11295,103.62,452
melbourne bounce international,270702459.2826345,6689,99.0,453
chicago house,269299548.5555556,1106,122.61,454
israeli mediterranean,268743803.6999995,10832,93.36,455
drift phonk,266495724.77777776,3820,108.99,456
kosovan pop,265442304.2767677,3183,96.82,457
variete francaise,263657573.60000035,2723,105.6,458
disco house,261964928.09359732,10608,89.29,459
romanian trap,260556515.51666686,9694,96.9,460
drill chileno,259866777.6482299,1748,71.12,461
mpb,259786823.3708746,2160,116.51,462
funk das antigas,258011821.52579418,2683,88.25,463
norwegian pop rap,256022595.79682514,4000,94.97,464
chicago drill,252860025.74909782,2586,99.69,465
bases de freestyle,251684658.05277783,3367,93.79,466
deep groove house,251442000.1927176,7580,80.99,467
movie tunes,250429663.26666638,3062,112.27,468
funk mandelao,248601951.60476202,840,88.89,469
swedish drill,247792974.50634977,4438,94.97,470
mississippi hip hop,247452898.96075544,4075,108.53,471
swedish synthpop,247390981.04825377,12529,92.83,472
partyschlager,245828706.0833333,873,102.49,473
funk rj,244854172.04285708,362,87.3,474
greek pop,243894317.18452418,12696,101.22,475
j-poprock,242422736.41244572,7130,105.02,476
black americana,242225243.25364766,1772,108.99,477
modern salsa,241217272.00396898,11085,114.13,478
turkce kadin rap,240169627.56666684,977,90.48,479
fotbollslatar,239205863.19722238,3098,99.82,480
japanese soul,239127952.91904774,1449,100.47,481
pop electronico,238935236.71946174,1545,78.04,482
downtempo,238907981.80119336,7756,103.88,483
alternative metal,237448517.18333274,9334,139.74,484
comic,237357806.2452381,870,81.39,485
cumbia villera,237015034.20000035,4604,127.68,486
outlaw country,235014177.848718,1615,109.28,487
venezuelan hip hop,234321599.32778525,4836,96.99,488
tropical alternativo,233782492.7071429,1413,73.17,489
classic italian pop,233374505.85119063,2818,112.54,490
tennessee hip hop,233038990.20036998,3071,107.73,491
indie r&b,228314695.38364932,1614,109.71,492
moroccan pop,228259594.68993416,20179,92.07,493
thai indie rock,227766787.3166667,4136,98.58,494
pinoy r&b,226606170.4277778,2199,100.9,495
vallenato,225469153.78108075,12735,108.73,496
hk-pop,225151818.61666682,6006,76.42,497
virgin islands reggae,225114630.9657897,3117,68.91,498
urbano mexicano,224944099.10912696,636,94.59,499
baroque pop,223708026.76111114,2942,107.81,500
indie electropop,221297977.69930476,7483,87.56,501
manchester hip hop,218895054.44227675,1704,91.69,502
funk,216991003.38770604,5814,119.75,503
turkce slow sarkilar,214944476.56666666,726,115.72,504
hawaiian hip hop,212133635.0333332,738,121.0,505
rap tunisien,211077408.48253977,4006,93.68,506
new romantic,210406416.78024918,3402,96.67,507
new wave,209871352.02581194,3424,97.77,508
modern reggae,208466079.4351062,5987,99.57,509
alternative r&b,208153067.24630457,6612,115.58,510
iskelma,204964998.21720782,9042,102.53,511
pinoy trap,204891019.19444433,1621,104.43,512
alberta hip hop,204538458.8,503,102.82,513
indonesian lo-fi pop,204339421.3333333,542,86.98,514
motown,204141556.56363642,2313,146.32,515
cumbia chilena,203706599.34565213,1572,132.2,516
synthpop,202892157.2481535,3229,95.59,517
japanese alternative rock,202270605.90000018,1530,97.78,518
russian dance,200877134.83492056,8923,107.39,519
metal,200474695.20595202,2230,110.71,520
arabesk,200280813.01666674,1723,120.08,521
indie hip hop,199173339.2960317,482,114.37,522
mainland chinese pop,198201303.20714304,6530,104.53,523
indonesian hip hop,197530316.81684983,1736,104.67,524
sufi,196994629.69931448,2351,119.67,525
modern blues rock,195857920.101443,2636,143.96,526
funk viral,195196817.35476208,822,97.85,527
chicago bop,193372963.3262628,1858,89.97,528
uk drill,192865346.67842567,2104,105.55,529
pop peruano,191901615.66408956,6804,110.74,530
new french touch,190675500.00039676,4028,113.63,531
crunk,190221914.52396455,9453,85.35,532
candy pop,189673965.43795985,10109,91.61,533
tamil hip hop,188999653.93461552,825,95.55,534
portuguese pop,188052775.3988098,7378,104.92,535
nordic house,187732074.3988096,5870,104.64,536
acoustic pop,186954540.78699622,6460,150.65,537
gambian hip hop,186946630.16666666,437,89.1,538
mexican indie,186835624.87499976,1967,130.08,539
argentine indie,186565352.1559523,2366,118.7,540
dreamo,186515455.55000028,1640,116.44,541
colombian hip hop,185631136.866884,6354,97.96,542
musica canaria,184971938.0333331,1679,82.6,543
norwegian hip hop,184522334.69101727,3227,99.67,544
classic uk pop,184236127.74801582,1843,94.06,545
german r&b,183495095.13690478,998,104.68,546
hare krishna,182340678.83463207,1183,89.3,547
rap maroc,182043363.09238794,15572,91.43,548
covertronica,180086360.71852863,3431,96.05,549
chinese viral pop,179568366.83333325,3234,103.62,550
nz reggae,178993926.70000005,4663,95.8,551
hindi hip hop,178230460.714835,1621,97.91,552
rap mineiro,176966903.01274294,618,110.53,553
vocal house,175837663.27336144,6648,99.85,554
polish electronica,175666866.1416667,2200,95.8,555
indonesian folk,172440777.4833333,2085,112.99,556
melbourne bounce,172141358.11435294,7102,87.87,557
acoustic opm,170632239.83333343,817,90.19,558
thai hip hop,169991822.1750001,3885,81.48,559
vietnamese hip hop,169950863.92857158,6785,94.13,560
gqom,169672116.5959382,998,106.32,561
a cappella,168557140.54999983,779,147.61,562
pop flamenco,168523852.38913321,2628,119.51,563
nu metal,164730781.22499982,6378,144.4,564
polish alternative,164635549.63333318,2065,107.29,565
high vibe,164436044.48374945,413,116.17,566
rumba,164382245.0837221,1937,120.66,567
texas country,161609331.90526548,3870,101.76,568
balochi pop,161522915.0,151,44.3,569
trap tuga,161206323.8499998,4600,93.43,570
birmingham grime,159708708.88571438,3444,112.33,571
rap metal,159031973.15555543,5821,144.71,572
taiwan singer-songwriter,158914417.77142847,8397,102.1,573
narco rap,158704859.11607146,966,144.17,574
ukg revival,158436628.88983506,1290,94.06,575
nederreggae,156610663.20833328,1714,101.52,576
indie surf,156541384.577381,2052,117.23,577
korean r&b,156463507.9230161,3206,113.05,578
salsa,156345923.97040278,12137,121.87,579
trap venezolano,156007854.63318825,3632,96.88,580
arabic hip hop,155011811.23726514,10271,94.33,581
russian drain,154830182.73333347,3602,88.46,582
afrofuturismo brasileiro,154716177.17879218,1068,109.27,583
britpop,154661234.86785722,4649,161.96,584
turkish deep house,154557918.83315024,2156,99.22,585
brazilian rock,154323125.62365413,1534,132.81,586
vancouver indie,154023238.6666667,519,124.42,587
rap calme,153608146.9309523,1957,123.55,588
uk dancehall,152626804.03385955,3861,97.31,589
drill italiana,152395793.7410534,1070,109.27,590
desi trap,152339507.15660986,1940,98.54,591
classic girl group,151044861.01190528,787,90.14,592
german singer-songwriter,151001572.26666665,1108,108.48,593
hip house,150503583.65696257,4198,82.85,594
post-grunge,150439890.23055536,5729,144.06,595
pacific islands pop,149925359.68095216,4748,101.58,596
egyptian hip hop,149732727.5964286,12491,86.28,597
pop punk,149564342.4906037,3304,102.96,598
j-division,149207777.24935898,1478,93.0,599
pinoy reggae,149188202.56666654,2058,114.11,600
broadway,148887063.86666647,1582,103.0,601
tollywood,148716124.59999996,506,99.66,602
egyptian trap,148706336.72500005,11375,84.94,603
deep tropical house,147817074.04039413,4917,121.57,604
italian pop rock,147770806.87857157,1832,100.4,605
destroy techno,147195833.59444454,4006,100.99,606
turkish alternative,147115076.42619047,2680,125.89,607
indie liguria,146432771.72029924,1614,112.48,608
rap espanol,146424338.65634915,994,116.78,609
pakistani hip hop,145619891.83214283,1520,104.28,610
portland hip hop,145304561.61940837,763,123.06,611
finnish trap,145302939.46984127,4671,91.17,612
antilliaanse rap,145025665.94285727,1843,105.82,613
comedy rap,144342262.9499999,1339,85.79,614
russian alt pop,144145499.88333347,4849,110.93,615
madchester,143776802.01272887,4454,162.52,616
indie anthem-folk,142835489.1530304,2534,116.55,617
instrumental grime,142753430.60781997,3441,113.74,618
singaporean pop,142184037.91400522,6984,119.78,619
transpop,141919805.5968863,576,41.06,620
icelandic pop,141842603.50952414,24606,96.54,621
blues rock,141800474.44256893,3532,134.31,622
bachata dominicana,141479385.47619072,3357,107.99,623
stomp pop,141408938.70303035,6814,93.65,624
indonesian pop punk,141211520.8666668,1104,85.11,625
south african pop,141044620.5390295,6717,92.66,626
indie viet,140555739.21190467,6515,86.17,627
taiwan indie,139797014.68571413,5219,92.11,628
vegas indie,139216095.80000022,1426,111.65,629
surf punk,138940823.80000022,1410,110.45,630
danish electronic,138744041.76803714,5185,103.89,631
reggaeton mexicano,138676821.59007925,1387,110.47,632
polish viral rap,137824331.5,747,85.32,633
afro soul,137523373.30261484,6183,86.58,634
dark clubbing,136703576.966667,2087,105.32,635
spanish indie pop,135543216.74027783,1032,119.96,636
indie rockism,135200824.5,223,109.7,637
rap conciencia,134259348.5900169,1884,93.82,638
hindi indie,134052243.12499996,916,105.82,639
italian reggae,133194318.69047618,702,96.21,640
boston hip hop,129840308.42843167,1338,100.08,641
folk rock,129403517.68777084,5691,114.15,642
australian talent show,129085596.01309523,1829,107.11,643
bass trap,127663913.85706112,5879,94.06,644
hyperpop,127587296.9253968,1858,108.65,645
virginia hip hop,126249059.45428658,2446,116.04,646
folk brasileiro,125567890.9869047,1192,119.3,647
gujarati pop,125526761.39653689,1232,104.37,648
salsa colombiana,124911905.1000002,944,101.98,649
aussie drill,124204135.19300976,1014,107.2,650
spanish rock,123320843.84226188,3615,151.77,651
classic danish pop,122572883.41666682,2253,106.74,652
french rock,121999015.8126982,5060,81.1,653
czech drill,121970835.33571392,8304,89.87,654
bergamo indie,121405577.01666665,716,81.41,655
toronto indie,120267987.25,270,99.91,656
instrumental funk,119910980.66666664,2792,88.01,657
pop chileno,118594480.96231882,1324,120.93,658
vietnamese singer-songwriter,117941399.72857144,5140,92.44,659
light music,116762573.75,753,90.93,660
celtic rock,116477423.07023804,4058,103.58,661
sophisti-pop,114283135.53214274,1562,102.69,662
j-pop boy group,113953413.82435894,1294,99.47,663
g-house,113400555.09536341,2178,80.66,664
dream pop,113193391.19222017,2222,122.22,665
contemporary r&b,113046139.13701567,9720,95.05,666
ska argentino,112651410.73809546,5823,151.31,667
ghanaian hip hop,112191928.79170172,1423,106.37,668
alabama rap,112006226.98908733,964,101.58,669
chill drill,111058018.53888889,889,104.42,670
hyphy,110753807.34888437,4482,89.29,671
modern funk,110734345.36904766,2664,87.4,672
bboy,110729975.96923082,2679,88.03,673
bandung indie,109977296.9000002,1023,84.13,674
russian emo rap,109161496.35634933,3772,97.74,675
j-pixie,108950344.49999985,1621,100.32,676
dakke dak,108471536.52207781,2815,112.98,677
amapiano,108007720.68583961,4979,79.57,678
russian drill,106928852.91190483,4170,101.23,679
korean pop,106622396.75952376,4049,117.41,680
rap algerien,106038128.74541864,3254,100.82,681
chihuahua indie,105938086.58333343,1468,116.09,682
country rap,105677687.75,312,106.86,683
alte,105293594.93041661,2809,102.19,684
taiwan hip hop,104927003.42380947,3509,89.55,685
thai trap,104647219.87499994,2233,74.94,686
jamaican dancehall,103955831.45629093,3929,97.8,687
deep turkish pop,103700066.23333359,1939,105.88,688
pinoy singer-songwriter,103245124.1666667,482,84.76,689
japanese punk rock,101428254.49047607,1216,93.18,690
classic j-pop,101365832.36071417,2638,117.96,691
swedish tropical house,101359664.22219151,4447,98.79,692
indie curitibano,100957336.18837413,91,100.89,693
rap baiano,100710379.41645028,987,119.03,694
new jersey underground rap,100676214.86666669,451,79.43,695
mexican rock,100388960.15079358,3514,137.73,696
classic opm,99876065.16666669,927,114.95,697
british alternative rock,99187197.49999999,488,157.91,698
scandinavian r&b,98911728.5094155,1859,102.52,699
guaracha,98191252.6999999,802,104.87,700
russian edm,98070988.36838719,2155,91.96,701
quiet storm,97846562.63027968,3995,142.78,702
latintronica,97321959.0909091,464,55.18,703
puerto rican indie,97197654.0,448,50.63,704
indie rock,96754916.8924061,2881,127.8,705
czech pop,96161286.47500004,6660,118.76,706
vietnamese melodic rap,94547274.72857133,3624,94.08,707
hungarian hip hop,94305836.03333351,5292,96.39,708
swedish reggae,94163795.3507936,1827,99.79,709
sandalwood,92233074.43333332,107,83.37,710
lagu jawa,91552158.71666665,579,124.15,711
new york drill,91258329.98120493,1159,96.89,712
cologne indie,90587556.49999999,551,114.65,713
czsk emo rap,89620595.16666673,5528,87.21,714
musica triste brasileira,89599491.29949501,603,110.3,715
indian indie,88687602.87857142,786,103.03,716
edmonton indie,88571081.81818181,182,145.4,717
lo-fi indie,88545737.8,173,143.88,718
uk reggae,88519480.3904762,218,129.77,719
indie soul,88214764.54071033,1591,116.96,720
albanian pop,88013821.20888267,2032,102.98,721
axe,87304261.73782049,1422,70.39,722
rap df,86730985.66082254,379,116.44,723
rap boricua,86553241.50000003,1329,101.57,724
rock nacional,86256998.85000014,3398,157.2,725
carnaval,86106393.56666668,445,112.33,726
indonesian alternative rock,85883408.75,991,127.94,727
musica popular colombiana,85318864.82655124,5756,124.92,728
cantautor,84505276.99417529,6152,143.45,729
detroit trap,84470119.68329735,492,116.08,730
neoperreo,84426248.31801867,1042,104.48,731
manele,84090378.4333334,3313,104.09,732
vocaloid,83600587.41666666,413,125.81,733
tekk,83254770.20793648,686,116.25,734
women's music,83137960.93181819,1427,114.02,735
lithuanian electronic,82938972.80476193,871,120.91,736
indian singer-songwriter,82911929.34761903,423,96.79,737
indonesian rock,82643903.41666669,754,112.73,738
singaporean mandopop,82165186.1140055,6537,119.1,739
circuit,82044212.86507931,733,101.2,740
indie garage rock,81983053.99999991,269,125.64,741
experimental pop,81958813.65972212,1425,91.3,742
canadian electronic,81448037.3172936,3970,95.46,743
trap metal italiana,81440532.9071428,521,105.47,744
uk alternative pop,81373616.30531138,2346,135.31,745
egyptian pop,81279885.15285005,10473,104.34,746
solo wave,81018069.81031755,681,77.48,747
australian rock,80495918.83997111,1396,167.92,748
barnmusik,80486430.0,259,77.05,749
pop teen brasileiro,80354378.88333333,347,81.2,750
neo-synthpop,80326178.35676402,3904,91.23,751
belo horizonte indie,80174702.73333333,184,109.24,752
argentine telepop,79903662.32301593,3407,120.61,753
khaliji,78931022.85000001,6150,93.76,754
chinese r&b,78830824.46190475,3085,94.13,755
israeli hip hop,78482395.71060607,4201,109.65,756
hardcore hip hop,78048291.18086821,3542,116.36,757
melancholia,77408973.904762,1235,138.17,758
ukrainian pop,77171042.21666658,3086,94.36,759
glam metal,77082728.19999987,1561,167.18,760
thai teen pop,77023668.41666661,1588,85.62,761
magyar trap,76966233.19999991,4104,96.74,762
laiko,76887101.2845238,5188,106.39,763
south african house,76627731.23663104,1807,89.91,764
teen pop,75952928.40909103,2327,88.11,765
japanese pop rap,75922305.13333334,394,94.78,766
rap rock,75759416.93963541,1305,130.77,767
german house,74547164.77619047,361,130.53,768
german reggae,74490442.97063488,784,117.09,769
eau claire indie,74127651.99999999,675,128.49,770
zhongguo feng,74003140.96666671,6490,119.61,771
german viral rap,73984473.66666669,452,104.62,772
korean ost,72463689.40833335,1218,109.78,773
country dawn,71748856.14545171,1150,136.49,774
heartland rock,71506902.15853041,2511,147.57,775
brazilian gospel,71449132.5,150,170.02,776
haryanvi pop,71162080.73225108,1072,90.61,777
german rock,70874073.1333334,700,110.58,778
australian reggae fusion,70865452.5,694,147.78,779
swedish eurodance,70493047.08571437,842,99.24,780
soundtrack,70118626.41309524,912,111.15,781
orchestral soundtrack,69712802.9797619,893,110.0,782
azeri rap,69696685.90476191,679,108.68,783
classic norwegian pop,69515315.95515874,2073,117.2,784
chinese indie,69359480.19047618,5444,112.41,785
swedish dancehall,69339343.11401516,1733,105.23,786
trap antillais,68981366.16904753,1361,101.34,787
mahraganat,68604703.24761906,4369,95.26,788
nottingham hip hop,68001599.31862745,931,99.07,789
rap femenino mexicano,67908332.0,248,100.53,790
classic pakistani pop,66604699.33820345,1426,132.79,791
veracruz indie,66259504.14166659,2150,119.91,792
man's orchestra,66181661.25000001,823,110.62,793
experimental,65298315.41865083,961,79.53,794
dutch trance,64422102.47925688,2376,92.41,795
deep pop edm,64111138.25000001,1601,106.83,796
boston folk,63930043.809523866,230,76.21,797
bolobedu house,63732016.01666666,1166,88.47,798
north east england indie,63718265.5,258,96.79,799
kurdish hip hop,63389111.36428573,531,115.33,800
swedish soul,63198079.99999993,1128,111.52,801
scottish rock,63194376.68333334,295,114.49,802
channel pop,63121479.06666664,756,121.14,803
gaming dubstep,62918001.84960319,1018,104.86,804
brighton indie,62631346.70833334,637,151.82,805
javanese dangdut,62085773.7166667,548,125.54,806
roda de samba,62024471.333333336,154,101.88,807
icelandic hip hop,61832176.4928572,11345,90.93,808
slovak hip hop,61517086.68333319,8812,103.58,809
j-rap,61474799.811904766,696,121.05,810
malay rap,61438831.64971991,2163,107.77,811
emo rap italiano,61375437.87539682,522,105.24,812
future house,61363828.59606426,3696,112.57,813
dancehall queen,60980735.82723665,2741,101.88,814
j-indie,60944683.33333338,381,85.81,815
dark pop,60891668.16442723,2723,96.67,816
persian pop,60858779.70324671,3189,106.38,817
bulgarian pop,60848460.720237955,12998,104.12,818
rif,60562587.32913196,5106,101.44,819
chanson,60513408.53174601,909,123.33,820
bubblegum pop,60351027.60753968,295,132.41,821
uk alternative hip hop,60044026.25710958,889,117.07,822
rap siciliano,59867865.79365084,519,111.38,823
ritmo kombina,59307458.062698364,1732,99.34,824
trap catala,59091651.82792206,558,87.4,825
chicano rap,58854502.94427658,1432,106.89,826
irish rock,58477917.60476195,1550,139.61,827
aesthetic rap,58176373.42261907,1273,127.34,828
dutch indie,58042901.14166664,776,104.14,829
modern folk rock,57942849.70057714,1404,137.18,830
salsa peruana,57688153.44206347,1349,121.27,831
r&b italiano,57683696.59532967,529,107.2,832
mgpjr,57577296.116666675,853,112.68,833
schlager,57567529.499999985,646,111.9,834
folklore argentino,57476794.93690476,1209,127.5,835
rap catala,57299004.32792206,503,88.03,836
zhenskiy rep,56956689.45000002,725,73.41,837
german trance,56948218.36363636,1674,80.47,838
trap mexicano,56867175.36804998,427,122.36,839
classic bollywood,56801412.563492045,644,96.69,840
punk,56460641.679761924,845,119.47,841
uk house,56400101.804168046,725,109.14,842
swedish indie rock,56055354.919444464,1124,123.27,843
uk americana,56045610.58412692,1438,137.41,844
breaks,55975716.66666667,292,73.66,845
experimental house,55742718.66666667,291,73.36,846
kazakh hip hop,55670044.980158836,3464,95.55,847
japanese viral pop,55594344.0,207,116.5,848
meme rap,55491243.91666667,498,127.97,849
electronica,55485836.226176515,2438,126.42,850
antideutsche,55403818.333333336,385,104.92,851
anadolu rock,54609879.954761945,1454,137.62,852
psychedelic hip hop,53471136.72020202,505,116.65,853
rap criolo,53462907.349999964,2032,98.39,854
orlando indie,53354038.0,137,128.64,855
singaporean singer-songwriter,53333568.5473389,1621,104.95,856
lithuanian pop,53263813.516666695,8188,111.63,857
mizrahi,53135832.633333355,4214,93.71,858
mollywood,53082235.400000006,128,117.55,859
nouvelle chanson francaise,52681800.440476164,810,118.97,860
polish indie,52643529.7166666,757,102.7,861
estonian pop,52639683.89523806,10191,98.99,862
karadeniz turkuleri,52525033.79523811,1482,134.33,863
dangdut,52168616.950000025,499,114.63,864
brega romantico,52138222.000000045,371,89.8,865
japanese emo,51824773.27077923,1598,105.39,866
turkish edm,51785786.26648351,950,107.03,867
visual kei,51490662.68030304,1587,105.53,868
sheilat,51210623.0,2350,89.55,869
turkish folk,51124067.34523808,559,114.22,870
turkish modern jazz,50981529.90476191,828,124.75,871
torch song,50690338.10238095,584,133.07,872
australian trap,50517141.08507327,632,109.9,873
deboxe,50405637.39523807,167,79.3,874
japanese electropop,50134167.29999999,765,89.37,875
brooklyn indie,50074705.0909091,936,136.17,876
solomon islands pop,50045777.58333333,492,89.23,877
post-punk argentina,49537367.64285715,2878,161.17,878
idol,49526697.007142864,1651,101.67,879
png pop,49206696.25,395,80.66,880
melanesian pop,49206696.25,395,80.66,881
melodic dubstep,48975431.9852994,2420,108.79,882
oyun havasi,48646775.33333332,647,113.17,883
melodipop,48626674.82539684,403,94.54,884
russian electronic,48517650.566666685,1037,116.52,885
fidget house,48176489.68809525,346,114.75,886
nu-cumbia,48084011.4563492,2537,126.7,887
baltimore indie,47638456.75,280,154.59,888
german pop rock,47583297.223809525,688,109.72,889
modern dream pop,47575672.75,235,155.38,890
groove room,47549314.14999999,324,97.7,891
pinoy indie rock,47538490.0,24,55.29,892
nederlandse hardstyle,47457013.9888889,416,122.48,893
dream smp,47025803.70833334,842,115.02,894
turkish instrumental,46922720.18333334,356,96.3,895
dutch cabaret,46801661.78333335,777,97.89,896
german indie folk,46398650.26666667,170,92.89,897
indie siciliano,46137295.1833333,137,83.72,898
bruneian pop,46044138.0,547,104.35,899
arab pop,45941594.61713564,7903,104.48,900
gruperas inmortales,45850170.161111124,2949,126.78,901
euphoric hardstyle,45558545.9888868,3504,74.85,902
birmingham metal,45192791.70833328,751,85.92,903
azontobeats,44843328.61563021,3000,100.96,904
danspunk,44390314.852380924,609,121.91,905
classic malaysian pop,44282090.74971989,1452,113.4,906
norwegian singer-songwriter,44024731.65797259,1099,103.15,907
cumbia paraguaya,43987818.766666695,2201,135.09,908
disney,43767026.10714285,290,127.1,909
classic hardstyle,43742258.80833124,3410,74.17,910
celtic,43728628.240384616,598,95.39,911
irish folk,43431889.390384614,562,94.1,912
thai pop rap,43407102.80555556,321,65.23,913
deep flow,43260420.16666667,607,118.86,914
swing,43231795.379761964,955,129.44,915
celtic punk,43189113.44166667,550,93.27,916
folk punk,43170700.375,545,92.09,917
sped up,43097592.66666666,814,114.49,918
vapor pop,43092012.55555562,1141,117.19,919
vapor twitch,43022316.28931461,1919,114.53,920
ghanaian pop,42637279.67103177,985,111.38,921
trap dominicano,42319209.661793694,3287,118.14,922
dutch drill,42264258.54047621,448,114.06,923
thai viral pop,42128057.333333336,478,105.31,924
danish pop rock,42044490.08333332,926,108.99,925
rap baixada fluminense,42030830.44166666,270,105.07,926
vocal harmony group,41904554.53571426,642,108.1,927
adoracao,41452622.25,138,142.05,928
bergen indie,41384121.616666675,440,167.4,929
dutch trap,41245927.7238095,687,126.82,930
khaleeji iraqi,41179551.75,2951,85.94,931
czech rock,41146774.49999994,3392,122.33,932
kollywood,40914045.183333315,167,109.41,933
korean old school hip hop,40844824.50833341,742,79.28,934
central asian hip hop,40834932.853968285,2492,96.88,935
karadeniz pop,40341790.89523807,565,100.22,936
city pop,40108176.319047615,167,70.24,937
israeli singer-songwriter,40081922.133333325,2549,120.0,938
belgian dance,40049592.68594332,2378,107.85,939
trap pesado,39997665.1357143,156,121.67,940
romanian rap,39801492.35000002,3270,102.9,941
el paso indie,39698783.72499998,734,130.5,942
vapor soul,39595172.25467705,2234,118.8,943
russian gangster rap,39593829.61587308,2808,105.62,944
shoegaze,39587665.26666665,764,132.93,945
ambient pop,39534462.59999998,733,130.45,946
italian alternative,39504065.68333332,241,108.3,947
reggae,39462862.48399654,3727,106.22,948
roots reggae,39354818.50780607,3691,105.7,949
swedish singer-songwriter,39128863.17402593,1003,143.15,950
thai folk,38981056.41666667,728,107.43,951
rap underground espanol,38779504.046825394,447,140.05,952
hands up,38673746.219696976,1132,101.99,953
bubblegum dance,38604589.1974026,1365,109.64,954
classic indonesian rock,38314923.08333333,662,119.07,955
christian music,38218188.36666667,450,133.0,956
dutch r&b,37877119.54999998,474,82.07,957
punk blues,37810188.35757579,1297,169.64,958
israeli rock,37657623.50000003,2615,121.71,959
funk metal,37611449.62698412,2093,153.68,960
spanish synthpop,37343599.599999994,66,114.09,961
huzunlu sarkilar,37205741.5,166,132.08,962
thai idol,37156981.733333334,599,96.48,963
suomirap,36868112.40952381,1537,114.24,964
indian edm,36807371.697646834,1123,115.65,965
deep adult standards,36649329.75,575,104.58,966
nordnorsk musikk,36639058.85753967,880,102.4,967
vietnamese trap,36626890.126190476,2153,97.03,968
south carolina hip hop,36599005.985298924,2854,110.06,969
ghanaian alternative,36479450.504365064,650,109.07,970
indonesian city pop,36472568.33333332,396,113.6,971
old school thrash,36401735.70000005,686,128.76,972
thrash metal,36384452.70000005,681,128.86,973
rap feminino nacional,36233012.099737756,283,127.16,974
ukrainian viral pop,36073718.3333333,1290,80.19,975
gothenburg indie,36068166.06805554,1322,142.04,976
rap chileno,35611598.767099574,537,109.28,977
jawaiian,35305596.36666667,397,110.17,978
malaysian indie,35284579.49416434,1225,117.75,979
deep funk ostentacao,35265232.36507936,321,97.54,980
boston indie,35162464.11111114,241,120.66,981
old school atlanta hip hop,35074276.700963736,3484,121.65,982
musica capixaba,34877209.47070708,428,113.18,983
rap capixaba,34877209.47070708,428,113.18,984
post-romantic era,34842345.03571428,258,117.3,985
asian american hip hop,34840444.63788152,765,111.27,986
ukrainian classical,34816223.25,255,116.82,987
chanson virale,34655410.949999996,170,110.66,988
malaysian mandopop,34426750.91666664,1882,108.91,989
industrial,34394242.49047616,1723,116.64,990
russian grime,34389475.11825399,1724,119.88,991
industrial metal,34017583.29047617,1712,116.52,992
industrial rock,34017583.29047617,1712,116.52,993
minimal tech house,34015245.81666667,507,98.91,994
metalcore,33964034.90799062,886,132.36,995
experimental rock,33933817.55555559,627,82.88,996
german metal,33873958.83333332,1702,116.15,997
neue deutsche harte,33872831.83333332,1697,116.12,998
norwegian country,33466951.83095237,1004,141.69,999
pinoy alternative rap,33333087.483333338,365,116.27,1000
canadian singer-songwriter,33188466.820923522,1216,151.86,1001
jazz trio,33025456.833333317,118,107.1,1002
rap antillais,32712075.58452384,517,90.65,1003
egyptian alternative,32619515.113095235,2193,95.85,1004
nice indie,32479164.999999966,699,104.78,1005
belarusian hip hop,32438268.821428582,2201,116.87,1006
australian house,32182616.20238095,473,139.05,1007
chilean rock,32007206.015694086,854,145.55,1008
pittsburgh indie,31997304.0,231,136.92,1009
funk rock,31902969.17171717,1856,156.18,1010
thai rock,31879155.733333357,1105,107.29,1011
russian post-punk,31686934.66666666,598,125.17,1012
taiwanese indie,31554063.73333333,1179,73.25,1013
classic canadian rock,31502262.366955277,1045,150.78,1014
turbo folk,31492058.55000001,898,110.23,1015
australian indie folk,31137571.43333333,301,157.09,1016
rai,31114710.785714258,3837,107.14,1017
atlanta bass,30870676.29946524,84,127.13,1018
ska mexicano,30829050.599999998,343,159.2,1019
norwegian trap,30812437.803174615,617,92.07,1020
cumbia peruana,30736041.571428567,535,154.66,1021
russian hyperpop,30675347.183333356,698,80.65,1022
pixie,30667488.19567098,801,123.64,1023
south african hip hop,30595509.91841535,1219,97.69,1024
kleinkunst,30481560.733333364,911,106.85,1025
dancefloor dnb,30436203.359021224,2157,114.02,1026
danish rock,30355082.250000004,1090,123.05,1027
tecnobanda,30214846.25,133,99.29,1028
rock kapak,29992978.699719887,1434,116.25,1029
drum and bass,29974933.335211705,2157,113.99,1030
nederpop,29890382.99999999,408,99.06,1031
israeli trap,29590332.543939408,1880,113.09,1032
carnaval cadiz,29448939.047619045,557,129.74,1033
finnish drill,29442783.92499999,560,81.34,1034
psychedelic rock,29390245.67936508,1080,151.76,1035
chinese singer-songwriter,29255843.833333325,1907,95.5,1036
turkish jazz,29236702.74999998,702,139.61,1037
uk dnb,29160060.7,545,108.06,1038
czech pop rock,28910025.79999996,2519,128.24,1039
okinawan pop,28850891.673809513,1078,95.66,1040
japanese r&b,28789511.185714286,706,133.61,1041
estonian hip hop,28573246.888095226,6848,99.43,1042
world,28533650.178715717,519,104.51,1043
st louis rap,28476643.63952017,914,104.59,1044
icelandic rock,28360917.354761858,5649,119.5,1045
birmingham hip hop,28352413.201587297,404,98.36,1046
pop emo,28281755.938095238,386,120.89,1047
morelos indie,28031040.99999999,640,157.49,1048
uk melodic rap,27837919.02439131,406,112.03,1049
volkspop,27613404.23333332,762,118.07,1050
mexican edm,27537306.16666666,258,102.89,1051
p-pop,27514695.33333333,193,91.69,1052
japanese alternative pop,27297793.166666668,115,90.26,1053
icelandic indie,27281571.809523758,4548,104.54,1054
british indie rock,27045718.300396826,701,107.92,1055
tejano,27004112.490243915,194,158.6,1056
bronx hip hop,26953396.40904093,1623,91.66,1057
surinamese pop,26535255.483333334,257,97.3,1058
dutch indie rock,26463174.458333343,482,122.74,1059
new jack swing,26397603.97651958,2401,100.01,1060
vallenato moderno,26373845.77222223,2944,113.5,1061
swedish alternative rock,26343321.249206357,414,128.0,1062
scam rap,26256483.83480673,160,131.54,1063
children's music,25976048.727272727,196,127.63,1064
barnsagor,25945420.0,128,105.92,1065
turkce trap metal,25943228.199999996,152,101.49,1066
melodic metalcore,25870614.607990626,830,131.6,1067
uk metalcore,25633901.656601734,768,130.92,1068
taiwan idol pop,25623940.83333331,841,84.46,1069
australian alternative pop,25585546.40039684,694,123.0,1070
nightcore,25496094.666666675,256,94.13,1071
levenslied,25493005.533333335,349,125.79,1072
japanese trap,25477343.24523809,255,133.93,1073
czsk viral pop,25459108.950000048,2058,93.35,1074
slovenian pop,25215586.083333306,1953,85.59,1075
boom bap espanol,25155954.325396817,252,121.6,1076
persian hip hop,25129607.5,100,65.64,1077
german indie,25117871.333333325,326,113.7,1078
rap uruguayo,25049094.572619054,640,114.01,1079
dutch americana,24889597.905952375,459,94.53,1080
grupera,24836197.815243907,1128,141.4,1081
rock uruguayo,24790302.598015875,2516,157.84,1082
canadian latin,24762570.639285743,931,134.54,1083
t-pop girl group,24636843.16666666,391,82.7,1084
russian viral rap,24627827.659523807,1024,86.44,1085
kazakh pop,24513454.408730187,1845,99.74,1086
flamenco,24394419.870779216,358,107.79,1087
reggae uruguayo,24371376.998015873,2240,158.74,1088
ukrainian hip hop,24248841.249999974,1235,94.13,1089
salsa venezolana,24229951.96666668,591,128.27,1090
phonk,24127314.206349183,802,128.19,1091
jazz funk,23597005.06666668,585,171.09,1092
classic iskelma,23565998.364826832,1393,110.16,1093
telugu folk,23548416.0,24,71.38,1094
sholawat,23484865.75,146,93.68,1095
dangdut koplo,23420345.21666668,403,145.26,1096
classic israeli pop,23321700.316666666,2375,120.87,1097
cueca chilena,23240241.5,124,121.84,1098
junior eurovision,23015906.333333336,229,95.34,1099
rock viet,23005107.145238087,1714,93.04,1100
kizomba,22933731.91249999,1806,111.87,1101
classic icelandic pop,22723629.688095223,6529,115.03,1102
pinoy idol pop,22598271.0,104,100.72,1103
cloud rap francais,22594949.49696968,296,85.73,1104
cumbia santafesina,22506309.499999996,193,141.65,1105
ukrainian rock,22449611.766666666,1621,107.37,1106
corridos alternativos,22415082.521428574,311,138.86,1107
rap angolano,22213177.027976193,1405,97.7,1108
icelandic singer-songwriter,22200663.016666695,5848,90.93,1109
old school hip hop,22069542.56201295,1512,87.82,1110
tvog,21884937.000000004,199,121.94,1111
swedish indie pop,21784826.113406025,1216,147.04,1112
italian soundtrack,21751714.0,19,72.74,1113
magyar alternative,21730814.800000004,2768,120.93,1114
british singer-songwriter,21677055.963275615,663,157.8,1115
rap uliczny,21633808.757142853,426,110.0,1116
pop rock brasileiro,21621944.687662333,224,169.22,1117
uk pop punk,21427387.5,59,71.14,1118
chalga,21394813.386904765,5760,104.46,1119
sami,21320784.54722222,164,95.49,1120
canadian indie,21306868.465476193,784,120.45,1121
tamaulipas rap,21251809.66666668,137,139.39,1122
peruvian hip hop,21153996.5,175,135.15,1123
classic schlager,21141568.266666666,225,112.01,1124
uppsala indie,21032938.000000007,299,124.07,1125
acoustic chill,20989685.2,86,133.07,1126
latvian pop,20926490.46666666,4569,117.63,1127
trancecore,20587285.029166665,363,97.98,1128
new rave,20563816.838577792,1539,136.93,1129
nz hip hop,20541619.872222207,781,112.26,1130
viral pop brasileiro,20372086.821428567,107,109.96,1131
sunnlensk tonlist,20330160.650000006,1049,100.98,1132
lithuanian edm,20262401.388095267,1037,121.0,1133
noise pop,20260348.0625,465,113.16,1134
discofox,20203616.083333332,140,106.4,1135
classic turkish pop,20145112.700000003,161,133.66,1136
rap motywacja,20056293.449999984,600,127.06,1137
glitchcore,20050152.000000004,412,116.39,1138
emo trap italiana,20033625.033333324,121,109.43,1139
indonesian idol pop,20020680.5,98,105.3,1140
harlem hip hop,20018465.41785711,1390,83.5,1141
danish alternative rock,19957166.5,720,114.58,1142
chilean indie,19924951.805608887,472,135.01,1143
reggae tuga,19862816.373809524,834,95.85,1144
australian country,19835097.521428566,279,126.33,1145
bhangra,19832141.866758242,242,111.17,1146
newcastle nsw indie,19819786.0,21,170.86,1147
monterrey indie,19804856.5,69,133.59,1148
irish hip hop,19739408.205444567,304,114.1,1149
dutch singer-songwriter,19702479.81666665,296,86.27,1150
electro bailando,19541384.0,816,116.44,1151
trot,19480617.0,531,75.74,1152
salsa choke,19407938.16097512,1497,108.0,1153
haryanvi hip hop,19403938.452380963,64,119.63,1154
danish electropop,19293619.833333343,447,102.6,1155
russian rock,19236680.313095234,951,112.6,1156
gaming edm,19020583.671608947,1312,103.68,1157
spanish noise pop,19012844.923611104,134,127.57,1158
deep neofolk,19012451.333333336,350,103.06,1159
viet lo-fi,19010529.93333332,454,114.37,1160
greek house,18938973.75,1005,106.02,1161
norrlandsk hip hop,18930665.540079363,384,111.37,1162
chilean hardcore,18929290.900000006,199,111.6,1163
hong kong indie,18927915.616666686,1420,115.61,1164
piratenmuziek,18830333.666666664,57,85.18,1165
j-pop girl group,18744857.249999985,690,132.62,1166
cologne hip hop,18728396.487301584,351,102.51,1167
traphall,18590956.322064213,1632,127.45,1168
italian tech house,18581098.0,30,85.8,1169
russian rave,18555299.800000004,412,105.28,1170
dansband,18539382.4,292,132.55,1171
gothenburg hip hop,18521686.24761903,400,110.98,1172
telugu indie,18496583.833333332,51,104.55,1173
classic soul,18490026.29166667,1173,157.59,1174
hungarian rock,18357035.46666668,1729,124.21,1175
jazz blues,18352646.809992786,456,165.81,1176
finnish reggae,18312065.95714286,860,104.74,1177
vintage tollywood,18224255.25,55,86.38,1178
norwegian rock,18075975.74368687,844,133.23,1179
brazilian reggae,18070399.11666665,153,118.24,1180
slovak trap,17933040.76666668,1972,97.94,1181
flamenco guitar,17857255.230303034,161,78.47,1182
orchestra,17661747.333333347,526,95.17,1183
russian underground rap,17661013.433333337,547,125.53,1184
nordic orchestra,17652343.00000001,520,94.34,1185
russian viral pop,17620845.116666667,485,100.21,1186
hong kong hip hop,17546367.83333333,924,90.18,1187
lilith,17541280.380230833,1250,145.71,1188
danish post-punk,17515804.5,695,115.45,1189
slovak pop,17503177.549999986,2946,118.84,1190
classic finnish pop,17500301.214826863,993,111.5,1191
sinhala indie,17386561.350000005,63,85.24,1192
radio symphony,17307720.40000001,505,92.45,1193
polish alternative rock,17294464.983333334,333,106.13,1194
screamo,17217110.218055557,84,142.61,1195
samba reggae,17140944.88901099,515,79.85,1196
swedish country,16982757.366666675,338,132.35,1197
colombian rock,16635109.662923163,1310,98.83,1198
australian alternative rock,16611510.046031747,246,141.46,1199
gulf hip hop,16580435.24999999,938,94.74,1200
sudanese pop,16576699.182013094,256,97.76,1201
talentkonkurranse,16487280.25,509,122.32,1202
canadian electropop,16223889.636431616,456,128.7,1203
norske viser,16187628.898015868,552,108.16,1204
turin indie,16107423.066666668,145,103.01,1205
pop costarricense,16093664.410714278,376,109.69,1206
operatic pop,16036084.848809531,281,124.65,1207
afghan rap,16018068.116666665,168,108.82,1208
sunshine pop,15768952.452380955,140,139.81,1209
reggae en espanol,15741547.227795063,1479,129.12,1210
canadian country,15735350.741666667,578,123.26,1211
indian fusion,15684149.54166666,220,82.63,1212
indian folk,15675489.843650788,178,136.35,1213
sudanese hip hop,15614692.182013094,229,103.49,1214
korean mask singer,15604282.233333329,296,95.19,1215
j-idol,15590572.083333332,609,126.67,1216
rap kreyol,15540560.045238096,582,120.81,1217
japanese dance pop,15538338.133333338,203,91.48,1218
josei rap,15407208.583333334,238,110.68,1219
kyrgyz hip hop,15394159.0,453,45.87,1220
electro-pop francais,15279123.162698422,524,118.29,1221
musica santomense,15216596.35,705,93.43,1222
oldschool deutschrap,15208438.392063497,279,112.84,1223
devon indie,15166389.555555549,282,123.47,1224
folk,15105406.631478315,994,161.53,1225
kindermusik,15075887.5,64,123.42,1226
neue neue deutsche welle,15056569.25,35,105.86,1227
semarang indie,15032972.066666663,26,53.0,1228
classic kollywood,14765187.400000002,61,86.23,1229
french indietronica,14736710.742857147,324,108.23,1230
lo-fi product,14723578.666666662,229,101.28,1231
birmingham indie,14690298.174206344,159,116.08,1232
austrian pop,14650281.7,824,102.4,1233
orebro indie,14632205.0,74,97.86,1234
epa dunk,14623907.666666664,148,122.09,1235
austropop,14612470.326190483,966,125.78,1236
pakistani indie,14609272.023809526,812,87.6,1237
danseband,14522837.1642857,606,137.94,1238
russian punk,14314451.66071428,792,105.02,1239
hungarian edm,14307949.999999998,1494,103.32,1240
chinese electropop,14305098.162698422,764,110.82,1241
neomelodici,14257303.833333336,84,130.67,1242
deep tech house,14252794.058116889,570,119.02,1243
malaysian hip hop,14134570.820634924,841,119.66,1244
cameroonian pop,14100243.904761909,274,84.09,1245
indonesian edm,14089775.333333332,108,125.74,1246
salsa urbana,14041023.066666655,602,117.05,1247
nu disco,14027348.682539677,626,126.49,1248
deep breakcore,13964640.600000005,55,66.67,1249
j-punk,13942163.357142858,459,106.41,1250
moldovan pop,13937691.047619045,865,106.39,1251
turkish psych,13936575.183333334,147,129.08,1252
cancion melodica,13928488.365243893,347,132.61,1253
turkce remix,13892487.083333336,135,104.7,1254
dansktop,13758215.249999998,474,131.99,1255
ecuadorian pop,13715522.585317448,1653,119.32,1256
battle rap,13709074.725971257,152,122.04,1257
swiss indie,13685455.557142856,763,125.51,1258
norteno-sax,13661085.883333335,67,109.4,1259
dubstep,13617952.84930348,293,93.42,1260
bulgarian hip hop,13586249.886904761,4308,104.87,1261
channel islands indie,13558388.966269843,457,129.01,1262
malang indie,13481173.666666666,98,87.95,1263
lo-fi cover,13453529.666666662,220,99.44,1264
nerdcore brasileiro,13423243.5,36,88.92,1265
russian indie rock,13377226.58333334,291,106.45,1266
romanian house,13365111.576923082,1148,120.71,1267
scottish techno,13283773.5,79,85.25,1268
jewish pop,13264876.927272711,727,95.24,1269
brazilian bass,13215117.510256417,127,119.96,1270
zouk riddim,13213528.829761902,131,107.9,1271
funk capixaba,13186835.5,34,146.65,1272
skansk musik,13184104.630952386,249,112.2,1273
british invasion,13042573.944444459,778,158.84,1274
hamburg electronic,12957115.807936504,90,116.82,1275
polish drill,12930776.833333332,109,82.11,1276
belgian rock,12913543.13441558,547,128.03,1277
pop quebecois,12900774.650000002,210,143.14,1278
new beat,12899784.75,28,104.89,1279
merseybeat,12893677.166666683,742,158.44,1280
czech folk,12882914.766666664,1261,109.91,1281
rap portuense,12857693.666666668,199,97.71,1282
malayalam hip hop,12755829.0,19,84.63,1283
rap inde,12747879.916053396,326,115.98,1284
indie quebecois,12664932.833333334,291,157.1,1285
rap ivoire,12651593.775,110,92.98,1286
brazilian house,12641069.500000006,126,118.51,1287
finnish pop punk,12627796.183333334,577,104.3,1288
paraguayan rock,12565685.433333337,2619,135.85,1289
argentine reggae,12531981.864285707,490,143.67,1290
kavkaz,12314276.677777775,1731,108.25,1291
electronica argentina,12291357.80833333,229,121.16,1292
shaabi,12263665.233333336,1880,86.21,1293
classic russian rock,12172519.477380957,791,110.9,1294
russian indie,12168665.833333332,426,135.12,1295
perth indie,12134027.057142865,159,115.72,1296
israeli indie,12068444.833333336,644,114.05,1297
rock andaluz,12051954.736507935,200,118.78,1298
okinawan folk,12047562.850000005,440,89.25,1299
rap lyonnais,12042131.395418473,188,121.14,1300
salsa puertorriquena,11957752.10373598,682,153.96,1301
indian lo-fi,11773910.666666666,41,164.85,1302
scottish indie rock,11770191.99999999,277,123.94,1303
glasgow indie,11770191.99999999,277,123.94,1304
musique urbaine kinshasa,11723502.603571428,136,111.42,1305
hong kong rock,11717390.166666666,425,109.71,1306
portuguese rock,11712280.399999995,752,109.87,1307
scouse rap,11711012.666666666,27,92.07,1308
musica catalana,11669377.666666672,178,116.35,1309
icelandic folk,11660331.199999968,3852,92.15,1310
wave,11567151.033333339,510,118.51,1311
finnish soul,11554200.233333336,487,95.21,1312
greek underground rap,11461433.600000005,883,122.68,1313
cincinnati rap,11458141.333333332,27,139.7,1314
finnish indie,11448963.302380955,519,108.76,1315
maluku pop,11406151.366666665,205,128.58,1316
dream trance,11364286.433333334,54,75.89,1317
peruvian rock,11340538.664053425,471,164.25,1318
jamaican hip hop,11312927.214280326,713,137.23,1319
lagu sabahan,11309305.633333333,371,107.32,1320
australian indie rock,11194604.583333338,118,117.63,1321
huapango,11178819.0,95,166.99,1322
classic polish pop,11138727.716666667,151,108.42,1323
danish metal,11132514.333333332,341,141.9,1324
rogaland musikk,11131143.90039682,373,121.89,1325
rap romantico,11098951.16666668,96,125.56,1326
kodomo no ongaku,11036514.0,61,68.46,1327
zxc,10995551.0,309,103.03,1328
oulu metal,10930838.75,256,81.76,1329
relaxative,10917019.142857144,91,100.7,1330
south african pop dance,10900651.31877389,811,104.18,1331
slovak rock,10899800.549999999,752,127.31,1332
lovers rock,10807020.851528933,2022,126.19,1333
bass house,10794166.84783274,982,110.02,1334
manguebeat,10789405.524087029,192,128.6,1335
barnemusikk,10788500.983333332,217,133.05,1336
trap maroc,10754559.219444448,1599,105.48,1337
fremantle indie,10590279.200000005,110,117.7,1338
emo trap en espanol,10533152.861111116,225,108.77,1339
christian alternative rock,10489330.574999996,354,134.99,1340
beatboxing,10328760.542857148,251,127.69,1341
deep german indie,10323825.0,382,134.06,1342
chinese hip hop,10297728.1047619,384,106.36,1343
ccm,10257801.783333324,404,135.34,1344
classic arab pop,10244029.366341988,1233,101.6,1345
halloween,10239644.0,18,117.17,1346
australian r&b,10160109.883333333,401,137.58,1347
bow pop,10140578.725793652,509,132.8,1348
cumbia ranchera,10030458.666666668,51,139.78,1349
smooth jazz,10019079.433838382,269,135.0,1350
socal pop punk,10004081.250000002,116,152.05,1351
russian dance pop,9999823.699999994,629,115.43,1352
underground amapiano,9943076.476190474,382,76.86,1353
disney espanol,9851706.25,46,132.26,1354
lithuanian hip hop,9840063.500000019,3215,116.4,1355
classic cantopop,9784395.011624657,1193,129.53,1356
bossa nova,9775575.027137922,381,72.44,1357
belgian indie,9755341.660606056,731,118.73,1358
rock urbano mexicano,9734945.666666664,162,175.49,1359
finnish metal,9725018.791269846,554,111.99,1360
electropowerpop,9708162.040203504,1016,116.59,1361
brisbane indie,9704207.434523808,441,128.71,1362
rock nacional brasileiro,9675495.21623377,152,169.66,1363
nasheed,9672834.41666667,72,97.44,1364
classic finnish rock,9632160.10357143,487,132.9,1365
nova musica pernambucana,9601069.099999996,159,118.69,1366
indiecoustica,9597211.500199787,850,148.58,1367
afro house,9587041.01926407,506,105.72,1368
qawwali,9567562.570238091,224,105.13,1369
k-indie,9564957.578571426,650,119.89,1370
worship,9560466.883333331,292,140.85,1371
rap pernambucano,9473105.599999996,158,118.51,1372
trance brasileiro,9397319.166666668,55,133.98,1373
leipzig electronic,9364788.666666668,163,97.18,1374
future bass,9343253.90147338,495,120.66,1375
bemani,9331906.000000002,58,99.6,1376
swedish jazz,9304211.628571428,157,132.77,1377
marathi pop,9262129.674999997,98,141.51,1378
yodeling,9242452.3,96,146.24,1379
rap underground argentino,9241057.111111112,219,86.26,1380
traditional country,9231803.8,94,146.56,1381
cowboy western,9231803.8,94,146.56,1382
trip hop,9181999.464123385,690,118.03,1383
novelty,9150161.0,26,139.23,1384
icelandic electronic,9146183.000000013,2202,90.93,1385
norwegian folk rock,9068196.357142858,525,145.98,1386
chicago soul,9002113.333333343,102,136.47,1387
bassline,8976595.776298704,229,107.66,1388
indonesian viral pop,8896061.833333334,152,105.59,1389
roots rock,8883727.800850611,747,160.08,1390
bangla pop,8860080.0,19,118.58,1391
funana,8851263.56547619,780,96.87,1392
symphonic rock,8775438.744877346,428,150.05,1393
german jazz rap,8755352.844444446,186,113.17,1394
south african trap,8675022.48060872,766,96.93,1395
southern rock,8667663.575,577,167.66,1396
greenlandic pop,8647828.000000002,121,54.26,1397
batida,8646256.732142856,748,91.3,1398
sinhala pop,8626371.5,45,95.02,1399
french reggae,8616394.977380952,221,126.26,1400
pop paraguayo,8597809.599999996,1835,135.95,1401
hokkaido indie,8535777.7,283,89.58,1402
russian punk rock,8508244.875,585,102.04,1403
afrikaans,8442923.250000002,586,142.86,1404
children's choir,8426934.314285714,95,102.51,1405
boom bap brasileiro,8388737.727380952,63,152.78,1406
future garage,8325819.38455434,729,153.64,1407
hard bass,8322429.133333324,411,127.98,1408
kentucky roots,8297771.525,22,170.64,1409
rap congolais,8226207.216666666,78,102.72,1410
traprun,8203728.505808086,622,115.31,1411
arab trap,8081277.249999999,213,122.46,1412
happy hardcore,8048673.222222222,205,99.88,1413
latvian hip hop,7960397.999999997,1817,115.06,1414
kentucky indie,7942677.0,13,159.23,1415
nova musica paulista,7858682.585317461,59,127.9,1416
indonesian emo,7856639.133333335,45,102.87,1417
p funk,7823556.5,109,130.17,1418
bulgarian trap,7784226.125000005,2506,108.31,1419
gospel,7730531.892156863,37,104.16,1420
vlaamse rap,7699217.983333334,378,123.24,1421
gypsy jazz,7657099.857142858,209,131.29,1422
post-screamo,7626858.645833336,93,136.53,1423
indonesian reggae,7578602.25,226,94.77,1424
norwegian house,7572875.949999998,125,112.0,1425
balkan hip hop,7560058.145238094,392,104.77,1426
finnish alternative rock,7543494.438095239,314,98.27,1427
indonesian post-hardcore,7535206.000000002,34,87.53,1428
cumbia uruguaya,7468334.9166666595,1010,125.37,1429
sertanejo tradicional,7389738.050000001,107,141.3,1430
rap politico,7370511.4895202005,94,162.69,1431
belgian singer-songwriter,7357298.32380952,273,110.51,1432
australian indigenous,7351515.516666666,147,127.7,1433
folklore paraguayo,7245935.166666661,466,144.87,1434
bayerischer rap,7236947.283333335,105,109.38,1435
festigal,7220742.933333337,288,92.88,1436
musique comorienne,7132144.849999999,96,102.53,1437
finnish idol pop,7032231.380303029,275,113.24,1438
spanish new wave,7010578.892857143,159,165.74,1439
chutney,7004747.517171716,103,121.95,1440
modern hard rock,6943183.199494947,250,128.6,1441
musik anak-anak,6938336.0,17,113.47,1442
singaporean hip hop,6923930.794164342,463,118.22,1443
northern irish indie,6914284.200000003,154,143.88,1444
arkansas hip hop,6815310.993589744,38,143.82,1445
k-pop reality show,6804805.333333332,135,151.07,1446
mgp,6782541.733333334,101,128.05,1447
thai worship,6711614.666666668,362,105.97,1448
pakistani folk,6669206.127380955,142,100.54,1449
welsh rock,6642529.133333334,120,156.77,1450
fnaf,6608515.25,186,157.35,1451
swedish americana,6606381.116666665,146,138.71,1452
canadian rock,6568096.391666663,299,133.67,1453
schweizer rap,6554461.007142854,459,114.77,1454
swiss hip hop,6538398.333333333,580,123.67,1455
christian pop,6531406.5,65,99.43,1456
hoerspiel,6508554.5,25,177.68,1457
mundart,6499992.723809526,602,128.74,1458
finnish punk,6463542.700000006,367,118.47,1459
korean underground rap,6459019.974999996,501,94.18,1460
cumbia sonidera,6436839.816666666,151,169.36,1461
deep rai,6406641.963186812,323,114.49,1462
nottingham indie,6397931.261904763,280,112.14,1463
folclore santiagueno,6380157.333333335,89,165.73,1464
folclore salteno,6372224.333333335,84,168.87,1465
italian disco,6335069.088888882,439,118.18,1466
rock brasiliense,6311786.416666666,63,197.54,1467
ghazal,6271499.616666667,78,117.65,1468
muziek voor kinderen,6266537.0,54,157.54,1469
nashville singer-songwriter,6226871.48690476,130,129.74,1470
gotlandsk musik,6216017.0,36,73.94,1471
sky room,6191400.909523809,245,121.8,1472
galician folk,6187039.0,10,107.6,1473
soca,6157013.224388112,239,113.19,1474
turkish reggae,6136758.166666668,38,80.08,1475
musica baiana,6100743.444444444,68,114.34,1476
tecnobrega,6081135.333333332,21,113.33,1477
himachali pop,6063254.666666667,22,119.73,1478
musiikkia lapsille,6054913.98030303,169,113.86,1479
classic mandopop,6046301.116386553,870,133.27,1480
sacramento hip hop,6006186.281818181,201,109.84,1481
kasi rap,5983512.394155847,411,82.29,1482
new weird finland,5973268.647619047,255,82.33,1483
classify,5968047.0,28,63.89,1484
japanese vtuber,5905073.75,17,74.24,1485
northern soul,5898951.633333336,890,154.77,1486
turkish soundtrack,5880716.833333333,33,141.03,1487
musica angolana,5861350.62916667,760,112.46,1488
progressive rock,5843219.193650793,332,136.92,1489
lagu timur,5812850.0,25,120.32,1490
danish singer-songwriter,5804386.666666669,147,98.65,1491
arab alternative,5770434.15476191,1073,102.14,1492
japanese ska,5767122.3,51,61.49,1493
scottish singer-songwriter,5706193.466666667,161,142.88,1494
japanese pop punk,5699927.047619042,220,140.0,1495
uzbek pop,5663761.266666668,1271,105.25,1496
lund indie,5624898.0,57,95.63,1497
smutny rap,5621730.5,40,133.28,1498
grime brasileiro,5586172.904761905,36,99.0,1499
lithuanian trap,5569304.4999999935,1521,102.76,1500
zimdancehall,5555256.499999999,250,128.14,1501
armenian pop,5549794.033333333,187,93.03,1502
laulaja-lauluntekija,5476653.983333332,291,112.34,1503
russian reggae,5428032.749999999,350,150.77,1504
thai folk pop,5428004.833333333,108,73.94,1505
new americana,5409837.646052642,599,168.58,1506
klubowe,5321989.333333331,153,106.69,1507
armenian hip hop,5288687.533333333,175,94.22,1508
drill tuga,5277557.083333337,303,106.2,1509
cdmx indie,5268329.0,15,85.13,1510
contemporary vocal jazz,5241791.143722943,363,160.53,1511
nueva cancion,5218110.927398199,533,136.63,1512
czech punk,5201920.916666667,497,103.05,1513
thai indie,5152435.3166666655,304,118.72,1514
puerto rican folk,5135562.699999999,50,111.28,1515
west coast trap,5117952.751190477,151,134.04,1516
rock alternatif francais,5109270.0,87,134.09,1517
carnaval limburg,5073597.0,35,120.74,1518
spiritual hip hop,5060146.500000001,59,125.59,1519
christmas product,5048456.0,51,146.2,1520
korean trap,5046789.0416666735,287,99.2,1521
musica jibara,5040737.3,31,96.23,1522
nuevo flamenco,4991726.119047618,190,130.13,1523
fake,4978554.5,52,68.56,1524
plena uruguaya,4964070.166666667,799,133.52,1525
detroit rock,4935385.5000000065,1090,171.46,1526
latin metal,4884935.399999997,190,161.2,1527
argentine heavy metal,4878921.999999997,189,161.11,1528
indonesian indie pop,4861268.583333334,101,118.64,1529
czech metal,4843546.5,205,87.15,1530
britpop revival,4842694.885714285,87,149.18,1531
hardcore techno,4810453.455555557,132,99.34,1532
pakistani electronic,4806063.333333333,120,29.71,1533
hjemmesnekk,4747979.5,62,86.55,1534
chamber pop,4738819.217117604,546,147.18,1535
swedish indie folk,4722819.833333332,739,164.9,1536
balkan trap,4691474.125,1180,97.84,1537
vlaamse kinderliedje,4688090.75,137,115.49,1538
neo-classical,4667103.938095239,195,151.76,1539
samba moderno,4640068.904761906,37,139.97,1540
gabba,4635979.855555557,124,95.6,1541
russian folk rock,4624054.041666666,416,100.56,1542
french indie folk,4606734.383333331,48,131.31,1543
dark disco,4606694.0,53,103.94,1544
norwegian jazz,4593585.3,123,78.56,1545
taiwan rock,4570860.499999999,167,98.3,1546
reunion pop,4524831.25,22,101.59,1547
graz indie,4502448.333333329,343,122.79,1548
oktoberfest,4469336.7,36,129.44,1549
rap paraense,4450068.0,5,114.8,1550
french tech house,4439359.5,50,143.68,1551
french techno,4439359.5,50,143.68,1552
canzone napoletana,4438705.128571428,85,116.44,1553
experimental r&b,4438304.697619052,297,132.56,1554
jump blues,4435840.714285716,47,103.06,1555
tatar pop,4429110.483333333,184,135.36,1556
belarusian pop,4398839.8380952375,791,111.53,1557
south african r&b,4390769.511904763,419,89.31,1558
russian pop punk,4387320.0,187,107.1,1559
reggae catala,4386501.833333334,83,126.81,1560
latinx alternative,4375415.714285719,426,172.81,1561
classic sierreno,4334433.983333333,17,123.76,1562
neon pop punk,4332648.357575759,543,114.51,1563
mumbai indie,4331374.2,18,70.39,1564
taiwan punk,4328016.866666666,466,122.12,1565
chinderlieder,4322372.407142857,437,125.03,1566
turkish punk,4311908.333333335,202,142.08,1567
pop violin,4307745.035714285,171,118.25,1568
north moroccan rap,4301965.083333337,854,103.51,1569
estonian electronic,4300479.8000000045,1455,108.48,1570
canto popular uruguayo,4297006.499999997,375,117.33,1571
folklore chileno,4232547.195652173,42,147.12,1572
french synthpop,4215918.063888887,364,116.16,1573
korean electronic,4212583.799999999,66,105.48,1574
hamburg indie,4206226.4,37,97.86,1575
trondersk musikk,4191925.4166666665,81,109.57,1576
swamp rock,4187897.2000000007,233,169.89,1577
golden age hip hop,4136801.4001082256,155,146.41,1578
russian metal,4120924.875,398,99.67,1579
russian ska,4120924.875,398,99.67,1580
horror punk,4120924.875,398,99.67,1581
funk melody,4119881.4166666674,60,127.75,1582
nantes indie,4113785.081349207,228,119.9,1583
popping,4101896.5500000003,142,161.54,1584
cumbia boliviana,4100634.375,522,106.04,1585
oxford indie,4091711.4999999977,409,167.05,1586
trova,4075477.658837594,507,135.49,1587
ukrainian indie,4063015.816666666,425,112.37,1588
folk rock italiano,4059049.023809524,180,121.51,1589
ye ye,4051150.9166666674,53,125.64,1590
italian electronica,4039817.866666666,40,100.75,1591
chinese melodic rap,4039125.0,82,123.94,1592
indian rock,4038715.635714285,40,101.7,1593
swiss pop,4020516.973809524,322,141.33,1594
kazakh indie,4005930.5833333344,451,110.71,1595
nordnorsk rap,4004292.7142857155,91,92.24,1596
romanian rock,3993272.6666666665,55,136.76,1597
hip hop quebecois,3979083.8333333335,44,145.77,1598
classic czech pop,3882562.6666666674,173,110.84,1599
hungarian indie,3875600.25,413,110.78,1600
fado,3864793.6666666656,226,124.07,1601
smooth saxophone,3857058.0727272714,56,96.32,1602
bangladeshi hip hop,3839894.5,16,71.75,1603
czsk reggae,3815246.416666668,509,114.54,1604
japanese chill rap,3788819.8333333335,34,121.38,1605
bisaya rap,3762638.3333333335,45,84.13,1606
uk tech house,3760782.4333333327,121,115.47,1607
latino comedy,3737455.9999999995,36,134.31,1608
classic disco polo,3734057.0,39,123.44,1609
lo-fi jazzhop,3713967.083333333,50,106.5,1610
slc indie,3712799.9999999995,7,181.86,1611
cartoon,3688906.300000002,94,143.47,1612
native american contemporary,3687707.0,22,136.68,1613
native american,3687707.0,22,136.68,1614
kansas city hip hop,3687663.9000000004,165,144.08,1615
latin jazz,3655010.6500000004,121,133.6,1616
turntablism,3601728.6916666618,334,111.01,1617
ndombolo,3581424.1869047633,92,121.35,1618
hyperpop francais,3578894.8888888885,32,139.22,1619
samba,3575451.4242657926,62,143.27,1620
dalarna indie,3573837.099999999,60,119.72,1621
rumba congolaise,3566110.4369047633,84,119.61,1622
waiata maori,3532039.7476190473,136,114.7,1623
kiwi rock,3464472.775,273,128.62,1624
swedish folk pop,3460452.35,41,123.9,1625
polish old school hip hop,3454995.0,56,143.48,1626
polish reggae,3453654.9166666665,119,120.4,1627
southern soul,3445523.9215049664,134,150.23,1628
lithuanian rock,3437496.25,423,75.81,1629
dangdut remix,3436974.3000000007,104,115.27,1630
classic romanian pop,3433605.75,350,81.02,1631
belly dance,3427190.4949134155,1678,110.47,1632
baltimore hip hop,3421668.6428571427,12,155.0,1633
ectofolk,3393159.204761906,155,109.05,1634
syrian pop,3358664.25,525,103.25,1635
soulful house,3352264.7341269855,213,124.36,1636
poezja spiewana,3351821.916666666,65,117.65,1637
merida indie,3345762.9999999995,39,136.92,1638
hi-nrg,3327774.3857142855,92,132.82,1639
tropicalia,3304248.523629149,25,104.48,1640
liverpool indie,3292680.2857142845,151,135.01,1641
rap nacional antigo,3236051.547077922,73,145.99,1642
lithuanian indie,3216233.683333333,469,107.75,1643
tech house,3201286.498412698,171,113.26,1644
folkmusik,3158097.4142857143,48,116.69,1645
uae indie,3153072.9999999995,88,72.91,1646
memphis soul,3146754.166666668,117,168.03,1647
semba,3141752.1333333333,377,115.97,1648
musica portuguesa contemporanea,3112097.0,53,85.45,1649
chill baile,3107639.8523809537,58,127.12,1650
south african alternative,3105284.1892857132,486,99.6,1651
acoustic cover,3077754.3666666667,64,194.05,1652
swiss reggae,3075901.5904761916,329,118.42,1653
danish indie pop,3066203.6666666665,77,120.3,1654
sung poetry,3053905.3,55,127.04,1655
latin house,3046690.4,83,125.53,1656
german alternative rock,3045437.5,35,155.94,1657
kizomba antigas,3044804.599999996,287,82.22,1658
german punk,3031445.5,34,155.44,1659
swedish underground rap,3015619.028571428,65,102.91,1660
ottawa rap,3013248.458333333,113,127.5,1661
shanty,3002594.0,7,144.57,1662
nordic soundtrack,2984195.75,13,102.23,1663
underground power pop,2981550.5,9,105.67,1664
vietnamese bolero,2968674.166666667,140,106.47,1665
japanese screamo,2965447.25,18,131.94,1666
japanese metalcore,2965447.25,18,131.94,1667
lo-fi chill,2964434.3666666653,175,132.82,1668
nu jazz,2927834.8835164844,324,167.69,1669
boom bap,2902359.328431373,70,113.57,1670
halifax indie,2901775.3333333335,28,118.75,1671
papuri,2890494.6666666665,87,140.03,1672
lata,2887215.0,19,127.79,1673
irish drill,2872145.3333333326,99,118.28,1674
anime drill,2872145.3333333326,99,118.28,1675
classic indo pop,2867903.4666666673,82,156.17,1676
j-reggae,2863904.5,20,122.0,1677
musica sinaloense,2836690.4,7,87.71,1678
jordanian pop,2836391.458333333,302,104.49,1679
detske pisnicky,2822532.166666667,30,145.53,1680
mande pop,2801924.4345238092,103,117.74,1681
rock mineiro,2801488.766233766,52,150.96,1682
gym hardstyle,2773293.0,53,146.11,1683
shatta,2767851.1714285715,98,135.46,1684
liedermacher,2757322.750000001,105,141.92,1685
assamese pop,2740741.75,50,91.42,1686
cumbia amazonica,2739982.2142857146,31,97.35,1687
alternative country,2734982.005716506,290,157.78,1688
kizomba cabo-verdiana,2699811.1999999983,305,100.86,1689
finnish edm,2656725.5833333335,84,122.14,1690
jazz boom bap,2654098.2999999984,126,108.63,1691
tallava,2651584.200000002,158,130.02,1692
power metal,2640401.822619047,166,133.92,1693
kermis,2639183.1333333333,25,133.84,1694
electra,2637780.7823763946,368,134.32,1695
korean singer-songwriter,2620650.916666667,119,145.6,1696
rap italiano old school,2593490.052380952,17,118.82,1697
japanese indie pop,2578976.0,36,128.33,1698
korean indie rock,2575901.0833333326,132,140.98,1699
austrian indie,2572841.416666666,205,132.93,1700
swiss rock,2567193.8500000006,175,128.42,1701
afghan pop,2555459.6527777775,69,123.94,1702
kolsche karneval,2553711.5,19,160.37,1703
rap montrealais,2550610.6749999993,68,129.51,1704
rap tuga underground,2548862.1666666665,95,106.4,1705
swedish garage rock,2541693.9999999995,48,117.98,1706
argentine alternative rock,2537207.875000001,61,126.89,1707
double drumming,2528427.4015151504,659,165.18,1708
english indie rock,2528415.1523809526,80,185.55,1709
canzone d'autore,2526287.3571428573,95,144.81,1710
italian tenor,2524109.603571429,103,134.06,1711
polish rock,2519506.25,45,113.56,1712
sigilkore,2508511.5,167,125.17,1713
disco polo,2499527.0,15,154.2,1714
balearic,2498522.6333333333,42,121.67,1715
classic greek pop,2479249.25,269,99.58,1716
norsk lovsang,2476773.866666667,90,124.52,1717
gospel singers,2476773.866666667,90,124.52,1718
classic colombian pop,2473210.683333333,99,122.8,1719
reggae rock,2467880.0,50,157.9,1720
vaqueiro,2460078.0,11,177.64,1721
nz christian,2441366.8642857154,218,112.7,1722
macedonian folk,2421945.5952380938,863,103.89,1723
thai folk rock,2414690.5,147,109.81,1724
belarusian indie,2409897.833333333,240,124.46,1725
dutch idol pop,2401180.3333333335,21,90.67,1726
classic belgian pop,2394565.233333333,229,115.86,1727
finnish heavy metal,2381221.116666667,127,126.58,1728
latin afrobeat,2364659.786589576,580,146.29,1729
classical tenor,2357942.736904762,104,135.06,1730
italian progressive rock,2353499.5,51,129.1,1731
cuban alternative,2351662.2,48,121.48,1732
swiss trap,2349294.9642857146,105,102.5,1733
maltese pop,2344967.3333333335,141,121.33,1734
flamenco fusion,2333873.7428571433,40,125.83,1735
chicha,2326098.0296992483,105,156.24,1736
neo r&b,2285201.4,53,105.15,1737
hungarian underground rap,2281425.616666667,285,139.31,1738
bronx drill,2268781.475,26,120.38,1739
ukrainian folk rock,2268017.5166666666,232,111.04,1740
uwielbienie,2267344.0,12,164.0,1741
spanish reggae,2266132.333333333,23,99.61,1742
soul flow,2262516.9878787883,112,67.06,1743
violao,2261840.5999999996,19,81.63,1744
comic metal,2251219.458333333,27,131.7,1745
cantautora argentina,2247318.7857142854,27,137.15,1746
nz dnb,2246833.166666667,83,87.87,1747
comedia,2238815.0,7,115.86,1748
classic country pop,2226714.4142857143,131,160.35,1749
cypriot pop,2213160.283333332,278,115.43,1750
sleep,2206065.3000000003,35,134.17,1751
samurai trap,2203650.3,18,115.83,1752
minimal techno,2203549.4412698396,151,133.85,1753
ukrainian post-punk,2190635.8333333335,83,82.98,1754
upstate ny rap,2184855.916666667,14,127.79,1755
bossbeat,2169628.958333333,53,140.02,1756
funky house,2155028.428571428,142,110.6,1757
oc rap,2142914.892307693,45,142.64,1758
malaysian tamil pop,2139202.9999999995,56,75.86,1759
tololoche,2131707.125,15,129.33,1760
american choir,2129877.714285714,14,156.0,1761
chillwave,2118387.6019480517,335,132.92,1762
estonian rock,2116167.7499999995,915,125.1,1763
german metalcore,2103377.333333333,14,136.93,1764
jazz trumpet,2095173.12012987,32,148.09,1765
german boom bap,2089981.8809523815,32,79.66,1766
dancehall guyanaise,2082176.9214285715,57,131.12,1767
harlem renaissance,2082084.342857143,22,155.32,1768
soul blues,2073691.3314213564,176,207.93,1769
chinese drama ost,2067860.6833333338,78,140.4,1770
funky tech house,2067153.4880952388,184,116.95,1771
classic russian pop,2062707.2833333332,118,104.86,1772
lebanese pop,2060974.0689393946,312,118.83,1773
new orleans jazz,2060467.1428571427,21,153.57,1774
dixieland,2056824.1428571427,20,153.0,1775
soul jazz,2049828.5111111114,57,165.84,1776
electro swing,2045326.3166666662,188,173.48,1777
bulgarian rock,2040726.2499999986,700,89.75,1778
jazz rap,2037079.8857142858,32,153.69,1779
slovak punk,2028787.1333333333,249,129.14,1780
musica paranaense,2025308.6000000003,38,129.29,1781
russian synthpop,2024731.133333333,65,89.42,1782
folktronica,2020556.6022727275,37,140.86,1783
progressive metal,2011559.4285714298,82,139.52,1784
jazz guitar,2006184.444444445,42,153.64,1785
dutch moombahton,2004650.8,67,141.82,1786
rap guineen,2001915.0,53,87.02,1787
rap geek,1954233.5,7,179.43,1788
karneval,1949022.0,14,162.93,1789
rawstyle,1940601.7395721923,52,84.13,1790
political hip hop,1934838.255827505,91,117.32,1791
otacore,1923479.0833333335,80,126.78,1792
jalsat,1912373.8333333335,149,111.17,1793
nz singer-songwriter,1895841.483333333,149,124.77,1794
drikkelek,1863481.3333333335,68,126.63,1795
classic azeri pop,1862955.0000000002,16,185.0,1796
malian blues,1859730.0595238095,56,108.46,1797
wassoulou,1859730.0595238095,56,108.46,1798
drama,1852365.6666666667,3,130.67,1799
australian singer-songwriter,1852130.5833333335,52,148.46,1800
austrian hip hop,1847787.8333333335,29,135.52,1801
arkansas country,1847201.0,35,141.09,1802
classic thai pop,1827152.6666666667,82,75.27,1803
vintage swedish pop,1821039.8833333335,26,109.62,1804
new delhi indie,1820971.1833333333,16,105.25,1805
latvian indie,1810256.7500000012,719,119.96,1806
copla,1809211.3333333335,14,107.57,1807
electrofox,1794601.571428571,78,116.97,1808
hyperpop en espanol,1791304.5,29,128.1,1809
chinese jazz,1782042.0833333333,171,143.01,1810
sesotho pop,1778078.3999999997,30,69.2,1811
sesotho hip hop,1778078.3999999997,30,69.2,1812
symfonicky orchestr,1768933.5,8,147.25,1813
pinoy city pop,1758164.9999999998,11,157.82,1814
modern blues,1754626.4222222222,37,200.16,1815
hardstyle,1742649.1830065362,53,94.53,1816
jumpstyle,1740610.8888888892,51,91.25,1817
afro drill,1733099.8750000002,42,83.71,1818
kurdish pop,1729811.3333333335,37,97.3,1819
afrikaans hip hop,1723244.8011904762,114,116.86,1820
viet remix,1721338.333333333,112,154.29,1821
riddim,1709785.3030303027,98,119.76,1822
psychokore,1702325.6666666665,46,113.07,1823
swedish metal,1697381.663888889,79,138.54,1824
deep minimal techno,1689006.2000000002,28,72.54,1825
lo-fi beats,1676680.583333333,28,123.11,1826
hong kong tv drama,1668942.0000000005,116,91.6,1827
muzica crestina,1664533.7999999998,37,176.68,1828
speed up brasileiro,1657887.0,2,127.5,1829
musica nicaraguense,1655619.7272727268,424,155.65,1830
balkan beats,1615063.6190476187,180,168.09,1831
sevdah,1608428.333333333,54,126.54,1832
freeform hardcore,1603519.7333333334,32,83.22,1833
finnish post-punk,1601674.0,39,105.72,1834
psychedelic trance,1598511.3333333333,44,134.27,1835
barnalog,1589712.8333333337,330,105.69,1836
hypnosis mic,1589522.0,19,132.89,1837
ska chileno,1587599.628985508,74,160.61,1838
firenze indie,1587554.2142857143,10,144.9,1839
classic hungarian pop,1586855.0999999996,170,135.16,1840
french shoegaze,1584454.1999999983,266,110.12,1841
tunisian pop,1584018.8460317457,472,105.42,1842
swedish power metal,1583861.4,66,131.44,1843
men chika,1582562.0,9,174.78,1844
rai algerien,1576756.8571428568,373,130.27,1845
indonesian emo rap,1571109.2619047617,41,98.0,1846
classic nz pop,1563886.8999999997,116,115.37,1847
kawaii future bass,1562987.80075188,17,128.71,1848
grenada soca,1561152.75,57,147.74,1849
porro,1558784.6654135336,56,144.32,1850
oslo indie,1555651.0666666664,27,90.81,1851
chinese idol pop,1554133.35,63,139.21,1852
german hyperpop,1552344.4047619049,7,142.29,1853
guadalajara indie,1527468.9642857143,33,181.45,1854
norrbotten indie,1505524.3333333335,28,144.75,1855
bornesange,1495507.0,19,165.58,1856
musica andina chilena,1485646.494064872,64,161.19,1857
indy indie,1482825.285714285,92,103.4,1858
drill dominicano,1452576.003318904,140,106.41,1859
sgija,1449163.65,54,76.11,1860
berlin minimal techno,1446176.25,12,152.83,1861
dong-yo,1443691.0000000005,41,162.9,1862
dark synthpop,1440533.0,141,125.24,1863
kenyan drill,1440077.0999999999,52,91.0,1864
deep acoustic pop,1432976.090909091,24,100.79,1865
folclor colombiano,1432463.0507575758,86,126.53,1866
compositional ambient,1432274.496428571,275,165.56,1867
pop romantico,1430576.9485772357,26,138.31,1868
speed up turkce,1427351.0,3,124.0,1869
south african deep house,1419137.7333333332,78,85.99,1870
middle east hip hop,1418381.166666666,214,130.66,1871
surinamese hip hop,1417332.5833333333,16,108.31,1872
nordic folk,1411850.9999999998,13,70.23,1873
merengue,1408981.5807200929,271,123.28,1874
cuatro venezolano,1397808.4999999993,281,181.77,1875
cruise,1394664.5083333333,69,103.01,1876
russian trap metal,1379179.6666666667,84,87.58,1877
york indie,1378495.761904762,610,157.06,1878
volksmusik,1373754.0,15,129.53,1879
chanson humoristique,1357977.75,16,118.88,1880
belgian techno,1356952.333333333,126,116.58,1881
chinese minyao,1354254.0595238095,137,135.59,1882
bulgarian r&b,1348055.6666666665,229,89.86,1883
mexican classic rock,1347386.6628787874,303,120.86,1884
anti-folk,1339901.0227272727,107,172.75,1885
seattle indie,1322272.7785714287,15,132.47,1886
canadian folk,1317196.059090909,222,143.81,1887
belgian dnb,1309263.3333333333,30,89.93,1888
musica andina,1308872.5273982056,59,167.34,1889
ukrainian edm,1283238.7833333337,129,105.44,1890
magyar retro dance,1276661.7500000002,162,100.5,1891
uplifting trance,1269928.9338994334,162,131.44,1892
desert blues,1247416.490079365,43,133.65,1893
chopped and screwed,1245079.2105263153,32,139.09,1894
rock alternativo espanol,1244057.4375,30,133.07,1895
rap liegeois,1219794.0,14,176.07,1896
pink noise,1205396.25,152,127.57,1897
tin pan alley,1205084.4999999998,20,91.35,1898
baglama,1193987.0000000002,35,112.74,1899
palestinian hip hop,1191023.6666666667,197,128.18,1900
japanese disney,1186626.0,14,137.86,1901
musica nortena chilena,1178965.9956521739,51,168.75,1902
classic venezuelan pop,1178318.1166666665,148,123.53,1903
slow game,1169888.9166666665,52,110.46,1904
chillhop,1169519.35,21,111.86,1905
gaita zuliana,1157399.9166666663,145,123.2,1906
musica costarricense,1154871.525,137,127.9,1907
cello,1145819.276984127,66,106.05,1908
trap peruano,1145023.1,16,149.19,1909
guatemalan pop,1120025.1540293035,492,171.09,1910
melodic metal,1116839.5833333335,51,145.45,1911
nashville sound,1114393.0952380956,76,162.63,1912
washington indie,1107324.6666666667,15,198.67,1913
vietnamese pop,1105815.8666666667,96,125.99,1914
finnish power metal,1105263.464285714,79,122.51,1915
lao pop,1086620.5,24,134.46,1916
indie extremena,1077160.0,16,150.19,1917
finnish choir,1072777.5857142857,31,54.97,1918
rap regio,1070485.8333333335,9,127.78,1919
yugoslav rock,1063753.0,18,141.67,1920
brazilian percussion,1060611.1398046396,17,123.0,1921
rap guarulhense,1055477.5,17,156.82,1922
indonesian indie rock,1052165.75,50,159.38,1923
anthem worship,1046136.3333333334,150,140.07,1924
musica tradicional cubana,1041731.1402439025,13,61.54,1925
son cubano,1039072.75,7,77.14,1926
tribal house,1033444.7499999998,56,83.8,1927
romanian electronic,1029633.4999999999,134,105.81,1928
welsh hip hop,1023820.9999999999,15,104.93,1929
rock keyboard,1019380.642857143,335,168.63,1930
florida drill,1018978.8696581197,21,134.81,1931
kyushu indie,1013056.8,10,155.5,1932
uk christian rap,1011100.1666666665,29,124.62,1933
french soundtrack,1009285.3333333336,224,156.01,1934
rock chapin,1005636.9642857146,457,174.77,1935
plug brasileiro,1001863.2142857143,9,131.89,1936
boston rock,1001745.6666666667,68,145.54,1937
pony,1000100.7999999997,41,119.73,1938
yogyakarta indie,997790.0,3,185.0,1939
indonesian punk,997790.0,3,185.0,1940
malayalam pop,993233.5,6,169.0,1941
big beat,993066.9095238093,213,135.22,1942
kleine hoerspiel,992232.5,5,175.4,1943
greek indie,992158.5095238095,89,110.51,1944
baltic post-punk,978059.2333333334,319,129.74,1945
dutch blues,972253.625,46,108.22,1946
streektaal,972253.625,46,108.22,1947
ambient house,959199.0,26,163.12,1948
doo-wop,954921.334920635,57,138.79,1949
spanish modern rock,953552.5416666669,43,164.49,1950
naija worship,949557.407142857,43,135.37,1951
uk post-punk,946850.2329670329,47,180.7,1952
frenchcore,942899.9,11,123.0,1953
classic danish rock,925971.5,32,109.88,1954
argentine punk,923439.6666666667,95,181.86,1955
brazilian power metal,913701.0,186,145.83,1956
experimental hip hop,905698.5147435899,25,140.76,1957
musica para criancas,903313.5714285714,13,108.0,1958
nashville indie,902824.5499999998,270,180.51,1959
german country,898709.2142857143,54,135.39,1960
xtra raw,898604.4,10,118.5,1961
rap tico,890893.0000000001,39,62.79,1962
lapland hip hop,886420.15,97,146.14,1963
dresden indie,870489.3333333334,5,124.8,1964
kora,869264.125,26,114.96,1965
finnish electro,859751.1166666667,54,129.43,1966
kabyle,857805.75,109,140.23,1967
kaseko,850846.6000000002,22,95.95,1968
terrorcore,844042.0,30,109.17,1969
colombian indie,838414.5,12,164.67,1970
campursari,836361.0000000001,21,152.33,1971
nz folk,831540.7142857143,29,95.0,1972
koledy,830280.3333333334,7,144.43,1973
new age,827883.0,22,148.73,1974
liquid funk,826837.0714285714,43,99.56,1975
dutch musical,823435.0,12,123.58,1976
indie jazz,819165.9272727274,30,147.43,1977
cleveland indie,816215.5,15,130.33,1978
sludgecore,813006.0000000001,4,99.75,1979
czech alternative rap,809595.25,34,68.03,1980
venda pop,807543.4666666669,88,121.47,1981
portuguese indie,806036.1666666666,95,134.93,1982
uk garage,799063.6659090909,64,98.53,1983
cyber metal,797914.6666666669,40,129.75,1984
mega funk,797326.0,1,198.0,1985
jazz fusion,796154.9383838383,56,146.27,1986
parody,795925.6666666665,39,145.38,1987
rautalanka,790182.6666666667,17,118.41,1988
french movie tunes,785886.0,28,162.61,1989
indie tico,785462.2857142858,42,150.62,1990
nueva ola chilena,782137.8333333334,4,111.5,1991
rebel blues,761996.0833333333,44,153.95,1992
auckland indie,759937.7011904762,244,123.95,1993
lagu iban,757414.25,54,134.11,1994
puerto rican rock,757211.8114452802,518,143.39,1995
estonian indie,751497.5999999999,304,110.39,1996
pinoy edm,751158.0000000001,12,139.67,1997
dutch tech house,750714.6666666667,12,106.83,1998
phonk brasileiro,748220.0,37,152.08,1999
yemeni pop,745629.75,96,113.42,2000
garage house,743176.5,36,75.47,2001
ambient worship,740153.0,8,146.13,2002
groove metal,735967.0,38,155.24,2003
rap underground mexicano,735122.0000000001,6,137.33,2004
ambient,729315.7833333333,9,214.0,2005
deep disco house,728312.6714285715,29,95.62,2006
paraguayan indie,723843.666666667,62,134.48,2007
australian underground hip hop,723205.5011904762,29,166.97,2008
bc underground hip hop,719576.6666666667,36,120.56,2009
czsk hyperpop,717469.5666666665,84,117.37,2010
rhythm and blues,716570.7777777778,27,122.3,2011
greek swing,714633.1666666669,74,111.64,2012
ambient folk,714265.4999999999,13,187.77,2013
old school dancehall,714044.2275751209,120,111.78,2014
cypriot hip hop,713336.833333333,158,102.77,2015
indie folk italiano,713081.5,6,135.5,2016
puirt-a-beul,711818.9666666668,16,131.88,2017
classic city pop,710321.25,11,169.18,2018
australian children's music,704012.0,3,80.67,2019
musica paraibana,702337.5,4,167.5,2020
polish synthpop,702321.8666666667,9,142.11,2021
german indie rock,701991.7999999999,58,48.91,2022
jump up,697431.0454545454,151,93.19,2023
munich indie,691530.7999999999,55,41.27,2024
microhouse,688700.0857142857,35,153.11,2025
progressive trance,685506.3267565767,140,135.09,2026
leicester indie,683097.7142857144,16,140.81,2027
alternative roots rock,676056.0,7,139.71,2028
buffalo hip hop,675888.6666666666,8,97.63,2029
taiwanese indigenous,671374.1666666666,53,121.43,2030
south african rock,669660.0666666665,138,185.13,2031
zambian hip hop,667544.35,7,100.14,2032
telugu hip hop,664846.75,6,143.83,2033
italian lounge,661094.1904761905,28,159.64,2034
norwegian alternative rock,660357.7142857143,16,52.94,2035
rogaland indie,660357.7142857143,16,52.94,2036
dark cabaret,660357.7142857143,16,52.94,2037
norwegian gospel,659825.0,7,126.71,2038
alabama indie,659384.6,29,183.52,2039
czech singer-songwriter,646868.6666666667,161,113.37,2040
k-rock,642594.0833333334,82,133.46,2041
keroncong,641195.5,36,109.31,2042
quebec indie,639635.0238095237,128,94.59,2043
school choir,637249.6666666667,9,111.56,2044
visor,636943.0,18,133.06,2045
dansk comedy,636848.9,15,115.07,2046
venezuelan rock,636642.125,81,132.05,2047
portuguese folk,635364.3333333334,14,164.21,2048
iraqi hip hop,635346.5,43,45.0,2049
gothic symphonic metal,630519.5188311689,45,130.24,2050
arab electronic,630288.9999999999,34,91.35,2051
doujin,626365.3333333334,27,146.41,2052
breakbeat,622098.4333333335,109,157.71,2053
rave,622098.4333333335,109,157.71,2054
czech folk rock,620689.6499999999,146,113.42,2055
shibuya-kei,620085.7857142859,41,147.34,2056
italian post-hardcore,616564.25,10,158.7,2057
cumbia salvadorena,615226.7666666667,90,136.7,2058
rock alternativo brasileiro,611250.9166666667,38,185.63,2059
sleaze rock,610210.7833333334,43,125.37,2060
irish country,608864.3653846154,14,132.43,2061
christchurch indie,608425.0,20,119.45,2062
industrial pop,604134.6571428572,26,149.08,2063
philly drill,604050.75,7,178.43,2064
musica mocambicana,602577.0,81,105.1,2065
sovietwave,602048.3333333331,117,147.15,2066
hard rock brasileiro,594824.6,31,175.32,2067
idol game,591649.0,5,154.0,2068
synth funk,590187.75,27,160.48,2069
gypsy punk,588874.9999999999,46,99.17,2070
musica sarda,584729.0,9,129.78,2071
ska,575621.8000000002,8,154.0,2072
morna,572376.9166666667,27,113.33,2073
idol kayo,570904.25,15,154.2,2074
finnish hard rock,569045.65,45,120.84,2075
japanese underground rap,568687.3333333334,11,141.0,2076
indie napoletano,565988.0,1,85.0,2077
punjabi lo-fi,561630.0,9,40.11,2078
icelandic jazz,558412.2999999999,168,117.42,2079
concepcion indie,555371.8,35,187.66,2080
abstract beats,552796.714285715,428,156.43,2081
nashville hip hop,550023.0,1,199.0,2082
polish blues,548412.75,13,135.15,2083
portuguese indie rock,547912.0000000002,74,125.26,2084
musica etnica,542259.0,1,89.0,2085
reggae maghreb,542069.0166666668,100,96.56,2086
ontario indie,537120.4666666667,18,147.5,2087
kingston on indie,536480.7999999999,17,141.76,2088
psychedelic soul,535037.75,42,192.19,2089
screamocore,533707.0,3,117.67,2090
plugg francais,527287.5,4,138.25,2091
vogue,522295.9603174603,22,118.36,2092
swedish melodic rock,521816.1666666667,8,126.63,2093
vincy soca,521438.45454545453,18,124.72,2094
proto-hyperpop,520777.8095238095,30,158.5,2095
disney italiano,515710.0,2,175.0,2096
progressive thrash,512019.3666666667,46,103.7,2097
finnish progressive metal,512019.3666666667,46,103.7,2098
vinahouse,511938.66666666657,41,161.37,2099
tipico,510345.1,72,155.15,2100
gothic metal,507394.0604978357,57,125.07,2101
indian electronic,504092.1428571429,52,53.98,2102
hengelliset laulut,498753.0,10,147.4,2103
maskandi,497576.00000000006,16,55.44,2104
bitpop,497132.8380952381,28,178.64,2105
finnish folk,496632.9166666666,16,81.06,2106
warrington indie,494093.5,5,146.4,2107
dutch classical piano,492145.0,10,119.7,2108
entehno,490286.826190476,190,140.86,2109
microtonal,487302.5714285714,205,79.95,2110
arab folk,487302.5714285714,205,79.95,2111
palestinian pop,484205.6333333333,86,110.47,2112
disney suomi,482333.75,26,118.81,2113
punk 'n' roll,482166.0,23,146.35,2114
viet edm,481775.9999999999,36,155.78,2115
classic house,480836.3055555555,52,146.73,2116
korean city pop,475801.4952380953,41,130.66,2117
french psychedelic,474785.25,8,163.5,2118
nasyid,473103.65,32,108.13,2119
rap toscana,471307.5,3,79.67,2120
8d,468619.0,2,158.0,2121
jersey club,465854.1111111111,43,117.3,2122
ukrainian folk pop,465539.99999999994,36,83.17,2123
reggae cristao,463961.0,1,194.0,2124
pop folk,463033.93939393945,7,145.29,2125
strut,460387.13333333336,19,152.95,2126
polynesian hip hop,456841.4499999999,51,61.88,2127
alt-idol,456693.0,1,61.0,2128
norwegian contemporary jazz,454234.69047619053,12,117.42,2129
glee club,453666.0000000001,39,154.51,2130
latin christian,447915.30476190476,71,161.68,2131
latin worship,445284.4714285714,69,157.03,2132
pop catracho,442071.28279220784,137,131.91,2133
stoner metal,441334.7777777777,20,153.15,2134
beat italiano,440466.0,12,80.33,2135
neue deutsche welle,438686.2428571429,16,122.5,2136
indie dream pop,435326.1444444445,19,171.47,2137
college a cappella,432631.7023809523,88,169.82,2138
russian minecraft,430588.0,10,150.2,2139
jazz,418024.66060606064,26,146.31,2140
chinese soundtrack,416770.0,7,98.71,2141
folclor afrocolombiano,416420.80982190336,50,153.0,2142
dutch disney,413783.0,4,179.5,2143
deconstructed club,412552.6047619048,16,113.31,2144
muzica etno,408459.0,25,112.12,2145
classic k-pop,407463.0,30,140.0,2146
italian ska,406103.5,3,111.0,2147
xhosa hip hop,402701.6666666666,22,102.64,2148
violin,400461.5683982682,75,135.25,2149
hopebeat,398510.91540404054,70,157.37,2150
kalmar indie,394538.0,4,157.0,2151
electric bass,394495.6,24,146.25,2152
melodic death metal,394217.7222222223,53,148.42,2153
post-disco,392381.1666666667,12,168.08,2154
dancehall colombiano,391107.0,39,119.74,2155
svensk progg,390124.6,13,147.38,2156
trondheim indie,385112.3333333333,22,99.23,2157
chinese new year,382595.0,6,133.33,2158
mbalax,379544.0972222223,17,159.53,2159
rap paraguayo,379264.8333333332,54,150.8,2160
umbanda,379243.9047619048,2,175.0,2161
malaysian punk,377557.6666666667,33,151.52,2162
musique peule,377393.2222222223,16,161.69,2163
griot,377393.2222222223,16,161.69,2164
bongo flava,373203.13571428566,15,163.13,2165
australian garage punk,371089.0,14,144.21,2166
ska jazz,367302.29999999993,32,156.38,2167
finlandssvenska musik,366283.3333333334,16,168.44,2168
icelandic classical,364555.375,79,87.89,2169
ambeat,360581.5333333333,19,176.79,2170
classic bhangra,360559.80952380947,16,96.0,2171
russian witch house,354839.95238095237,17,107.47,2172
rap ecuatoriano,354119.16666666657,16,154.88,2173
macedonian hip hop,354105.511904762,155,100.03,2174
south african underground rap,353975.49999999994,10,73.6,2175
swedish punk,353897.50000000006,10,153.6,2176
polish punk,353599.0,18,24.28,2177
musica aragonesa,351675.83749999997,64,182.92,2178
tanzanian pop,350957.85,10,164.8,2179
latin viral rap,348877.1666666666,5,163.0,2180
bard,348042.66666666657,26,56.85,2181
icelandic punk,344674.75,90,95.02,2182
luk thung,344185.0,27,114.52,2183
igbo pop,343982.9825396826,72,128.99,2184
korean electropop,343136.07857142854,34,125.82,2185
beach music,341462.77777777775,14,135.36,2186
south african gospel,339973.27380952385,27,118.63,2187
thai instrumental,339830.0,8,44.88,2188
diva house,338979.83787878783,18,179.06,2189
swedish blues,338819.39999999997,9,118.56,2190
hawaiian,337928.888888889,15,167.53,2191
bounce,336579.1111111111,47,160.43,2192
swedish choir,334718.0,2,169.0,2193
musica gaucha,334454.1666666667,4,148.0,2194
pokemon,329888.5,9,170.33,2195
vintage chanson,328621.0,2,115.5,2196
dominican indie,326046.5,71,156.75,2197
hokkien pop,325674.75,18,85.5,2198
djecje pjesme,325265.0,17,109.94,2199
salsa international,325206.35,16,163.25,2200
norwegian choir,324547.9666666667,10,161.2,2201
collage pop,324535.5625,90,38.82,2202
belarusian rock,323736.19999999995,20,166.5,2203
zouglou,320797.59999999986,31,63.97,2204
finnish blues,319426.5,20,163.6,2205
marrabenta,319121.0,51,90.02,2206
witch house,317395.95238095237,14,101.14,2207
icelandic post-punk,314564.5833333333,74,87.16,2208
finnish new wave,309901.80000000005,26,179.69,2209
canadian metal,309564.8111111111,17,157.29,2210
slovak electronic,309146.25,39,104.38,2211
korean dream pop,308635.4166666666,46,147.48,2212
philly indie,308118.3571428571,20,163.65,2213
german soundtrack,307692.1547619048,66,118.08,2214
manitoba country,307676.0,1,192.0,2215
finnish melodeath,306659.125,43,142.23,2216
latvian rock,306350.8,69,112.93,2217
reggae peruano,302757.38095238095,11,165.91,2218
ghettotech,302368.5454545454,20,151.5,2219
zespol dzieciecy,301041.0,2,94.0,2220
norwegian americana,299993.75,10,153.2,2221
spirituals,299372.45721925126,31,141.35,2222
chamber psych,297247.7291666666,89,39.63,2223
finnish jazz,297058.5,5,117.6,2224
hyperpop italiano,297043.6,3,129.0,2225
palestinian traditional,295260.29999999993,75,109.84,2226
african rock,292497.50000000006,53,162.15,2227
muzica moldoveneasca,292036.3333333334,19,82.16,2228
nz gangsta rap,291828.19999999995,27,89.37,2229
polca paraguaya,290646.3333333333,37,174.65,2230
san marcos tx indie,289545.76666666666,31,163.94,2231
futuristic swag,288329.0,4,191.75,2232
burkinabe pop,288290.625,28,150.07,2233
deep soft rock,287496.4285714286,3,150.33,2234
chinese audiophile,286994.86666666664,86,155.84,2235
antiviral pop,286667.0833333333,58,157.55,2236
chinese indie rock,283108.99999999994,47,112.0,2237
twee pop,283108.99999999994,47,112.0,2238
grave wave,282417.02669552667,75,170.23,2239
japanese garage rock,281937.80952380947,14,155.36,2240
finnish death metal,280697.4583333333,40,139.9,2241
armenian folk,280532.3333333333,13,84.54,2242
peruvian indie,280435.71428571426,30,155.4,2243
cape town indie,279777.41785714286,61,115.67,2244
vocal trance,277738.85597735597,20,143.15,2245
russian alternative rock,268797.2,18,168.22,2246
chillstep,267795.573015873,45,126.29,2247
south dakota indie,267418.5,60,115.7,2248
brazilian ccm,266431.0,6,188.5,2249
italian jazz fusion,261900.6666666667,7,164.29,2250
neapolitan funk,261900.6666666667,7,164.29,2251
german tech house,261251.60000000003,13,104.77,2252
nova musica carioca,260410.40000000002,2,164.0,2253
dabke,258624.46666666656,77,113.18,2254
slowed and reverb,257417.5,17,148.76,2255
muzika l'yeladim,257198.0,7,123.0,2256
symphonic metal,256509.5188311688,27,106.0,2257
timba,256249.5,7,188.29,2258
opera metal,255935.06428571424,26,100.65,2259
post-punk,255860.732967033,13,118.54,2260
new wave of glam metal,255669.25,22,99.27,2261
indian underground rap,253598.25,7,169.86,2262
palestinian alternative,253223.7999999999,74,110.08,2263
rap gabonais,252767.5,3,164.0,2264
gabonese pop,252767.5,3,164.0,2265
indie cristao,251204.0,2,155.5,2266
electric blues,250322.14808802307,126,232.96,2267
deep uplifting trance,249942.85,5,183.0,2268
latvian folk,248959.3,68,103.13,2269
australian comedy,248642.0,20,191.4,2270
vintage french electronic,248226.99999999997,4,133.5,2271
kwaito,248201.8261904762,41,116.27,2272
swedish rock-and-roll,248028.25,4,94.0,2273
indie rock peruano,246343.0,27,152.26,2274
abstract hip hop,245727.6730769231,9,190.89,2275
blues,243357.0980880231,122,232.06,2276
traditional blues,242785.8980880231,121,231.96,2277
bouncy house,240277.00000000003,20,132.5,2278
trap angolano,239866.25,13,111.85,2279
australian techno,239779.0,5,156.8,2280
czsk electropop,238830.25,13,129.54,2281
sorani pop,237016.83333333334,4,166.5,2282
indie catala,235678.1333333333,7,183.29,2283
honeyworks,234310.75,3,126.67,2284
azeri pop,234221.0,7,145.86,2285
rock independant francais,234121.19999999998,35,167.09,2286
hiplife,233660.46190476188,17,132.18,2287
thrash core,233386.0,3,159.33,2288
chinese talent show,233250.5,3,72.67,2289
kompa gouyad,232688.0,2,123.5,2290
british orchestra,232484.06666666668,6,155.33,2291
nz electronic,231334.66666666663,29,85.97,2292
ukrainian alternative rock,230800.83333333334,24,110.79,2293
nwobhm,228446.25,29,148.1,2294
classical performance,227937.67936507938,23,162.52,2295
mod revival,227928.8,3,187.33,2296
hardwave,227125.0,11,109.0,2297
j-metal,226290.475,21,145.48,2298
luxembourgian hip hop,223997.0,120,129.06,2299
trap beats,222107.5833333333,8,149.13,2300
bali indie,221631.0,14,104.64,2301
french jazz,221475.86666666667,12,174.5,2302
classical bass,220552.36363636373,56,127.93,2303
kannada hip hop,220430.0,4,140.0,2304
nopixel,217686.5,10,218.1,2305
lullaby,217467.0,5,6.0,2306
vintage norwegian pop,217463.5,4,109.75,2307
japanese shoegaze,217227.2,6,157.0,2308
kuduro,215496.33333333334,15,140.13,2309
luxembourgian pop,215279.0,117,128.26,2310
kaneka,214822.3333333334,16,161.19,2311
latin funk,214185.68612836444,22,165.41,2312
classical piano,213568.9714285714,16,126.31,2313
classic dubstep,212678.88970588235,53,161.32,2314
classic latvian pop,212498.3,52,134.44,2315
austindie,212439.4444444444,24,148.71,2316
rap francais nouvelle vague,211702.8,5,128.6,2317
lustrum,211699.0,1,138.0,2318
musica para ninos,210255.39393939395,4,149.0,2319
turkish classical performance,210242.57142857142,15,119.67,2320
lao hip hop,210204.5,11,126.55,2321
writing,208664.4,3,99.33,2322
cedm,208094.81818181818,12,139.25,2323
bubble trance,206863.0,16,123.69,2324
baltic folk,206807.94999999998,101,112.67,2325
bomba,206573.0,1,148.0,2326
neue volksmusik,206378.2,9,145.11,2327
eventyr,206152.19999999998,13,150.77,2328
polish indie rock,203436.0,24,115.04,2329
classic anime,200417.66666666666,8,154.25,2330
deep big room,200355.09999999995,28,122.21,2331
cuatro puertorriqueno,194455.80000000002,18,133.39,2332
minneapolis sound,193677.5,20,156.3,2333
electronica venezuela,192833.0,7,92.43,2334
neo-manele,192727.0,6,93.17,2335
commons,191916.0,3,183.0,2336
narodna muzika,191696.0,112,101.92,2337
christian afrobeat,191623.16666666663,22,158.64,2338
mexican electronic,191620.0,1,72.0,2339
swedish hard rock,190337.56666666665,16,166.81,2340
rap anime,189706.16666666666,4,166.25,2341
swedish synth,188587.91666666666,7,165.29,2342
freak folk,188498.72727272726,1,113.0,2343
new weird america,188498.72727272726,1,113.0,2344
c86,188007.0,1,150.0,2345
dancehall chileno,187770.75,4,126.25,2346
mluvene slovo,187647.0,8,109.88,2347
intelligent dance music,186865.325,22,159.18,2348
classic peruvian pop,184015.5476190476,12,161.75,2349
hip hop cubano,182496.23333333334,21,163.71,2350
zikir,181640.5,15,140.27,2351
italian jazz,181636.33333333334,18,185.28,2352
electronic rock,181587.9,6,185.67,2353
nordic folk metal,180473.0,2,129.0,2354
supergroup,179349.99999999997,22,163.86,2355
sefardi,178407.66666666666,17,132.29,2356
irish rebel song,178369.0,4,107.5,2357
sega mauricien,177234.5,2,153.5,2358
nightrun,177112.0,13,167.23,2359
musica popular uruguaya,177105.25,48,155.83,2360
hard trance,176890.25,6,93.67,2361
italian new wave,176277.0,1,187.0,2362
scorecore,176007.6,53,131.4,2363
rock nica,172439.0,118,102.65,2364
musica llanera,171976.5257575758,31,146.42,2365
gospel r&b,170787.72549019608,2,122.5,2366
world fusion,169313.56666666668,22,123.27,2367
indie emo,167385.25,13,155.46,2368
lebanese indie,165925.0,20,111.1,2369
beninese pop,165651.8333333333,3,108.0,2370
bozlak,165057.0,9,183.56,2371
rock gospel brasileiro,165055.0,1,200.0,2372
libyan hip hop,164771.5,28,20.64,2373
christian hip hop,163749.8,63,156.86,2374
preschool children's music,163417.0,45,19.89,2375
gyerekdalok,163381.5,8,123.13,2376
lds youth,163033.8333333333,125,179.9,2377
choral,162756.2365079365,9,134.33,2378
scream rap,162231.70000000004,39,132.51,2379
flemish folk,159260.41666666666,33,118.79,2380
athens indie,158882.40000000002,19,214.74,2381
spacesynth,158797.83333333334,14,131.0,2382
prog quebec,158527.5,1,179.0,2383
chanson quebecois,158527.5,1,179.0,2384
wonky,157131.423015873,74,159.92,2385
super eurobeat,156471.125,27,108.48,2386
progressive doom,155676.625,25,145.44,2387
black punk,153377.5,11,123.27,2388
uk diy punk,153377.5,11,123.27,2389
big band,153118.98214285713,63,123.78,2390
industrial hip hop,151936.9230769231,2,142.5,2391
pakistani rock,151726.19999999998,35,112.69,2392
futurepop,150881.33333333334,30,142.4,2393
christmas instrumental,150727.95833333334,20,143.25,2394
rock catala,149255.8,6,181.0,2395
mestissatge,149255.8,6,181.0,2396
venda rap,148888.5,19,143.84,2397
merengue tipico,148806.6857142857,38,139.92,2398
cante flamenco,148085.66666666666,7,101.0,2399
musique guadeloupe,147578.95,17,135.88,2400
rap feminino chileno,147370.5909090909,10,166.8,2401
vintage broadway,145805.33333333334,6,202.5,2402
chamber orchestra,145139.37142857144,12,171.83,2403
panamanian rock,143880.20833333334,45,139.89,2404
japanese power metal,143109.4166666667,9,178.33,2405
deep soul house,142846.0,5,29.2,2406
rajasthani pop,142478.6,5,109.6,2407
musica afroperuana,141913.23684210528,24,165.17,2408
nerdcore,141516.0,3,145.0,2409
faroese indie,140382.3714285714,62,87.55,2410
murcia indie,140106.33333333334,1,118.0,2411
kawaii metal,139805.125,12,123.42,2412
idol rock,139805.125,12,123.42,2413
ukrainian electronic,139550.0,16,147.56,2414
vietnamese electronic,139057.0,5,121.2,2415
palm desert scene,138581.1565656566,17,169.29,2416
gospel drill,137646.33333333334,1,163.0,2417
wu fam,136905.41176470587,1,146.0,2418
estonian folk,136758.35,95,115.16,2419
old school highlife,136733.83333333334,5,187.0,2420
croatian pop,136149.0,32,74.66,2421
japanese post-hardcore,135945.59999999998,2,130.5,2422
classical,135868.59365079366,17,162.0,2423
samba de roda,134042.43434343435,3,115.33,2424
taiwan electronic,133710.8333333333,9,103.67,2425
pops orchestra,133132.25,6,214.5,2426
tagalog worship,130618.67857142857,6,161.5,2427
swedish fiddle,127799.3142857143,3,134.33,2428
float house,127552.55555555556,2,118.0,2429
chilena,127214.66666666667,1,188.0,2430
deep dance pop,125209.92857142858,35,184.23,2431
garage rock revival,123973.54707792208,12,169.58,2432
reggae tico,123824.0,9,144.67,2433
cerkes muzikleri,123823.0,7,116.43,2434
string orchestra,122435.57142857142,9,179.67,2435
deep latin alternative,122039.86231884059,15,181.27,2436
jazztronica,121630.63095238095,32,157.97,2437
faroese pop,121389.37142857142,62,88.29,2438
redneck,120700.66666666666,6,214.67,2439
ghent indie,119790.97727272728,14,175.14,2440
musica andina colombiana,118055.25,5,164.0,2441
brazilian jazz,116997.0,1,177.0,2442
draga,116965.16666666666,23,70.87,2443
viking folk,116255.37142857142,61,86.03,2444
rune folk,116255.37142857142,61,86.03,2445
german show tunes,116052.0,2,185.0,2446
glitch,116000.24107142858,50,131.78,2447
glitch hop,115473.8125,49,131.04,2448
kent indie,114520.03333333333,5,163.2,2449
swedish death metal,113520.2638888889,13,174.62,2450
swedish melodeath,113520.2638888889,13,174.62,2451
gothenburg metal,113520.2638888889,13,174.62,2452
world worship,113404.10714285713,31,174.35,2453
musica eletronica brasileira,112896.4,1,143.0,2454
ska punk,112830.0,31,229.16,2455
turkish electronic,112043.0,1,158.0,2456
salzburg indie,111530.0,30,115.33,2457
moderne ludovky,111066.46666666669,49,101.53,2458
classic tollywood,110792.49999999999,4,147.25,2459
early modern classical,109027.0,3,133.33,2460
swedish classical,108376.5,2,108.0,2461
bmore,107132.73809523809,14,123.71,2462
neo classical metal,106981.16666666666,10,81.8,2463
dainuojamoji poezija,106733.40000000001,56,152.46,2464
christian dance,106192.00000000001,41,163.51,2465
orchestral performance,105741.26984126985,6,91.0,2466
vbs,104940.0,3,135.67,2467
maltese hip hop,103723.83333333334,31,112.58,2468
guinean pop,103272.33333333334,3,72.33,2469
arabic jazz,101828.00000000001,7,27.0,2470
naat,101313.08333333333,15,113.27,2471
ecuadorian alternative rock,101259.66666666667,20,174.1,2472
ecuadorian indie,101259.66666666667,20,174.1,2473
icelandic choir,99378.63333333335,23,135.78,2474
serbian electronic,99207.0,5,107.6,2475
christian rock,98794.625,26,158.77,2476
modern southern rock,98291.5,5,191.6,2477
hungarian metal,98244.58333333334,22,123.91,2478
dusseldorf electronic,97281.20000000001,5,48.6,2479
vispop,97234.0,5,209.8,2480
banda carnavalera,96690.2,3,189.33,2481
baroque,96308.84126984127,9,154.11,2482
early music,96308.84126984127,9,154.11,2483
german baroque,96308.84126984127,9,154.11,2484
macedonian pop,96307.42857142854,53,86.75,2485
bulgarian electronic,95918.5,35,50.03,2486
dark techno,94791.33333333333,4,106.5,2487
scottish new wave,94435.475,8,162.25,2488
trinibad,94018.62156862745,17,108.24,2489
spanish punk,93668.66666666667,3,168.33,2490
ska espanol,93668.66666666667,3,168.33,2491
irish electronic,92466.0,7,118.57,2492
freestyle,92401.75,7,140.86,2493
stomp and flutter,92099.0642857143,23,178.0,2494
cambodian pop,91850.4,8,124.75,2495
magyar mulatos,91117.5,27,88.81,2496
funk mexicano,90787.16666666667,16,202.19,2497
canadian contemporary country,90198.79166666666,4,207.75,2498
cambridgeshire indie,90039.99999999999,12,214.25,2499
kenyan pop,89956.41666666666,12,178.58,2500
galician indie,89454.25,1,105.0,2501
south african choral,88793.14285714284,14,131.07,2502
ethereal gothic,87887.33333333333,1,89.0,2503
spanish indie folk,87116.4375,2,105.5,2504
ulkucu sarkilar,86777.49999999999,11,148.64,2505
samba-rock,86720.73333333335,16,166.69,2506
bhajan,86456.66666666667,2,115.0,2507
ai,85946.0,12,77.58,2508
black 'n' roll,85632.33333333333,18,142.33,2509
black speed metal,85632.33333333333,18,142.33,2510
new wave of speed metal,85632.33333333333,18,142.33,2511
nwothm,85632.33333333333,18,142.33,2512
hardcore breaks,85172.19999999998,6,165.67,2513
fluxwork,85000.57142857143,2,172.0,2514
russian chanson,84729.7,5,114.8,2515
uk bass,84549.80634920635,16,203.31,2516
jam band,84386.66666666666,53,196.45,2517
scenecore,84280.5,14,115.64,2518
vintage schlager,84197.0,6,169.33,2519
polish ambient,83448.0,2,113.0,2520
igbo rap,83136.44444444444,23,133.35,2521
nueva trova chilena,82936.69565217392,10,178.2,2522
christian trap,81531.83333333334,33,169.7,2523
khmer hip hop,81501.4,7,121.43,2524
polish post-punk,81409.0,6,159.67,2525
african electronic,81245.0,12,155.0,2526
irish pub song,80751.0,7,165.29,2527
belgian electronic,80598.97727272728,13,163.46,2528
organic electronic,79900.95238095238,15,174.93,2529
irish indie,79842.0,5,163.6,2530
south african soulful deep house,79633.40000000001,8,145.38,2531
dub,79409.66666666667,2,92.5,2532
chinese manyao,79362.0,2,187.0,2533
speed metal,79288.5,12,146.83,2534
swiss singer-songwriter,78966.5,7,111.71,2535
musica hondurena,78820.26666666666,12,142.58,2536
taiwan classical performance,78205.63333333333,11,141.09,2537
old west,78019.0,48,133.5,2538
pittsburgh rock,77824.33333333333,52,195.12,2539
gengetone,77741.84642857141,22,116.82,2540
japanese heavy metal,76740.75,8,181.25,2541
anime lo-fi,75868.0,6,119.83,2542
sevillanas,75840.75,1,175.0,2543
psychobilly,74842.66666666667,2,196.0,2544
gothabilly,74842.66666666667,2,196.0,2545
tanzanian hip hop,74605.43333333333,2,156.5,2546
indie singer-songwriter,74333.0,6,151.5,2547
burmese pop,74171.73333333334,7,121.86,2548
musica criolla,73661.73684210527,21,168.86,2549
deep liquid bass,73604.8,1,109.0,2550
taiwan metal,73524.25,5,125.4,2551
chinese metalcore,73524.25,5,125.4,2552
oakland indie,73205.35,24,107.08,2553
classic j-rock,72968.25,8,126.25,2554
musica costena,72129.6,15,125.6,2555
football,71923.0,1,197.0,2556
rap cristiano,71442.05476190476,34,146.88,2557
polish modern jazz,71369.0,1,174.0,2558
punk tuga,71117.0,6,154.67,2559
shred,70495.16666666666,7,51.14,2560
metal guitar,70495.16666666666,7,51.14,2561
afrobeat,69742.60851648351,13,177.38,2562
musica madeirense,69296.0,2,168.0,2563
dark rock,68742.66666666667,3,95.67,2564
heavy gothic rock,68704.0,20,150.7,2565
oulu indie,68332.75,3,169.0,2566
norwegian classical,67430.3,4,135.75,2567
musica nublensina,67086.14285714286,2,91.0,2568
kabarett,67050.4,3,35.33,2569
melodic hard rock,66899.5,6,39.17,2570
jazz venezolano,66864.20000000001,5,144.4,2571
beach house,66187.33333333334,3,174.0,2572
jazz orchestra,65653.42857142857,54,122.69,2573
italian classical piano,65291.0,1,118.0,2574
brazilian indie,63896.507936507944,12,193.42,2575
romanian indie,63601.666666666664,8,136.13,2576
crust punk,63558.017857142855,16,32.63,2577
modern power pop,62926.61428571428,4,177.5,2578
mississippi indie,62226.99999999999,17,182.82,2579
indie fuzzpop,62226.99999999999,17,182.82,2580
phleng phuea chiwit,61742.58333333333,6,85.17,2581
christian indie,60880.061904761904,6,235.0,2582
polish folk,59663.0,3,177.67,2583
bosnian pop,59564.0,1,20.0,2584
pop ambient,59547.28571428571,10,171.2,2585
hip-hop experimental,59004.0,3,226.67,2586
swazi pop,58469.28571428571,4,97.0,2587
electro-industrial,58457.857142857145,8,156.0,2588
asakaa,58038.26388888889,6,119.17,2589
skate punk,57527.06666666667,21,207.38,2590
classical organ,56645.55555555556,2,19.0,2591
historically informed performance,56645.55555555556,2,19.0,2592
xitsonga pop,56592.47142857142,16,102.69,2593
deep new americana,56018.96666666666,42,213.12,2594
polish contemporary classical,55996.0,2,155.0,2595
xinyao,54931.1568627451,10,140.8,2596
soviet synthpop,54628.0,2,112.0,2597
igbo trap,54503.644444444435,18,150.39,2598
alberta country,54422.625,3,213.67,2599
classic korean pop,54382.66666666667,8,87.5,2600
acid house,53819.6,2,197.0,2601
taiwan campus folk,52714.4,7,168.86,2602
milwaukee indie,52091.333333333336,1,143.0,2603
musica juiz-forana,51642.75,4,179.0,2604
norwegian punk rock,51451.333333333336,1,92.0,2605
instrumental surf,51138.0,1,193.0,2606
surf music,51138.0,1,193.0,2607
brisbane punk,50983.0,1,189.0,2608
rap norteno chileno,50571.0,1,154.0,2609
electroclash,50372.857142857145,5,145.6,2610
rock cristiano,49752.5,9,192.67,2611
nijisanji,48839.0,1,165.0,2612
cumbia ecuatoriana,48753.5,3,153.0,2613
goralski,48371.0,1,184.0,2614
progressive bluegrass,48290.19999999999,11,174.45,2615
samoan pop,47545.666666666664,3,181.33,2616
nashville americana,47290.02857142857,2,243.5,2617
shabad,46542.399999999994,4,124.0,2618
pinoy praise,45803.0,1,187.0,2619
beats,45731.333333333336,3,138.0,2620
trap cristiano,45471.00000000001,20,136.3,2621
hungarian folk,45385.183333333334,9,174.89,2622
waiata mo tamariki,45229.67261904762,5,172.8,2623
bernu dziesmas,44346.3,12,151.92,2624
turkish experimental,44329.166666666664,4,147.0,2625
uptempo hardcore,44295.5,1,168.0,2626
deep indie singer-songwriter,44195.0,1,172.0,2627
scratch,43259.5,2,74.0,2628
cumbia del sureste,42994.5,3,115.33,2629
indie salvadoreno,42992.0,13,131.92,2630
amharic pop,42897.5,3,118.33,2631
baltic classical,41820.5,9,94.0,2632
cancion infantil mexicana,41809.72727272727,2,106.5,2633
bay area indie,41762.85,5,142.0,2634
afrobeat brasileiro,41342.6888888889,11,190.27,2635
epicore,41034.083333333336,7,155.86,2636
early romantic era,40956.2,3,172.67,2637
french opera,40956.2,3,172.67,2638
french romanticism,40956.2,3,172.67,2639
small room,40823.15,5,167.0,2640
progressive uplifting trance,40707.8,12,165.67,2641
chamber ensemble,40440.37142857143,8,171.25,2642
queercore,40392.375,5,196.2,2643
japanese jazztronica,40198.7,8,121.0,2644
japanese indie rock,40075.75,3,150.33,2645
folklore peruano,39798.23684210527,17,172.29,2646
danish punk,39584.75,2,134.5,2647
livetronica,39035.899999999994,5,182.8,2648
latvian electronic,38258.66666666667,13,127.77,2649
haitian gospel,38232.857142857145,6,173.0,2650
kashmiri pop,37959.833333333336,4,127.0,2651
jewish hip hop,37770.66666666667,20,102.95,2652
finnish modern jazz,37724.5,2,164.5,2653
rap mocambicana,37405.2,2,107.5,2654
turkish metal,37153.0,2,171.0,2655
oriental metal,37153.0,2,171.0,2656
fantasy,37142.375,3,191.67,2657
classic greek rock,35762.909523809525,22,140.82,2658
zim hip hop,35692.5,2,64.5,2659
piano blues,35108.5,3,149.0,2660
progressive psytrance,34899.333333333336,4,139.75,2661
azeri traditional,34580.0,8,125.0,2662
pixel,34557.75,4,178.0,2663
murga,33957.16666666667,35,186.34,2664
japanese classical,33899.07142857143,4,171.5,2665
future funk,33875.75,3,158.0,2666
japanese old school hip hop,33662.33333333333,3,93.33,2667
japanese contemporary classical,32923.5,3,164.0,2668
japanese soundtrack,32923.5,3,164.0,2669
gnawa,32779.91428571428,7,97.29,2670
korean instrumental,32615.666666666668,21,172.62,2671
new age piano,32615.666666666668,21,172.62,2672
musica de intervencao,32492.833333333336,2,120.0,2673
taiwan graduation song,32260.300000000003,4,159.25,2674
west-vlaamse hip hop,32235.83333333334,11,147.09,2675
musica per bambini,32044.75,1,156.0,2676
brass band,31825.76923076923,7,180.86,2677
modern jangle pop,31442.5,19,97.89,2678
german choir,31420.3,3,173.0,2679
post-minimalism,31316.5,3,189.33,2680
icelandic metal,31171.666666666664,17,126.47,2681
japanese folk,31110.0,2,131.5,2682
slowcore,31002.228571428575,7,167.14,2683
grimewave,30779.285714285714,1,137.0,2684
botswana pop,30406.0,1,120.0,2685
chaabi marocain,30257.5,5,103.2,2686
dubsteppe,29758.333333333332,1,192.0,2687
kenyan hip hop,28874.200000000004,6,154.17,2688
lo-fi rap,28814.428571428572,1,200.0,2689
slovak folk,28601.466666666667,6,127.33,2690
ryukyu ongaku,28516.75,3,171.67,2691
protopunk,28326.31111111111,2,189.5,2692
panamanian indie,27757.333333333336,5,128.4,2693
stoner rock,27149.23611111111,13,169.69,2694
australian metalcore,27045.25,2,181.5,2695
montenegrin pop,26714.833333333332,4,179.0,2696
middle earth,26438.25,29,108.17,2697
hamilton on indie,26365.0,2,213.0,2698
impressionism,26121.785714285714,3,158.67,2699
finnish classical,26121.785714285714,3,158.67,2700
melodic groove metal,25961.666666666664,3,173.33,2701
kabyle moderne,25823.0,2,184.5,2702
singaporean electronic,25749.533333333333,7,186.57,2703
spanish folk rock,25621.4375,1,103.0,2704
seemannslieder,25472.75,2,170.0,2705
folklore cuyano,24866.0,3,137.67,2706
belgian new wave,24773.333333333332,1,86.0,2707
persian rock,24760.0,1,35.0,2708
canadian punk,24644.8,7,179.57,2709
canadian pop punk,24644.8,7,179.57,2710
dutch underground hip hop,24269.0,1,98.0,2711
south african country,24209.25,6,181.5,2712
british folk,24148.321428571428,11,209.18,2713
nyckelharpa,24052.714285714286,1,168.0,2714
hel,23838.666666666668,4,120.0,2715
south african jazz,23782.75,6,81.67,2716
healing,23767.333333333332,5,128.2,2717
chinese indie pop,23637.0,1,198.0,2718
musique mariage algerien,23127.0,15,138.93,2719
rumeli turkuleri,22952.833333333336,8,150.13,2720
musique mahoraise,22851.825,4,21.0,2721
galician rock,22748.444444444445,1,189.0,2722
galego,22748.444444444445,1,189.0,2723
punk galego,22748.444444444445,1,189.0,2724
gypsy fusion,22212.785714285714,12,104.25,2725
balkan brass,22212.785714285714,12,104.25,2726
spanish invasion,22165.5,8,170.0,2727
experimental bass,22030.0,1,198.0,2728
botswana hip hop,22012.5,2,146.5,2729
full on,21903.333333333336,3,154.0,2730
filthstep,21896.983333333334,5,176.8,2731
slovak indie,21882.25,11,166.45,2732
south african modern jazz,21872.666666666664,2,118.5,2733
minimal wave,21850.8,2,156.5,2734
coldwave,21850.8,2,156.5,2735
french post-punk,21850.8,2,156.5,2736
venezuelan indie,21656.5,8,153.38,2737
japanese jazz,21600.25,3,145.33,2738
electro jazz,21321.5,3,175.67,2739
muzica copii,21293.333333333332,4,194.0,2740
swancore,21258.0,1,176.0,2741
sepedi pop,20955.0,1,55.0,2742
nintendocore,20910.571428571428,2,140.0,2743
japanese dream pop,20669.0,1,158.0,2744
jazz puertorriqueno,20640.0,1,61.0,2745
zouk,19890.999999999996,17,182.82,2746
avant-garde jazz,19863.333333333332,1,120.0,2747
contemporary post-bop,19863.333333333332,1,120.0,2748
rozpravky,19858.666666666668,3,121.67,2749
classical cello,19708.37142857143,7,168.71,2750
korean indie folk,19538.0,5,176.6,2751
khmer,19483.399999999998,5,103.6,2752
reggae cover,19451.0,2,149.5,2753
coverchill,19451.0,2,149.5,2754
bossa nova cover,19451.0,2,149.5,2755
australian ska,19412.0,2,47.0,2756
rap moldovenesc,19165.333333333336,2,147.5,2757
punta rock,19072.266666666666,7,159.14,2758
austin hip hop,18736.0,2,103.5,2759
japanese jazz fusion,18719.2,3,144.33,2760
malawian hip hop,18711.233333333334,5,135.2,2761
canadian indie folk,18709.0,3,170.0,2762
folklore uruguayo,18499.0,2,108.5,2763
chasidic pop,18393.0,3,147.0,2764
brit funk,17903.5,3,182.67,2765
indie catracho,17841.0,2,176.0,2766
classic dutch pop,17777.0,4,135.5,2767
smooth soul,17567.235294117647,1,162.0,2768
rock drums,17528.466666666667,3,131.0,2769
boston punk,17494.666666666668,3,203.0,2770
underground rap,17468.977272727272,8,206.13,2771
bomba y plena,17389.2,3,161.33,2772
uk doom metal,17373.625,2,176.5,2773
vintage cantonese pop,17332.25,3,143.67,2774
anthem,17230.0,3,227.67,2775
makossa,17212.714285714286,4,164.75,2776
bisaya indie,17107.5,4,218.25,2777
saskatchewan indie,16865.88888888889,3,157.0,2778
musica tradicional dominicana,16639.485714285714,9,142.78,2779
eurobeat,16530.75,2,190.5,2780
kenyan alternative,16423.25,8,194.63,2781
mongolian pop,16163.4,7,133.0,2782
malayalam madh,16150.5,2,150.5,2783
leipzig indie,16136.0,1,215.0,2784
atmosphere,15636.5,2,187.0,2785
brazilian emo,15535.5,6,222.17,2786
portuguese jazz,15433.333333333334,1,93.0,2787
classic portuguese pop,15138.0,1,200.0,2788
musica tabasquena,15025.999999999998,6,134.67,2789
via,14800.0,1,196.0,2790
vintage finnish jazz,14748.75,2,149.5,2791
tijuana electronic,14744.0,1,236.0,2792
montreal indie,14657.5,1,73.0,2793
new orleans funk,14571.285714285714,2,161.5,2794
jazz trombone,14571.285714285714,2,161.5,2795
japanese girl punk,14496.166666666668,4,149.5,2796
canadian modern jazz,14461.0,3,132.33,2797
irish indie rock,14232.0,1,187.0,2798
tribute,14154.0,4,256.25,2799
quran,14132.0,1,171.0,2800
jovem guarda,13628.5,3,265.67,2801
pontian folk,13282.666666666666,1,200.0,2802
folklore ecuatoriano,13225.333333333334,1,195.0,2803
indie psych-pop,13223.875,7,203.71,2804
electronica chilena,13182.599999999999,3,173.33,2805
irish neo-traditional,13031.0,1,194.0,2806
columbus ohio indie,12878.666666666666,1,67.0,2807
decije pesme,12841.0,4,199.25,2808
westcoast flow,12767.6,3,115.33,2809
punk rock mexicano,12753.5,3,247.33,2810
emo mexicano,12753.5,3,247.33,2811
mexican pop punk,12753.5,3,247.33,2812
classic moroccan pop,12626.933333333334,3,96.33,2813
classic hungarian rock,12468.5,1,188.0,2814
denton tx indie,12446.625,4,252.75,2815
uk contemporary jazz,12321.977272727272,2,163.0,2816
long island punk,12300.75,2,165.0,2817
musiikkia lapista,12283.833333333334,1,73.0,2818
indonesian psychedelia,12255.0,5,137.8,2819
deep soundtrack,11956.333333333334,3,181.0,2820
opera,11681.966666666665,3,149.0,2821
latin classical,11512.0,3,141.0,2822
latin soundtrack,11512.0,3,141.0,2823
argentine ambient,11512.0,3,141.0,2824
judaica,11352.666666666666,1,162.0,2825
messianic praise,11352.666666666666,1,162.0,2826
classic soundtrack,11287.666666666666,3,146.67,2827
bath indie,11245.333333333334,1,182.0,2828
proto-techno,11096.4,1,177.0,2829
zolo,11096.4,1,177.0,2830
oi,10992.5,1,156.0,2831
german orchestra,10978.8,3,118.67,2832
qanun,10880.0,1,163.0,2833
raboday,10729.45,6,181.33,2834
bulgarian indie,10677.0,1,134.0,2835
singaporean indie,10543.5,1,191.0,2836
singaporean punk,10543.5,1,191.0,2837
boy pop,10297.0,1,77.0,2838
flint hip hop,10203.566666666666,2,153.5,2839
finnish worship,10110.4,1,151.0,2840
arab groove,10087.0,2,152.5,2841
libyan pop,10087.0,2,152.5,2842
swiss indie folk,10035.8,1,124.0,2843
maldivian pop,9899.0,1,61.0,2844
atlantic canada hip hop,9867.727272727272,2,182.0,2845
black comedy,9683.666666666666,1,112.0,2846
comedy,9683.666666666666,1,112.0,2847
hungarian choir,9487.333333333334,1,185.0,2848
slack-key guitar,9255.0,6,210.17,2849
ragga jungle,9223.533333333333,1,181.0,2850
jungle,9223.533333333333,1,181.0,2851
organic house,9218.0,1,160.0,2852
varmland rock,9198.25,1,238.0,2853
british soundtrack,9186.933333333334,3,145.33,2854
glam punk,9161.333333333334,1,141.0,2855
kannada pop,9065.4,3,130.0,2856
country gospel,9051.666666666668,2,256.0,2857
boogaloo,9048.75,2,118.5,2858
swiss alternative rock,9044.5,2,173.0,2859
dutch jazz,9043.714285714286,1,145.0,2860
jazz brass,9043.714285714286,1,145.0,2861
classic tunisian pop,8995.5,4,181.75,2862
georgian alternative,8968.0,1,171.0,2863
highlife,8875.19642857143,3,119.0,2864
university choir,8781.5,1,179.0,2865
indie cantabria,8759.666666666666,6,92.17,2866
rusyn folk,8742.8,3,133.0,2867
heligonka,8742.8,3,133.0,2868
vintage chinese pop,8711.823529411766,3,156.0,2869
kuduro antigo,8420.0,1,50.0,2870
lapland metal,8037.0,1,158.0,2871
reggaeton cristiano,7992.733333333334,3,166.0,2872
spacegrunge,7942.0,3,207.0,2873
indonesian worship,7934.25,2,153.5,2874
focus,7898.0,2,151.5,2875
background music,7898.0,2,151.5,2876
balkan folk metal,7759.0,1,140.0,2877
romanian metal,7759.0,1,140.0,2878
neoclassical darkwave,7622.0,16,235.81,2879
kinderliedjies,6850.5,1,112.0,2880
psychedelic pop,6749.0,3,248.0,2881
junior songfestival,6725.0,1,231.0,2882
deep folk metal,6706.0,9,159.22,2883
folk metal,6706.0,9,159.22,2884
viking metal,6706.0,9,159.22,2885
german post-hardcore,6678.333333333333,1,161.0,2886
zamba,6575.0,4,98.5,2887
louisville indie,6562.333333333333,1,266.0,2888
pastoral,6526.0,3,223.67,2889
meditation,6466.333333333333,1,171.0,2890
deep southern trap,6128.0,2,188.0,2891
little rock indie,6074.8,1,208.0,2892
arkansas indie,6074.8,1,208.0,2893
metal colombiano,6013.4,1,178.0,2894
zenonesque,5870.666666666667,1,181.0,2895
sotalaulut,5735.285714285715,1,199.0,2896
pub rock,5718.2532467532465,9,154.56,2897
deep east coast hip hop,5613.5,1,44.0,2898
lastelaulud,5572.0,1,177.0,2899
mexican rock-and-roll,5378.875,3,191.67,2900
austin americana,5345.0,7,155.0,2901
art punk,5236.071428571428,8,136.63,2902
japanese chillhop,5103.75,1,121.0,2903
mashup,5093.668449197861,7,165.86,2904
vapor house,5057.166666666667,7,63.71,2905
lo star,5037.8,1,144.0,2906
irish accordion,5028.615384615385,1,74.0,2907
deep discofox,5007.666666666667,8,106.13,2908
hungarian punk,4940.166666666667,1,91.0,2909
honky tonk,4810.4,1,148.0,2910
korean talent show,4798.0,1,150.0,2911
deep r&b,4705.5,3,105.67,2912
naija old school,4614.625,1,72.0,2913
magyar musicalek,4604.0,1,188.0,2914
hakkapop,4601.666666666667,2,241.0,2915
jazz piano,4530.799999999999,4,177.25,2916
space age pop,4530.799999999999,4,177.25,2917
west australian hip hop,4480.0,1,136.0,2918
malawian pop,4446.833333333333,1,93.0,2919
chicago blues,4425.0,1,174.0,2920
korean soundtrack,4412.0,1,174.0,2921
slayer,4340.0,2,168.5,2922
caracas indie,4242.714285714285,4,165.25,2923
bosnian indie,4234.0,4,148.5,2924
icelandic experimental,4177.875,4,161.75,2925
native american hip hop,4150.714285714285,8,159.63,2926
power pop,4139.848484848485,6,272.0,2927
tamil indie,4015.25,1,163.0,2928
cover acustico,3978.0,1,191.0,2929
estonian jazz,3977.3333333333335,2,111.5,2930
organic ambient,3897.0,1,184.0,2931
new jack smooth,3894.0,1,185.0,2932
lo-fi emo,3885.8,2,195.0,2933
ecm-style jazz,3865.2272727272725,2,219.5,2934
contemporary jazz,3865.2272727272725,2,219.5,2935
macedonian indie,3788.5,2,156.0,2936
israeli jazz,3665.7272727272725,1,174.0,2937
jazz double bass,3665.7272727272725,1,174.0,2938
punta,3566.6,2,178.5,2939
alternative americana,3512.0,2,258.5,2940
neo-crust,3500.0,1,172.0,2941
okc indie,3447.0,1,158.0,2942
canadian underground hip hop,3426.0,1,191.0,2943
french classical piano,3326.4,1,226.0,2944
western americana,3264.5,1,192.0,2945
vintage italian soundtrack,3066.0,1,135.0,2946
melodic power metal,3064.5,1,164.0,2947
french dnb,3043.3333333333335,2,145.0,2948
neurofunk,3043.3333333333335,2,145.0,2949
halftime dnb,3043.3333333333335,2,145.0,2950
indie nica,3022.0,2,182.5,2951
swiss house,3013.0,2,175.5,2952
covertrance,3005.0,2,89.0,2953
spectra,2896.8,3,146.67,2954
folclore tucumano,2838.3000000000006,10,116.1,2955
kelowna bc indie,2744.0,2,238.0,2956
rock baiano,2714.6,1,218.0,2957
cha-cha-cha,2658.3902439024387,6,43.33,2958
mambo,2658.3902439024387,6,43.33,2959
cuban rumba,2658.3902439024387,6,43.33,2960
dark jazz,2576.125,2,27.0,2961
new isolationism,2576.125,2,27.0,2962
dub metal,2576.125,2,27.0,2963
outsider house,2576.125,2,27.0,2964
weightless,2576.125,2,27.0,2965
experimental vocal,2551.0,1,179.0,2966
substep,2391.0,1,204.0,2967
chill guitar,2386.5,1,189.0,2968
calming instrumental,2386.5,1,189.0,2969
48g,2372.25,1,192.0,2970
chinese electronic,2318.8333333333335,3,83.67,2971
indie rock mexicano,2254.625,1,240.0,2972
dance-punk,2216.4,1,187.0,2973
shimmer psych,2066.25,2,232.0,2974
slamming deathcore,1987.5,1,127.0,2975
progressive deathcore,1987.5,1,127.0,2976
belgian indie rock,1936.7272727272727,1,190.0,2977
christian a cappella,1922.5,1,134.0,2978
chamber folk,1810.0,1,126.0,2979
canadian americana,1790.0,2,206.5,2980
koligeet,1735.875,1,121.0,2981
dark plugg,1725.3333333333333,1,54.0,2982
ukrainian experimental,1706.75,1,146.0,2983
ukrainian folk,1706.75,1,146.0,2984
drone,1626.875,3,156.0,2985
modern cello,1626.875,3,156.0,2986
gainesville indie,1504.125,3,196.33,2987
fnf,1435.75,1,148.0,2988
umea hardcore,1397.6666666666667,5,243.8,2989
post-hardcore,1397.6666666666667,5,243.8,2990
vegan straight edge,1397.6666666666667,5,243.8,2991
hardcore punk,1397.6666666666667,5,243.8,2992
swedish hardcore,1397.6666666666667,5,243.8,2993
swedish post-hardcore,1397.6666666666667,5,243.8,2994
musica andorra,1389.0,1,37.0,2995
classical soprano,1387.0,1,196.0,2996
noise rock,1348.5,1,231.0,2997
nuevo folklore mexicano,1310.7142857142858,1,117.0,2998
ethereal wave,1192.3333333333335,6,116.17,2999
post-rock,1192.3333333333335,6,116.17,3000
nordic post-rock,1192.3333333333335,6,116.17,3001
uk experimental electronic,1174.2,3,245.33,3002
rock potiguar,1151.6666666666667,1,250.0,3003
brazilian stoner rock,1151.6666666666667,1,250.0,3004
brazilian post-hardcore,1151.6666666666667,1,250.0,3005
german hard rock,1127.0,5,126.2,3006
czech indie,1104.3333333333335,2,193.0,3007
canadian indigenous,1076.5,1,238.0,3008
canadian indigenous hip hop,1076.5,1,238.0,3009
banjo,1052.9,2,168.0,3010
alaska indie,1048.6,1,246.0,3011
rock curitibano,1015.3333333333334,1,263.0,3012
melbourne indie,997.5,1,253.0,3013
space ambient,997.3333333333333,2,257.5,3014
digital hardcore,986.5714285714286,1,198.0,3015
final fantasy,975.5714285714286,1,194.0,3016
anime score,975.5714285714286,1,194.0,3017
chiptune,975.5714285714286,1,194.0,3018
japanese vgm,975.5714285714286,1,194.0,3019
braindance,920.2,2,239.0,3020
japanese edm,914.5714285714286,2,140.5,3021
canadian celtic,853.8,2,256.5,3022
nl folk,853.8,2,256.5,3023
bristol electronic,805.6666666666666,1,203.0,3024
neo kyma,748.6666666666667,2,89.0,3025
rumba catalana,656.6,1,250.0,3026
garifuna folk,651.6,1,182.0,3027
houston indie,607.0,1,209.0,3028
chicago punk,598.25,1,243.0,3029
bluegrass,592.5,1,92.0,3030
bluegrass gospel,592.5,1,92.0,3031
new england americana,592.5,1,92.0,3032
orgcore,571.5,1,245.0,3033
american post-rock,563.4,2,268.5,3034
ambient guitar,563.4,2,268.5,3035
instrumental post-rock,563.4,2,268.5,3036
ambient post-rock,563.4,2,268.5,3037
punk chileno,461.6,1,238.0,3038
sean-nos singing,460.4,1,244.0,3039
irish banjo,460.4,1,244.0,3040
roots worship,444.5,2,292.5,3041
acoustic blues,440.8888888888889,1,277.0,3042
idaho indie,390.83333333333337,2,257.0,3043
huayno popular,376.8333333333333,1,263.0,3044
stateside dnb,373.57142857142856,1,116.0,3045
acid rock,366.25,1,261.0,3046
proto-metal,366.25,1,261.0,3047
melodic techno,318.5,1,200.0,3048
latin tech house,318.5,1,200.0,3049
detski pesnichki,314.0,1,92.0,3050
musica popular mineira,304.0,1,257.0,3051
melodic thrash,260.5,2,145.0,3052
purple sound,254.0,1,258.0,3053
scottish electronic,254.0,1,258.0,3054
scottish hip hop,254.0,1,258.0,3055
albuquerque indie,244.2,1,257.0,3056
riot grrrl,213.6,1,243.0,3057
norwegian space disco,207.8,1,182.0,3058
greek guitar,207.14285714285714,1,178.0,3059
rebetiko,207.14285714285714,1,178.0,3060
philly soul,200.25,1,270.0,3061
modern jazz trio,199.5,1,265.0,3062
indiana hip hop,180.0,1,87.0,3063
jackin' house,111.92857142857143,1,46.0,3064
